[2025-08-25 20:28:15.526 CEST] [136.975] [-12.8/-49.6 dBFS] [36.8 dB] [1.2 ppm]
GROUND_X (Ground station, On ground) -> AIRCRAFT (Aircraft): Command
AVLC type: I sseq: 1 rseq: 2 poll: 0
 X.25 Call Accepted: grp: 11 chan: 255 src: 22677777 dst: 1116900402899
  Facilities:
   Max. packet size:
    From calling DTE: 256 bytes
    From called  DTE: 256 bytes
   Window size:
    From calling DTE: 4 packets
    From called  DTE: 4 packets
   Called line address modified: 0f
  Compression support: LREF, LREF-CAN
  M/I: 0
  ES-IS IS Hello: Hold Time: 65534 sec
   NET: 47 00 27 01 53 49 54 00 59 55 4c 00 01 08 00 20 ff ba 45 00	"G.'.SIT.YUL.... ..E."
   Options:
    ATN Data Link Capabilities: 01
    Mobile Subnetwork Capabilities:
     Permitted traffic: all
     Supported ATSC classes: A

[2025-08-25 20:28:15.676 CEST] [136.975] [-12.8/-49.3 dBFS] [36.5 dB] [1.2 ppm]
GROUND_X (Ground station, On ground) -> AIRCRAFT (Aircraft): Command
AVLC type: I sseq: 2 rseq: 2 poll: 0
 X.25 Data: grp: 11 chan: 255 sseq: 0 rseq: 0 more: 0
  X.25 reasm status: skipped
  X.233 CLNP Data:
   Src NSAP: 47 00 27 01 53 49 54 00 59 55 4c 00 01 08 00 20 ff ba 45 00	"G.'.SIT.YUL.... ..E."
   Dst NSAP: 47 00 27 c1 53 55 49 00 xx xx xx 01 01 55 4c 38 30 58 31 00	"G.'.SUI.K....UL80X1."
   Lifetime: 20.0 sec
   Flags: SP E/R
   Segmentation:
    PDU Id: 0x1734
    Segment offset: 0
    PDU total length: 140
    CLNP reasm status: skipped
   Options:
    LRef: 0x40
    QoS maintenance: 0xd6
    Security:
     Reg ID: 06 04 2b 1b 00 00
     Info:
      Traffic type:
       Type: ATN system management
       Category: none
       Route policy: 0x00
    Priority: 0x0e
   IDRP Open: seq: 2 ack: 0 credit_offered: 4 credit_avail: 0
    Hold Time: 900 seconds
    Max. PDU size: 3000 octets
    Source RDI: 47 00 27 01 53 49 54 00 59 55 4c	"G.'.SIT.YUL"
    RIB Attribute Set:
     RibAtt #0:
      Security:
       Reg ID: 06 04 2b 1b 00 00
    Auth mechanism: simple checksum


[2025-08-25 20:28:16.135 CEST] [136.975] [1.8/-49.1 dBFS] [50.9 dB] [0.3 ppm]
AIRCRAFT (Aircraft, On ground) -> GROUND_X (Ground station): Response
AVLC type: S (Receive Ready) P/F: 0 rseq: 3

[2025-08-25 20:28:16.439 CEST] [136.975] [-12.8/-49.2 dBFS] [36.4 dB] [1.2 ppm]
GROUND_X (Ground station, On ground) -> AIRCRAFT (Aircraft): Command
AVLC type: I sseq: 3 rseq: 3 poll: 0
 X.25 Data: grp: 11 chan: 255 sseq: 1 rseq: 1 more: 0
  X.25 reasm status: skipped
  X.233 CLNP Data (compressed header):
   LRef: 0x40 Prio: 14 Flags: 0xf6
   Lifetime: 20.0 sec
   PDU Id: 0x173b
   IDRP Keepalive: seq: 3 ack: 1 credit_offered: 4 credit_avail: 3

[2025-08-25 20:28:16.590 CEST] [136.975] [-12.9/-49.4 dBFS] [36.5 dB] [1.2 ppm]
GROUND_X (Ground station, On ground) -> AIRCRAFT (Aircraft): Command
AVLC type: I sseq: 4 rseq: 3 poll: 0
 X.25 Data: grp: 11 chan: 255 sseq: 2 rseq: 1 more: 0
  X.25 reasm status: skipped
  X.233 CLNP Data (compressed header):
   LRef: 0x40 Prio: 14 Flags: 0xf6
   Lifetime: 20.0 sec
   PDU Id: 0x173c
   IDRP Update: seq: 3 ack: 1 credit_offered: 4 credit_avail: 2
    Route:
     ID: 5204
     Local preference: 0
    Security:
     Reg ID: 06 04 2b 1b 00 00
     Info:
      Supported ATSC classes: A
      Subnetwork type:
       Subnet: VDL
       Permitted traffic: all
    RD path:
     RD_SEQ:
      47 00 27 01 53 49 54 00 00 00 01 0b 47 00 27 01 53 49 54 00 59 55 4c	"G.'.SIT.....G.'.SIT.YUL"
      47 00 27 01 53 49 54 00 59 55 4c	"G.'.SIT.YUL"
    RD hop count: 2
    Capacity: 12
    Reachability info:
     Protocol: CLNP
     Prefix length: 32
     Dest. address prefix: 47 00 27 01 20 47 00 27 81	"G.'. G.'."

[2025-08-25 20:28:17.507 CEST] [136.975] [-12.8/-49.6 dBFS] [36.7 dB] [1.2 ppm]
GROUND_X (Ground station, On ground) -> AIRCRAFT (Aircraft): Response
AVLC type: S (Receive Ready) P/F: 0 rseq: 4

[2025-08-25 20:28:17.962 CEST] [136.975] [1.8/-49.5 dBFS] [51.3 dB] [0.2 ppm]
AIRCRAFT (Aircraft, On ground) -> GROUND_X (Ground station): Command
AVLC type: I sseq: 4 rseq: 5 poll: 0
 X.25 Data: grp: 11 chan: 255 sseq: 2 rseq: 3 more: 0
  X.25 reasm status: skipped
  X.233 CLNP Data (compressed header):
   LRef: 0x40 Prio: 14 Flags: 0xf6
   Lifetime: 32.0 sec
   PDU Id: 0x3
   IDRP Keepalive: seq: 3 ack: 3 credit_offered: 3 credit_avail: 3

[2025-08-25 20:28:18.113 CEST] [136.975] [-12.9/-49.5 dBFS] [36.6 dB] [1.2 ppm]
GROUND_X (Ground station, On ground) -> AIRCRAFT (Aircraft): Command
AVLC type: I sseq: 5 rseq: 4 poll: 0
 X.25 Data: grp: 11 chan: 255 sseq: 3 rseq: 2 more: 0
  X.25 reasm status: skipped
  X.233 CLNP Data (compressed header):
   LRef: 0x40 Prio: 14 Flags: 0xf6
   Lifetime: 20.0 sec
   PDU Id: 0x174f
   IDRP Keepalive: seq: 4 ack: 2 credit_offered: 4 credit_avail: 2

[2025-08-25 20:28:18.571 CEST] [136.975] [1.9/-49.5 dBFS] [51.3 dB] [0.4 ppm]
AIRCRAFT (Aircraft, On ground) -> GROUND_X (Ground station): Response
AVLC type: S (Receive Ready) P/F: 0 rseq: 6

[2025-08-25 20:28:18.725 CEST] [136.975] [-12.8/-49.3 dBFS] [36.5 dB] [1.3 ppm]
GROUND_X (Ground station, On ground) -> AIRCRAFT (Aircraft): Response
AVLC type: S (Receive Ready) P/F: 0 rseq: 5

[2025-08-25 20:28:19.183 CEST] [136.975] [1.9/-48.8 dBFS] [50.8 dB] [0.5 ppm]
AIRCRAFT (Aircraft, On ground) -> GROUND_X (Ground station): Command
AVLC type: I sseq: 5 rseq: 6 poll: 0
 X.25 Data: grp: 11 chan: 255 sseq: 3 rseq: 4 more: 0
  X.25 reasm status: skipped
  X.233 CLNP Data:
   Src NSAP: 47 00 27 c1 53 55 49 00 xx xx xx 01 01 55 4c 38 30 58 31 01	"G.'.SUI.K....UL80X1."
   Dst NSAP: 47 00 27 81 83 65 75 00 11 50 59 00 01 00 00 47 47 31 31 01	"G.'..eu..PY....GG11."
   Lifetime: 32.0 sec
   Flags: SP
   Segmentation:
    PDU Id: 0x4
    Segment offset: 0
    PDU total length: 123
    CLNP reasm status: skipped
   Options:
    LRef: 0x00
    QoS maintenance: 0xd6
    Security:
     Reg ID: 06 04 2b 1b 00 00
     Info:
      Traffic type:
       Type: ATN operational
       Category: ATSC
       Route policy: 0x01
    Priority: 0x08
   X.224 COTP Connect Request:
    src_ref: 0x0032 dst_ref: 0x0000
    Initial Credit: 1
    Protocol class: 4
    Options: 00 (use normal PDU formats)
    TPDU size (bytes): 1024
    Called/responding transport selector: 01 01
    Calling transport selector: 63 6d
    Priority: 6
    Additional options: 0x00
    Ack time (ms): 1000
    Inactivity timer (ms): 360000
    Checksum: 17 90
    ATN checksum: ec 8e 02 db

[2025-08-25 20:28:19.335 CEST] [136.975] [-9.3/-48.8 dBFS] [39.5 dB] [1.2 ppm]
GROUND_X (Ground station, On ground) -> AIRCRAFT (Aircraft): Command
AVLC type: I sseq: 6 rseq: 6 poll: 0
 X.25 Receive Ready: grp: 11 chan: 255 rseq: 4

[2025-08-25 20:28:19.639 CEST] [136.975] [-12.8/-48.7 dBFS] [35.9 dB] [1.2 ppm]
GROUND_X (Ground station, On ground) -> AIRCRAFT (Aircraft): Command
AVLC type: I sseq: 7 rseq: 6 poll: 0
 X.25 Data: grp: 11 chan: 255 sseq: 4 rseq: 4 more: 0
  X.25 reasm status: skipped
  X.233 CLNP Data (compressed header):
   LRef: 0x0 Prio: 8 Flags: 0xd6
   Lifetime: 18.5 sec
   PDU Id: 0x114c
   X.224 COTP Connect Confirm:
    src_ref: 0x01ef dst_ref: 0x0032
    Initial Credit: 1
    Protocol class: 4
    Options: 00 (use normal PDU formats)
    TPDU size (bytes): 1024
    Called/responding transport selector: 01 01
    Calling transport selector: 63 6d
    Priority: 6
    Ack time (ms): 1000
    Inactivity timer (ms): 360000
    Additional options: 0x00
    ATN checksum: c0 a1 c2 1d

[2025-08-25 20:28:20.705 CEST] [136.975] [-9.2/-49.4 dBFS] [40.2 dB] [1.3 ppm]
GROUND_X (Ground station, On ground) -> AIRCRAFT (Aircraft): Response
AVLC type: S (Receive Ready) P/F: 0 rseq: 7

[2025-08-25 20:28:21.011 CEST] [136.975] [1.8/-49.0 dBFS] [50.8 dB] [0.2 ppm]
AIRCRAFT (Aircraft, On ground) -> GROUND_X (Ground station): Command
AVLC type: I sseq: 7 rseq: 0 poll: 0
 X.25 Data: grp: 11 chan: 255 sseq: 5 rseq: 5 more: 0
  X.25 reasm status: skipped
  X.233 CLNP Data (compressed header):
   LRef: 0x0 Prio: 8 Flags: 0xf6
   Lifetime: 32.0 sec
   PDU Id: 0x6
   X.224 COTP Data:
    dst_ref: 0x01ef
    sseq: 0 req_of_ack: 0 EoT: 1
    COTP reasm status: skipped
    ATN checksum: 95 c4 57 97
    X.225 Session SPDU: Short Connect
     X.227 ACSE Associate Request:
      Application context name: { 1.3.27.3.1 }
      AP title: { 1.3.27.1.4947967.0 }
      AE qualifier: 1
      ATN Context Management - Logon Request:
       Flight ID: xxxxxxx
       Long TSAP: c1 53 55 49 00 xx xx xx 01 01 55 4c 38 30 58 31 01 63 6d	".SUI.K....UL80X1.cm"
       Ground-initiated applications:
        Application Entity Qualifier: 22
        Version number: 1
        AP Address:
         Long TSAP: c1 53 55 49 00 xx xx xx 01 01 55 4c 38 30 58 31 01 63 70	".SUI.K....UL80X1.cp"
       Departure airport: xxxx
       Destination airport: xxxx

[2025-08-25 20:28:21.163 CEST] [136.975] [-9.2/-49.0 dBFS] [39.8 dB] [1.0 ppm]
GROUND_X (Ground station, On ground) -> AIRCRAFT (Aircraft): Command
AVLC type: I sseq: 0 rseq: 0 poll: 0
 X.25 Receive Ready: grp: 11 chan: 255 rseq: 6

[2025-08-25 20:28:21.317 CEST] [136.975] [-12.8/-48.9 dBFS] [36.1 dB] [1.3 ppm]
GROUND_X (Ground station, On ground) -> AIRCRAFT (Aircraft): Command
AVLC type: I sseq: 1 rseq: 0 poll: 0
 X.25 Data: grp: 11 chan: 255 sseq: 5 rseq: 6 more: 0
  X.25 reasm status: skipped
  X.233 CLNP Data (compressed header):
   LRef: 0x0 Prio: 8 Flags: 0xd6
   Lifetime: 18.5 sec
   PDU Id: 0x114d
   X.224 COTP Data Ack:
    dst_ref: 0x0032
    rseq: 1 credit: 2
    ATN checksum: fa de af 23

[2025-08-25 20:28:21.468 CEST] [136.975] [-12.8/-49.1 dBFS] [36.3 dB] [1.0 ppm]
GROUND_X (Ground station, On ground) -> AIRCRAFT (Aircraft): Command
AVLC type: I sseq: 2 rseq: 0 poll: 0
 X.25 Data: grp: 11 chan: 255 sseq: 6 rseq: 6 more: 0
  X.25 reasm status: skipped
  X.233 CLNP Data (compressed header):
   LRef: 0x0 Prio: 8 Flags: 0xd6
   Lifetime: 18.5 sec
   PDU Id: 0x114e
   X.224 COTP Data:
    dst_ref: 0x0032
    sseq: 0 req_of_ack: 0 EoT: 1
    COTP reasm status: skipped
    ATN checksum: 9e eb f7 be
    X.225 Session SPDU: Short Refuse
     Refusal: persistent
     Transport connection: release
     X.227 ACSE Associate Response:
      Application context name: { 1.3.27.3.0 }
      Associate result: reject (permanent)
      ATN Context Management - Logon Response:
       Ground-only-initiated applications:
        Application Entity Qualifier: 22
        Version number: 1

[2025-08-25 20:28:21.771 CEST] [136.975] [1.7/-49.5 dBFS] [51.1 dB] [0.3 ppm]
AIRCRAFT (Aircraft, On ground) -> GROUND_X (Ground station): Response
AVLC type: S (Receive Ready) P/F: 0 rseq: 3

[2025-08-25 20:28:22.381 CEST] [136.975] [-9.9/-49.4 dBFS] [39.5 dB] [2.8 ppm]
GROUND_X (Ground station, On ground) -> FFFFFF (Aircraft): Command
AVLC type: U (DISC) P/F: 0

[2025-08-25 20:28:22.534 CEST] [136.975] [-9.2/-49.3 dBFS] [40.1 dB] [1.2 ppm]
GROUND_X (Ground station, On ground) -> AIRCRAFT (Aircraft): Response
AVLC type: S (Receive Ready) P/F: 0 rseq: 1

[2025-08-25 20:28:26.344 CEST] [136.975] [-9.3/-49.1 dBFS] [39.8 dB] [1.1 ppm]
GROUND_X (Ground station, On ground) -> AIRCRAFT (Aircraft): Command
AVLC type: I sseq: 3 rseq: 1 poll: 0
 X.25 Data: grp: 11 chan: 255 sseq: 7 rseq: 6 more: 0
  X.25 reasm status: skipped
  X.233 CLNP Data (compressed header):
   LRef: 0x0 Prio: 11 Flags: 0xd6
   Lifetime: 18.5 sec
   PDU Id: 0x114f
   X.224 COTP Connect Request:
    src_ref: 0x01f0 dst_ref: 0x0000
    Initial Credit: 1
    Protocol class: 4
    Options: 00 (use normal PDU formats)
    TPDU size (bytes): 1024
    Called/responding transport selector: 63 70
    Calling transport selector: 04 01
    Priority: 3
    Additional options: 0x00
    Ack time (ms): 1000
    Inactivity timer (ms): 360000
    Checksum: 34 73
    ATN checksum: 1d 9e 55 85

[2025-08-25 20:28:30.307 CEST] [136.975] [-9.3/-48.8 dBFS] [39.5 dB] [1.0 ppm]
GROUND_X (Ground station, On ground) -> AIRCRAFT (Aircraft): Command
AVLC type: I sseq: 3 rseq: 1 poll: 0
 X.25 Data: grp: 11 chan: 255 sseq: 7 rseq: 6 more: 0
  X.25 reasm status: skipped
  X.233 CLNP Data (compressed header):
   LRef: 0x0 Prio: 11 Flags: 0xd6
   Lifetime: 18.5 sec
   PDU Id: 0x114f
   X.224 COTP Connect Request:
    src_ref: 0x01f0 dst_ref: 0x0000
    Initial Credit: 1
    Protocol class: 4
    Options: 00 (use normal PDU formats)
    TPDU size (bytes): 1024
    Called/responding transport selector: 63 70
    Calling transport selector: 04 01
    Priority: 3
    Additional options: 0x00
    Ack time (ms): 1000
    Inactivity timer (ms): 360000
    Checksum: 34 73
    ATN checksum: 1d 9e 55 85

[2025-08-25 20:28:33.353 CEST] [136.975] [-9.4/-48.9 dBFS] [39.5 dB] [1.0 ppm]
GROUND_X (Ground station, On ground) -> AIRCRAFT (Aircraft): Command
AVLC type: I sseq: 4 rseq: 1 poll: 0
 X.25 Data: grp: 11 chan: 255 sseq: 0 rseq: 6 more: 0
  X.25 reasm status: skipped
  X.233 CLNP Data (compressed header):
   LRef: 0x0 Prio: 8 Flags: 0xd6
   Lifetime: 18.5 sec
   PDU Id: 0x1150
   X.224 COTP Data:
    dst_ref: 0x0032
    sseq: 0 req_of_ack: 0 EoT: 1
    COTP reasm status: skipped
    ATN checksum: 9e eb f7 be
    X.225 Session SPDU: Short Refuse
     Refusal: persistent
     Transport connection: release
     X.227 ACSE Associate Response:
      Application context name: { 1.3.27.3.0 }
      Associate result: reject (permanent)
      ATN Context Management - Logon Response:
       Ground-only-initiated applications:
        Application Entity Qualifier: 22
        Version number: 1

[2025-08-25 20:28:34.573 CEST] [136.975] [-9.4/-49.1 dBFS] [39.7 dB] [1.1 ppm]
GROUND_X (Ground station, On ground) -> AIRCRAFT (Aircraft): Command
AVLC type: I sseq: 3 rseq: 1 poll: 0
 X.25 Data: grp: 11 chan: 255 sseq: 7 rseq: 6 more: 0
  X.25 reasm status: skipped
  X.233 CLNP Data (compressed header):
   LRef: 0x0 Prio: 11 Flags: 0xd6
   Lifetime: 18.5 sec
   PDU Id: 0x114f
   X.224 COTP Connect Request:
    src_ref: 0x01f0 dst_ref: 0x0000
    Initial Credit: 1
    Protocol class: 4
    Options: 00 (use normal PDU formats)
    TPDU size (bytes): 1024
    Called/responding transport selector: 63 70
    Calling transport selector: 04 01
    Priority: 3
    Additional options: 0x00
    Ack time (ms): 1000
    Inactivity timer (ms): 360000
    Checksum: 34 73
    ATN checksum: 1d 9e 55 85

[2025-08-25 20:28:34.573 CEST] [136.975] [-9.4/-49.1 dBFS] [39.7 dB] [1.1 ppm]
GROUND_X (Ground station, On ground) -> AIRCRAFT (Aircraft): Command
AVLC type: I sseq: 4 rseq: 1 poll: 0
 X.25 Data: grp: 11 chan: 255 sseq: 0 rseq: 6 more: 0
  X.25 reasm status: skipped
  X.233 CLNP Data (compressed header):
   LRef: 0x0 Prio: 8 Flags: 0xd6
   Lifetime: 18.5 sec
   PDU Id: 0x1150
   X.224 COTP Data:
    dst_ref: 0x0032
    sseq: 0 req_of_ack: 0 EoT: 1
    COTP reasm status: skipped
    ATN checksum: 9e eb f7 be
    X.225 Session SPDU: Short Refuse
     Refusal: persistent
     Transport connection: release
     X.227 ACSE Associate Response:
      Application context name: { 1.3.27.3.0 }
      Associate result: reject (permanent)
      ATN Context Management - Logon Response:
       Ground-only-initiated applications:
        Application Entity Qualifier: 22
        Version number: 1

[2025-08-25 20:28:38.380 CEST] [136.975] [-9.3/-49.4 dBFS] [40.1 dB] [1.3 ppm]
GROUND_X (Ground station, On ground) -> AIRCRAFT (Aircraft): Command
AVLC type: I sseq: 5 rseq: 1 poll: 0
 X.25 Data: grp: 11 chan: 255 sseq: 1 rseq: 6 more: 0
  X.25 reasm status: skipped
  X.233 CLNP Data (compressed header):
   LRef: 0x0 Prio: 11 Flags: 0xd6
   Lifetime: 18.5 sec
   PDU Id: 0x1152
   X.224 COTP Connect Request:
    src_ref: 0x01f0 dst_ref: 0x0000
    Initial Credit: 1
    Protocol class: 4
    Options: 00 (use normal PDU formats)
    TPDU size (bytes): 1024
    Called/responding transport selector: 63 70
    Calling transport selector: 04 01
    Priority: 3
    Additional options: 0x00
    Ack time (ms): 1000
    Inactivity timer (ms): 360000
    Checksum: 34 73
    ATN checksum: 1d 9e 55 85

[2025-08-25 20:28:39.449 CEST] [136.975] [-9.3/-49.5 dBFS] [40.2 dB] [1.1 ppm]
GROUND_X (Ground station, On ground) -> AIRCRAFT (Aircraft): Command
AVLC type: I sseq: 3 rseq: 1 poll: 0
 X.25 Data: grp: 11 chan: 255 sseq: 7 rseq: 6 more: 0
  X.25 reasm status: skipped
  X.233 CLNP Data (compressed header):
   LRef: 0x0 Prio: 11 Flags: 0xd6
   Lifetime: 18.5 sec
   PDU Id: 0x114f
   X.224 COTP Connect Request:
    src_ref: 0x01f0 dst_ref: 0x0000
    Initial Credit: 1
    Protocol class: 4
    Options: 00 (use normal PDU formats)
    TPDU size (bytes): 1024
    Called/responding transport selector: 63 70
    Calling transport selector: 04 01
    Priority: 3
    Additional options: 0x00
    Ack time (ms): 1000
    Inactivity timer (ms): 360000
    Checksum: 34 73
    ATN checksum: 1d 9e 55 85

[2025-08-25 20:28:39.449 CEST] [136.975] [-9.3/-49.5 dBFS] [40.2 dB] [1.1 ppm]
GROUND_X (Ground station, On ground) -> AIRCRAFT (Aircraft): Command
AVLC type: I sseq: 4 rseq: 1 poll: 0
 X.25 Data: grp: 11 chan: 255 sseq: 0 rseq: 6 more: 0
  X.25 reasm status: skipped
  X.233 CLNP Data (compressed header):
   LRef: 0x0 Prio: 8 Flags: 0xd6
   Lifetime: 18.5 sec
   PDU Id: 0x1150
   X.224 COTP Data:
    dst_ref: 0x0032
    sseq: 0 req_of_ack: 0 EoT: 1
    COTP reasm status: skipped
    ATN checksum: 9e eb f7 be
    X.225 Session SPDU: Short Refuse
     Refusal: persistent
     Transport connection: release
     X.227 ACSE Associate Response:
      Application context name: { 1.3.27.3.0 }
      Associate result: reject (permanent)
      ATN Context Management - Logon Response:
       Ground-only-initiated applications:
        Application Entity Qualifier: 22
        Version number: 1

[2025-08-25 20:28:39.449 CEST] [136.975] [-9.3/-49.5 dBFS] [40.2 dB] [1.1 ppm]
GROUND_X (Ground station, On ground) -> AIRCRAFT (Aircraft): Command
AVLC type: I sseq: 5 rseq: 1 poll: 0
 X.25 Data: grp: 11 chan: 255 sseq: 1 rseq: 6 more: 0
  X.25 reasm status: skipped
  X.233 CLNP Data (compressed header):
   LRef: 0x0 Prio: 11 Flags: 0xd6
   Lifetime: 18.5 sec
   PDU Id: 0x1152
   X.224 COTP Connect Request:
    src_ref: 0x01f0 dst_ref: 0x0000
    Initial Credit: 1
    Protocol class: 4
    Options: 00 (use normal PDU formats)
    TPDU size (bytes): 1024
    Called/responding transport selector: 63 70
    Calling transport selector: 04 01
    Priority: 3
    Additional options: 0x00
    Ack time (ms): 1000
    Inactivity timer (ms): 360000
    Checksum: 34 73
    ATN checksum: 1d 9e 55 85

[2025-08-25 20:28:47.371 CEST] [136.975] [-9.4/-49.0 dBFS] [39.6 dB] [1.1 ppm]
GROUND_X (Ground station, On ground) -> AIRCRAFT (Aircraft): Command
AVLC type: I sseq: 3 rseq: 1 poll: 0
 X.25 Data: grp: 11 chan: 255 sseq: 7 rseq: 6 more: 0
  X.25 reasm status: skipped
  X.233 CLNP Data (compressed header):
   LRef: 0x0 Prio: 11 Flags: 0xd6
   Lifetime: 18.5 sec
   PDU Id: 0x114f
   X.224 COTP Connect Request:
    src_ref: 0x01f0 dst_ref: 0x0000
    Initial Credit: 1
    Protocol class: 4
    Options: 00 (use normal PDU formats)
    TPDU size (bytes): 1024
    Called/responding transport selector: 63 70
    Calling transport selector: 04 01
    Priority: 3
    Additional options: 0x00
    Ack time (ms): 1000
    Inactivity timer (ms): 360000
    Checksum: 34 73
    ATN checksum: 1d 9e 55 85

[2025-08-25 20:28:47.371 CEST] [136.975] [-9.4/-49.0 dBFS] [39.6 dB] [1.1 ppm]
GROUND_X (Ground station, On ground) -> AIRCRAFT (Aircraft): Command
AVLC type: I sseq: 4 rseq: 1 poll: 0
 X.25 Data: grp: 11 chan: 255 sseq: 0 rseq: 6 more: 0
  X.25 reasm status: skipped
  X.233 CLNP Data (compressed header):
   LRef: 0x0 Prio: 8 Flags: 0xd6
   Lifetime: 18.5 sec
   PDU Id: 0x1150
   X.224 COTP Data:
    dst_ref: 0x0032
    sseq: 0 req_of_ack: 0 EoT: 1
    COTP reasm status: skipped
    ATN checksum: 9e eb f7 be
    X.225 Session SPDU: Short Refuse
     Refusal: persistent
     Transport connection: release
     X.227 ACSE Associate Response:
      Application context name: { 1.3.27.3.0 }
      Associate result: reject (permanent)
      ATN Context Management - Logon Response:
       Ground-only-initiated applications:
        Application Entity Qualifier: 22
        Version number: 1

[2025-08-25 20:28:47.371 CEST] [136.975] [-9.4/-49.0 dBFS] [39.6 dB] [1.1 ppm]
GROUND_X (Ground station, On ground) -> AIRCRAFT (Aircraft): Command
AVLC type: I sseq: 5 rseq: 1 poll: 0
 X.25 Data: grp: 11 chan: 255 sseq: 1 rseq: 6 more: 0
  X.25 reasm status: skipped
  X.233 CLNP Data (compressed header):
   LRef: 0x0 Prio: 11 Flags: 0xd6
   Lifetime: 18.5 sec
   PDU Id: 0x1152
   X.224 COTP Connect Request:
    src_ref: 0x01f0 dst_ref: 0x0000
    Initial Credit: 1
    Protocol class: 4
    Options: 00 (use normal PDU formats)
    TPDU size (bytes): 1024
    Called/responding transport selector: 63 70
    Calling transport selector: 04 01
    Priority: 3
    Additional options: 0x00
    Ack time (ms): 1000
    Inactivity timer (ms): 360000
    Checksum: 34 73
    ATN checksum: 1d 9e 55 85

[2025-08-25 20:28:55.601 CEST] [136.975] [-9.4/-49.2 dBFS] [39.9 dB] [1.1 ppm]
GROUND_X (Ground station, On ground) -> AIRCRAFT (Aircraft): Command
AVLC type: I sseq: 3 rseq: 1 poll: 0
 X.25 Data: grp: 11 chan: 255 sseq: 7 rseq: 6 more: 0
  X.25 reasm status: skipped
  X.233 CLNP Data (compressed header):
   LRef: 0x0 Prio: 11 Flags: 0xd6
   Lifetime: 18.5 sec
   PDU Id: 0x114f
   X.224 COTP Connect Request:
    src_ref: 0x01f0 dst_ref: 0x0000
    Initial Credit: 1
    Protocol class: 4
    Options: 00 (use normal PDU formats)
    TPDU size (bytes): 1024
    Called/responding transport selector: 63 70
    Calling transport selector: 04 01
    Priority: 3
    Additional options: 0x00
    Ack time (ms): 1000
    Inactivity timer (ms): 360000
    Checksum: 34 73
    ATN checksum: 1d 9e 55 85

[2025-08-25 20:28:55.601 CEST] [136.975] [-9.4/-49.2 dBFS] [39.9 dB] [1.1 ppm]
GROUND_X (Ground station, On ground) -> AIRCRAFT (Aircraft): Command
AVLC type: I sseq: 4 rseq: 1 poll: 0
 X.25 Data: grp: 11 chan: 255 sseq: 0 rseq: 6 more: 0
  X.25 reasm status: skipped
  X.233 CLNP Data (compressed header):
   LRef: 0x0 Prio: 8 Flags: 0xd6
   Lifetime: 18.5 sec
   PDU Id: 0x1150
   X.224 COTP Data:
    dst_ref: 0x0032
    sseq: 0 req_of_ack: 0 EoT: 1
    COTP reasm status: skipped
    ATN checksum: 9e eb f7 be
    X.225 Session SPDU: Short Refuse
     Refusal: persistent
     Transport connection: release
     X.227 ACSE Associate Response:
      Application context name: { 1.3.27.3.0 }
      Associate result: reject (permanent)
      ATN Context Management - Logon Response:
       Ground-only-initiated applications:
        Application Entity Qualifier: 22
        Version number: 1

[2025-08-25 20:28:55.601 CEST] [136.975] [-9.4/-49.2 dBFS] [39.9 dB] [1.1 ppm]
GROUND_X (Ground station, On ground) -> AIRCRAFT (Aircraft): Command
AVLC type: I sseq: 5 rseq: 1 poll: 0
 X.25 Data: grp: 11 chan: 255 sseq: 1 rseq: 6 more: 0
  X.25 reasm status: skipped
  X.233 CLNP Data (compressed header):
   LRef: 0x0 Prio: 11 Flags: 0xd6
   Lifetime: 18.5 sec
   PDU Id: 0x1152
   X.224 COTP Connect Request:
    src_ref: 0x01f0 dst_ref: 0x0000
    Initial Credit: 1
    Protocol class: 4
    Options: 00 (use normal PDU formats)
    TPDU size (bytes): 1024
    Called/responding transport selector: 63 70
    Calling transport selector: 04 01
    Priority: 3
    Additional options: 0x00
    Ack time (ms): 1000
    Inactivity timer (ms): 360000
    Checksum: 34 73
    ATN checksum: 1d 9e 55 85

[2025-08-25 20:28:57.279 CEST] [136.975] [-9.4/-49.0 dBFS] [39.6 dB] [1.2 ppm]
GROUND_X (Ground station, On ground) -> AIRCRAFT (Aircraft): Command
AVLC type: I sseq: 6 rseq: 1 poll: 1
 X.25 Data: grp: 11 chan: 255 sseq: 2 rseq: 6 more: 0
  X.25 reasm status: skipped
  X.233 CLNP Data (compressed header):
   LRef: 0x0 Prio: 8 Flags: 0xd6
   Lifetime: 18.5 sec
   PDU Id: 0x1153
   X.224 COTP Data:
    dst_ref: 0x0032
    sseq: 0 req_of_ack: 0 EoT: 1
    COTP reasm status: skipped
    ATN checksum: 9e eb f7 be
    X.225 Session SPDU: Short Refuse
     Refusal: persistent
     Transport connection: release
     X.227 ACSE Associate Response:
      Application context name: { 1.3.27.3.0 }
      Associate result: reject (permanent)
      ATN Context Management - Logon Response:
       Ground-only-initiated applications:
        Application Entity Qualifier: 22
        Version number: 1

[2025-08-25 20:29:34.610 CEST] [136.975] [-7.0/-49.3 dBFS] [42.3 dB] [0.9 ppm]
GROUND_Y (Ground station, On ground) -> FFFFFF (Aircraft): Command
AVLC type: U (XID) P/F: 0
 XID: Ground Station Information Frame
  Public params:
   Parameter set ID: 8885:1993
   Procedure classes: 00 01
   HDLC options: 20 a4 88
  VDL params:
   Parameter set ID: V
   AVLC specific options: 64
   Frequency support list:
    Ground station: xxxxxx
     Frequency: 136.875 MHz (VDL-M2, D8PSK, 31500 bps)
    Ground station: xxxxxx
     Frequency: 136.875 MHz (VDL-M2, D8PSK, 31500 bps)
   Timer T4: 00 02
   Airport coverage: xxxx
   ATN router NETs: 53 49 54 00 00 01	"SIT..."
   System mask: 200000
   Ground station location: xN yE

[2025-08-25 20:29:34.762 CEST] [136.975] [-6.9/-49.4 dBFS] [42.5 dB] [0.9 ppm]
GROUND_Y (Ground station, On ground) -> AIRCRAFT (Aircraft): Response
AVLC type: U (XID) P/F: 1
 XID: Link Establishment Response
  Public params:
   Parameter set ID: 8885:1993
   Procedure classes: 00 01
   HDLC options: 20 a4 88
  VDL params:
   Parameter set ID: V
   Connection management: 00
   XID sequencing: seq: 2 retry: 0
   AVLC specific options: 64
   Airport coverage: xxxx
   ATN router NETs: 53 49 54 00 00 01	"SIT..."
   System mask: 200000
   Ground station location: xN yE

[2025-08-25 20:29:34.764 CEST] [136.975] [2.0/-49.3 dBFS] [51.3 dB] [0.3 ppm]
AIRCRAFT (Aircraft, On ground) -> GROUND_Y (Ground station): Command
AVLC type: I sseq: 0 rseq: 0 poll: 0
 ACARS:
  Reassembly: skipped
  Reg: ..CPDLC Flight: HB0000
  Mode: 2 Label: Q0 Blk id: 2 More: 0 Ack: ! Msg num: M01A

[2025-08-25 20:29:35.067 CEST] [136.975] [-10.6/-49.5 dBFS] [38.9 dB] [1.1 ppm]
GROUND_Y (Ground station, On ground) -> AIRCRAFT (Aircraft): Command
AVLC type: I sseq: 0 rseq: 1 poll: 0
 ACARS:
  Reassembly: skipped
  Reg: ..CPDLC
  Mode: 2 Label: _d Blk id: A More: 0 Ack: 2

[2025-08-25 20:29:35.069 CEST] [136.975] [1.7/-49.5 dBFS] [51.2 dB] [0.2 ppm]
AIRCRAFT (Aircraft, On ground) -> GROUND_Y (Ground station): Command
AVLC type: I sseq: 1 rseq: 1 poll: 0
 X.25 Call Request: grp: 11 chan: 255 src: 22677777 dst: none
  Facilities:
   Fast Select: requested
   Called address extension: 8c 53 49 54 00 00 01	".SIT..."
  Compression support: LREF, LREF-CAN
  M/I: 0
  ES-IS IS Hello: Hold Time: 30 sec
   NET: 47 00 27 c1 53 55 49 00 xx xx xx 01 01 55 4c 38 30 58 31 00	"G.'.SUI.K....UL80X1."

[2025-08-25 20:29:35.374 CEST] [136.975] [-10.5/-49.5 dBFS] [39.0 dB] [1.1 ppm]
GROUND_Y (Ground station, On ground) -> AIRCRAFT (Aircraft): Command
AVLC type: I sseq: 1 rseq: 2 poll: 0
 X.25 Call Accepted: grp: 11 chan: 255 src: 22677777 dst: 1116900402899
  Facilities:
   Max. packet size:
    From calling DTE: 256 bytes
    From called  DTE: 256 bytes
   Window size:
    From calling DTE: 4 packets
    From called  DTE: 4 packets
   Called line address modified: 0f
  Compression support: LREF, LREF-CAN
  M/I: 0
  ES-IS IS Hello: Hold Time: 65534 sec
   NET: 47 00 27 01 53 49 54 00 59 55 4c 00 01 08 00 20 ff ba 45 00	"G.'.SIT.YUL.... ..E."
   Options:
    ATN Data Link Capabilities: 01
    Mobile Subnetwork Capabilities:
     Permitted traffic: all
     Supported ATSC classes: A

[2025-08-25 20:29:35.525 CEST] [136.975] [-10.6/-49.6 dBFS] [39.0 dB] [1.2 ppm]
GROUND_Y (Ground station, On ground) -> AIRCRAFT (Aircraft): Command
AVLC type: I sseq: 2 rseq: 2 poll: 0
 X.25 Data: grp: 11 chan: 255 sseq: 0 rseq: 0 more: 0
  X.25 reasm status: skipped
  X.233 CLNP Data:
   Src NSAP: 47 00 27 01 53 49 54 00 59 55 4c 00 01 08 00 20 ff ba 45 00	"G.'.SIT.YUL.... ..E."
   Dst NSAP: 47 00 27 c1 53 55 49 00 xx xx xx 01 01 55 4c 38 30 58 31 00	"G.'.SUI.K....UL80X1."
   Lifetime: 20.0 sec
   Flags: SP E/R
   Segmentation:
    PDU Id: 0x197f
    Segment offset: 0
    PDU total length: 140
    CLNP reasm status: skipped
   Options:
    LRef: 0x40
    QoS maintenance: 0xd6
    Security:
     Reg ID: 06 04 2b 1b 00 00
     Info:
      Traffic type:
       Type: ATN system management
       Category: none
       Route policy: 0x00
    Priority: 0x0e
   IDRP Open: seq: 5 ack: 2 credit_offered: 4 credit_avail: 0
    Hold Time: 900 seconds
    Max. PDU size: 3000 octets
    Source RDI: 47 00 27 01 53 49 54 00 59 55 4c	"G.'.SIT.YUL"
    RIB Attribute Set:
     RibAtt #0:
      Security:
       Reg ID: 06 04 2b 1b 00 00
    Auth mechanism: simple checksum

[2025-08-25 20:29:36.133 CEST] [136.975] [1.7/-49.6 dBFS] [51.2 dB] [0.4 ppm]
AIRCRAFT (Aircraft, On ground) -> GROUND_Y (Ground station): Command
AVLC type: I sseq: 2 rseq: 3 poll: 0
 X.25 Data: grp: 11 chan: 255 sseq: 0 rseq: 1 more: 0
  X.25 reasm status: skipped
  X.233 CLNP Data (compressed header):
   LRef: 0x40 Prio: 14 Flags: 0xf6
   Lifetime: 32.0 sec
   PDU Id: 0x9
   IDRP Open: seq: 1 ack: 5 credit_offered: 3 credit_avail: 4
    Hold Time: 900 seconds
    Max. PDU size: 1024 octets
    Source RDI: 47 00 27 c1 53 55 49 00 xx xx xx	"G.'.SUI.K.."
    RIB Attribute Set:
     RibAtt #0:
      Security:
       Reg ID: 06 04 2b 1b 00 00
    Auth mechanism: simple checksum

[2025-08-25 20:29:36.287 CEST] [136.975] [-10.6/-49.5 dBFS] [38.8 dB] [0.9 ppm]
GROUND_Y (Ground station, On ground) -> AIRCRAFT (Aircraft): Command
AVLC type: I sseq: 3 rseq: 3 poll: 0
 X.25 Data: grp: 11 chan: 255 sseq: 1 rseq: 1 more: 0
  X.25 reasm status: skipped
  X.233 CLNP Data (compressed header):
   LRef: 0x40 Prio: 14 Flags: 0xf6
   Lifetime: 20.0 sec
   PDU Id: 0x1987
   IDRP Keepalive: seq: 6 ack: 1 credit_offered: 4 credit_avail: 3

[2025-08-25 20:29:36.288 CEST] [136.975] [-10.6/-49.4 dBFS] [38.7 dB] [1.0 ppm]
GROUND_Y (Ground station, On ground) -> AIRCRAFT (Aircraft): Command
AVLC type: I sseq: 4 rseq: 3 poll: 0
 X.25 Data: grp: 11 chan: 255 sseq: 2 rseq: 1 more: 0
  X.25 reasm status: skipped
  X.233 CLNP Data (compressed header):
   LRef: 0x40 Prio: 14 Flags: 0xf6
   Lifetime: 20.0 sec
   PDU Id: 0x1988
   IDRP Update: seq: 6 ack: 1 credit_offered: 4 credit_avail: 2
    Route:
     ID: 5205
     Local preference: 0
    Security:
     Reg ID: 06 04 2b 1b 00 00
     Info:
      Supported ATSC classes: A
      Subnetwork type:
       Subnet: VDL
       Permitted traffic: all
    RD path:
     RD_SEQ:
      47 00 27 01 53 49 54 00 00 00 01 0b 47 00 27 01 53 49 54 00 59 55 4c	"G.'.SIT.....G.'.SIT.YUL"
      47 00 27 01 53 49 54 00 59 55 4c	"G.'.SIT.YUL"
    RD hop count: 2
    Capacity: 12
    Reachability info:
     Protocol: CLNP
     Prefix length: 32
     Dest. address prefix: 47 00 27 01 20 47 00 27 81	"G.'. G.'."



[2025-08-25 20:29:37.507 CEST] [136.975] [-10.5/-49.4 dBFS] [38.9 dB] [1.1 ppm]
GROUND_Y (Ground station, On ground) -> AIRCRAFT (Aircraft): Response
AVLC type: S (Receive Ready) P/F: 0 rseq: 4

[2025-08-25 20:29:37.962 CEST] [136.975] [1.8/-49.5 dBFS] [51.3 dB] [0.5 ppm]
AIRCRAFT (Aircraft, On ground) -> GROUND_Y (Ground station): Command
AVLC type: I sseq: 4 rseq: 5 poll: 0
 X.25 Data: grp: 11 chan: 255 sseq: 2 rseq: 3 more: 0
  X.25 reasm status: skipped
  X.233 CLNP Data (compressed header):
   LRef: 0x40 Prio: 14 Flags: 0xf6
   Lifetime: 32.0 sec
   PDU Id: 0xb
   IDRP Keepalive: seq: 3 ack: 6 credit_offered: 3 credit_avail: 3

[2025-08-25 20:29:37.963 CEST] [136.975] [-7.0/-49.5 dBFS] [42.5 dB] [1.1 ppm]
GROUND_Y (Ground station, On ground) -> AIRCRAFT (Aircraft): Command
AVLC type: I sseq: 5 rseq: 4 poll: 0
 X.25 Data: grp: 11 chan: 255 sseq: 3 rseq: 2 more: 0
  X.25 reasm status: skipped
  X.233 CLNP Data (compressed header):
   LRef: 0x40 Prio: 14 Flags: 0xf6
   Lifetime: 20.0 sec
   PDU Id: 0x1995
   IDRP Keepalive: seq: 7 ack: 2 credit_offered: 4 credit_avail: 2

[2025-08-25 20:29:38.421 CEST] [136.975] [1.7/-49.6 dBFS] [51.4 dB] [0.2 ppm]
AIRCRAFT (Aircraft, On ground) -> GROUND_Y (Ground station): Response
AVLC type: S (Receive Ready) P/F: 0 rseq: 6

[2025-08-25 20:29:38.723 CEST] [136.975] [-10.6/-49.5 dBFS] [38.8 dB] [1.0 ppm]
GROUND_Y (Ground station, On ground) -> AIRCRAFT (Aircraft): Response
AVLC type: S (Receive Ready) P/F: 0 rseq: 5

[2025-08-25 20:29:45.279 CEST] [136.975] [-7.0/-48.9 dBFS] [41.9 dB] [1.1 ppm]
GROUND_Y (Ground station, On ground) -> AIRCRAFT (Aircraft): Command
AVLC type: I sseq: 6 rseq: 5 poll: 0
 X.25 Data: grp: 11 chan: 255 sseq: 4 rseq: 3 more: 0
  X.25 reasm status: skipped
  X.233 CLNP Data:
   Src NSAP: 47 00 27 81 83 65 75 00 11 50 59 00 01 00 00 47 47 31 31 01	"G.'..eu..PY....GG11."
   Dst NSAP: 47 00 27 c1 53 55 49 00 xx xx xx 01 01 55 4c 38 30 58 31 01	"G.'.SUI.K....UL80X1."
   Lifetime: 18.5 sec
   Flags: SP
   Segmentation:
    PDU Id: 0x1157
    Segment offset: 0
    PDU total length: 105
    CLNP reasm status: skipped
   Options:
    LRef: 0x41
    QoS maintenance: 0xd6
    Security:
     Reg ID: 06 04 2b 1b 00 00
     Info:
      Traffic type:
       Type: ATN operational
       Category: ATSC
       Route policy: 0x01
    Priority: 0x08
   X.224 COTP Data:
    dst_ref: 0x0032
    sseq: 0 req_of_ack: 0 EoT: 1
    COTP reasm status: skipped
    ATN checksum: 9e eb f7 be
    X.225 Session SPDU: Short Refuse
     Refusal: persistent
     Transport connection: release
     X.227 ACSE Associate Response:
      Application context name: { 1.3.27.3.0 }
      Associate result: reject (permanent)
      ATN Context Management - Logon Response:
       Ground-only-initiated applications:
        Application Entity Qualifier: 22
        Version number: 1

[2025-08-25 20:29:45.735 CEST] [136.975] [1.7/-48.8 dBFS] [50.5 dB] [0.5 ppm]
AIRCRAFT (Aircraft, On ground) -> GROUND_Y (Ground station): Command
AVLC type: I sseq: 5 rseq: 7 poll: 0
 X.25 Receive Ready: grp: 11 chan: 255 rseq: 5

[2025-08-25 20:29:46.496 CEST] [136.975] [-7.0/-49.3 dBFS] [42.3 dB] [1.2 ppm]
GROUND_Y (Ground station, On ground) -> AIRCRAFT (Aircraft): Response
AVLC type: S (Receive Ready) P/F: 0 rseq: 6

[2025-08-25 20:29:47.413 CEST] [136.975] [-6.8/-49.4 dBFS] [42.7 dB] [1.2 ppm]
GROUND_Y (Ground station, On ground) -> AIRCRAFT (Aircraft): Response
AVLC type: S (Receive Ready) P/F: 0 rseq: 7

[2025-08-25 20:29:48.021 CEST] [136.975] [1.7/-48.8 dBFS] [50.5 dB] [0.4 ppm]
AIRCRAFT (Aircraft, On ground) -> GROUND_Y (Ground station): Command
AVLC type: I sseq: 7 rseq: 7 poll: 0
 X.25 Data: grp: 11 chan: 255 sseq: 4 rseq: 5 more: 0
  X.25 reasm status: skipped
  X.233 CLNP Data (compressed header):
   LRef: 0x41 Prio: 8 Flags: 0xf6
   Lifetime: 32.0 sec
   PDU Id: 0xc
   X.224 COTP Disconnect Request:
    src_ref: 0x0032 dst_ref: 0x01ef
    Reason: 128 (Normal disconnect)
    ATN checksum: 32 42 4a 5c
    X.225 disconnect reason: 1 (OK, transport connection not reused)

[2025-08-25 20:29:48.022 CEST] [136.975] [-6.9/-48.8 dBFS] [42.0 dB] [1.2 ppm]
GROUND_Y (Ground station, On ground) -> AIRCRAFT (Aircraft): Command
AVLC type: I sseq: 7 rseq: 0 poll: 0
 X.25 Receive Ready: grp: 11 chan: 255 rseq: 5

[2025-08-25 20:29:48.325 CEST] [136.975] [-10.5/-49.5 dBFS] [39.0 dB] [1.0 ppm]
GROUND_Y (Ground station, On ground) -> AIRCRAFT (Aircraft): Command
AVLC type: I sseq: 0 rseq: 0 poll: 0
 X.25 Data: grp: 11 chan: 255 sseq: 5 rseq: 5 more: 0
  X.25 reasm status: skipped
  X.233 CLNP Data (compressed header):
   LRef: 0x41 Prio: 8 Flags: 0xd6
   Lifetime: 18.5 sec
   PDU Id: 0x1158
   X.224 COTP Disconnect Confirm:
    src_ref: 0x01ef dst_ref: 0x0032
    ATN checksum: 0e f8 08 4e

[2025-08-25 20:29:49.089 CEST] [136.975] [1.8/-48.9 dBFS] [50.7 dB] [0.4 ppm]
AIRCRAFT (Aircraft, On ground) -> GROUND_Y (Ground station): Response
AVLC type: S (Receive Ready) P/F: 0 rseq: 1

[2025-08-25 20:29:50.307 CEST] [136.975] [-6.9/-49.2 dBFS] [42.3 dB] [1.0 ppm]
GROUND_Y (Ground station, On ground) -> AIRCRAFT (Aircraft): Command
AVLC type: I sseq: 1 rseq: 0 poll: 0
 X.25 Data: grp: 11 chan: 255 sseq: 6 rseq: 5 more: 0
  X.25 reasm status: skipped
  X.233 CLNP Data (compressed header):
   LRef: 0x41 Prio: 11 Flags: 0xd6
   Lifetime: 18.5 sec
   PDU Id: 0x1159
   X.224 COTP Connect Request:
    src_ref: 0x01f0 dst_ref: 0x0000
    Initial Credit: 1
    Protocol class: 4
    Options: 00 (use normal PDU formats)
    TPDU size (bytes): 1024
    Called/responding transport selector: 63 70
    Calling transport selector: 04 01
    Priority: 3
    Additional options: 0x00
    Ack time (ms): 1000
    Inactivity timer (ms): 360000
    Checksum: 34 73
    ATN checksum: 1d 9e 55 85

[2025-08-25 20:29:50.762 CEST] [136.975] [1.7/-48.9 dBFS] [50.7 dB] [0.1 ppm]
AIRCRAFT (Aircraft, On ground) -> GROUND_Y (Ground station): Command
AVLC type: I sseq: 0 rseq: 2 poll: 0
 X.25 Receive Ready: grp: 11 chan: 255 rseq: 7

[2025-08-25 20:29:51.524 CEST] [136.975] [-6.8/-49.4 dBFS] [42.5 dB] [1.1 ppm]
GROUND_Y (Ground station, On ground) -> AIRCRAFT (Aircraft): Response
AVLC type: S (Receive Ready) P/F: 0 rseq: 1

[2025-08-25 20:29:52.134 CEST] [136.975] [-10.5/-49.2 dBFS] [38.7 dB] [0.9 ppm]
GROUND_Y (Ground station, On ground) -> AIRCRAFT (Aircraft): Command
AVLC type: I sseq: 2 rseq: 2 poll: 0
 X.25 Data: grp: 11 chan: 255 sseq: 7 rseq: 6 more: 0
  X.25 reasm status: skipped
  X.233 CLNP Data (compressed header):
   LRef: 0x41 Prio: 11 Flags: 0xd6
   Lifetime: 18.5 sec
   PDU Id: 0x115a
   X.224 COTP Data Ack:
    dst_ref: 0x0033
    rseq: 0 credit: 1
    ATN checksum: a9 71 b4 dd

[2025-08-25 20:29:52.136 CEST] [136.975] [-10.5/-49.3 dBFS] [38.8 dB] [0.9 ppm]
GROUND_Y (Ground station, On ground) -> AIRCRAFT (Aircraft): Command
AVLC type: I sseq: 3 rseq: 2 poll: 0
 X.25 Data: grp: 11 chan: 255 sseq: 0 rseq: 6 more: 0
  X.25 reasm status: skipped
  X.233 CLNP Data (compressed header):
   LRef: 0x41 Prio: 11 Flags: 0xd6
   Lifetime: 18.5 sec
   PDU Id: 0x115b
   X.224 COTP Data:
    dst_ref: 0x0033
    sseq: 0 req_of_ack: 0 EoT: 1
    COTP reasm status: skipped
    ATN checksum: 83 32 f0 c0
    X.225 Session SPDU: Short Connect
     X.227 ACSE Associate Request:
      Application context name: { 1.3.27.3.1 }
      AP title: { 1.3.27.2.6782344228850068.0 }
      AE qualifier: 22
      ATCUplinkMessage: <empty PDU>

[2025-08-25 20:29:52.743 CEST] [136.975] [1.9/-49.5 dBFS] [51.4 dB] [0.2 ppm]
AIRCRAFT (Aircraft, On ground) -> GROUND_Y (Ground station): Command
AVLC type: I sseq: 2 rseq: 4 poll: 0
 X.25 Receive Ready: grp: 11 chan: 255 rseq: 1

[2025-08-25 20:29:53.355 CEST] [136.975] [-6.9/-49.0 dBFS] [42.1 dB] [1.1 ppm]
GROUND_Y (Ground station, On ground) -> AIRCRAFT (Aircraft): Response
AVLC type: S (Receive Ready) P/F: 0 rseq: 3

[2025-08-25 20:29:53.964 CEST] [136.975] [1.6/-49.2 dBFS] [50.8 dB] [0.1 ppm]
AIRCRAFT (Aircraft, On ground) -> GROUND_Y (Ground station): Command
AVLC type: I sseq: 3 rseq: 4 poll: 0
 X.25 Data: grp: 11 chan: 255 sseq: 6 rseq: 1 more: 0
  X.25 reasm status: skipped
  X.233 CLNP Data (compressed header):
   LRef: 0x41 Prio: 11 Flags: 0xf6
   Lifetime: 32.0 sec
   PDU Id: 0xe
   X.224 COTP Data Ack:
    dst_ref: 0x01f0
    rseq: 1 credit: 2
    ATN checksum: b9 71 b8 09

[2025-08-25 20:29:54.724 CEST] [136.975] [-6.9/-49.3 dBFS] [42.4 dB] [1.0 ppm]
GROUND_Y (Ground station, On ground) -> AIRCRAFT (Aircraft): Response
AVLC type: S (Receive Ready) P/F: 0 rseq: 4

[2025-08-25 20:29:55.031 CEST] [136.975] [-6.9/-49.3 dBFS] [42.4 dB] [0.9 ppm]
GROUND_Y (Ground station, On ground) -> AIRCRAFT (Aircraft): Command
AVLC type: I sseq: 4 rseq: 5 poll: 0
 X.25 Receive Ready: grp: 11 chan: 255 rseq: 0

[2025-08-25 20:29:55.333 CEST] [136.975] [-10.5/-49.0 dBFS] [38.5 dB] [1.1 ppm]
GROUND_Y (Ground station, On ground) -> AIRCRAFT (Aircraft): Command
AVLC type: I sseq: 5 rseq: 5 poll: 0
 X.25 Data: grp: 11 chan: 255 sseq: 1 rseq: 0 more: 0
  X.25 reasm status: skipped
  X.233 CLNP Data (compressed header):
   LRef: 0x41 Prio: 11 Flags: 0xd6
   Lifetime: 18.5 sec
   PDU Id: 0x115c
   X.224 COTP Data Ack:
    dst_ref: 0x0033
    rseq: 1 credit: 2
    ATN checksum: 1d 11 af cd

[2025-08-25 20:29:55.793 CEST] [136.975] [1.8/-49.4 dBFS] [51.3 dB] [0.3 ppm]
AIRCRAFT (Aircraft, On ground) -> GROUND_Y (Ground station): Command
AVLC type: I sseq: 5 rseq: 6 poll: 0
 X.25 Data: grp: 11 chan: 255 sseq: 0 rseq: 2 more: 0
  X.25 reasm status: skipped
  X.233 CLNP Data (compressed header):
   LRef: 0x41 Prio: 11 Flags: 0xf6
   Lifetime: 32.0 sec
   PDU Id: 0x10
   X.224 COTP Data:
    dst_ref: 0x01f0
    sseq: 1 req_of_ack: 0 EoT: 1
    COTP reasm status: skipped
    ATN checksum: d1 a3 a3 91
    CPDLC Downlink Message:
     Header:
      Msg ID: 0
      Timestamp: 2025-08-25 18:29:37
      Logical ACK: required
     Message data:
      CURRENT DATA AUTHORITY

[2025-08-25 20:29:56.097 CEST] [136.975] [-10.6/-49.1 dBFS] [38.5 dB] [1.0 ppm]
GROUND_Y (Ground station, On ground) -> AIRCRAFT (Aircraft): Command
AVLC type: I sseq: 6 rseq: 6 poll: 0
 X.25 Data: grp: 11 chan: 255 sseq: 2 rseq: 1 more: 0
  X.25 reasm status: skipped
  X.233 CLNP Data (compressed header):
   LRef: 0x41 Prio: 11 Flags: 0xd6
   Lifetime: 18.5 sec
   PDU Id: 0x115d
   X.224 COTP Data Ack:
    dst_ref: 0x0033
    rseq: 2 credit: 2
    ATN checksum: 72 dd e1 78

[2025-08-25 20:29:56.247 CEST] [136.975] [-10.6/-49.3 dBFS] [38.6 dB] [1.2 ppm]
GROUND_Y (Ground station, On ground) -> AIRCRAFT (Aircraft): Command
AVLC type: I sseq: 7 rseq: 6 poll: 0
 X.25 Data: grp: 11 chan: 255 sseq: 3 rseq: 1 more: 0
  X.25 reasm status: skipped
  X.233 CLNP Data (compressed header):
   LRef: 0x41 Prio: 11 Flags: 0xd6
   Lifetime: 18.5 sec
   PDU Id: 0x115e
   X.224 COTP Data:
    dst_ref: 0x0033
    sseq: 1 req_of_ack: 0 EoT: 1
    COTP reasm status: skipped
    ATN checksum: 2c 52 a9 17
    CPDLC Uplink Message:
     Header:
      Msg ID: 1
      Msg Ref: 0
      Timestamp: 2025-08-25 18:29:55
      Logical ACK: notRequired
     Message data:
      LOGICAL ACKNOWLEDGMENT

[2025-08-25 20:29:56.247 CEST] [136.975] [-10.6/-49.3 dBFS] [38.6 dB] [1.2 ppm]
GROUND_Y (Ground station, On ground) -> AIRCRAFT (Aircraft): Command
AVLC type: I sseq: 0 rseq: 6 poll: 0
 X.25 Data: grp: 11 chan: 255 sseq: 4 rseq: 1 more: 0
  X.25 reasm status: skipped
  X.233 CLNP Data (compressed header):
   LRef: 0x41 Prio: 11 Flags: 0xd6
   Lifetime: 18.5 sec
   PDU Id: 0x115f
   X.224 COTP Data:
    dst_ref: 0x0033
    sseq: 2 req_of_ack: 0 EoT: 1
    COTP reasm status: skipped
    ATN checksum: ea d1 50 fc
    CPDLC Uplink Message:
     Header:
      Msg ID: 2
      Timestamp: 2025-08-25 18:29:55
      Logical ACK: required
     Message data:
      FREE TEXT
       CURRENT ATC UNIT xxxxxxxx,xxxxxxxx,xxxxxx

[2025-08-25 20:29:56.400 CEST] [136.975] [-10.8/-49.1 dBFS] [38.3 dB] [2.7 ppm]
GROUND_Y (Ground station, On ground) -> FFFFFF (Aircraft): Command
AVLC type: U (DISC) P/F: 0


[2025-08-25 20:30:00.363 CEST] [136.975] [-7.0/-49.3 dBFS] [42.3 dB] [0.9 ppm]
GROUND_Y (Ground station, On ground) -> AIRCRAFT (Aircraft): Command
AVLC type: I sseq: 6 rseq: 6 poll: 0
 X.25 Data: grp: 11 chan: 255 sseq: 2 rseq: 1 more: 0
  X.25 reasm status: skipped
  X.233 CLNP Data (compressed header):
   LRef: 0x41 Prio: 11 Flags: 0xd6
   Lifetime: 18.5 sec
   PDU Id: 0x115d
   X.224 COTP Data Ack:
    dst_ref: 0x0033
    rseq: 2 credit: 2
    ATN checksum: 72 dd e1 78

[2025-08-25 20:30:00.363 CEST] [136.975] [-7.0/-49.3 dBFS] [42.3 dB] [0.9 ppm]
GROUND_Y (Ground station, On ground) -> AIRCRAFT (Aircraft): Command
AVLC type: I sseq: 7 rseq: 6 poll: 0
 X.25 Data: grp: 11 chan: 255 sseq: 3 rseq: 1 more: 0
  X.25 reasm status: skipped
  X.233 CLNP Data (compressed header):
   LRef: 0x41 Prio: 11 Flags: 0xd6
   Lifetime: 18.5 sec
   PDU Id: 0x115e
   X.224 COTP Data:
    dst_ref: 0x0033
    sseq: 1 req_of_ack: 0 EoT: 1
    COTP reasm status: skipped
    ATN checksum: 2c 52 a9 17
    CPDLC Uplink Message:
     Header:
      Msg ID: 1
      Msg Ref: 0
      Timestamp: 2025-08-25 18:29:55
      Logical ACK: notRequired
     Message data:
      LOGICAL ACKNOWLEDGMENT

[2025-08-25 20:30:00.363 CEST] [136.975] [-7.0/-49.3 dBFS] [42.3 dB] [0.9 ppm]
GROUND_Y (Ground station, On ground) -> AIRCRAFT (Aircraft): Command
AVLC type: I sseq: 0 rseq: 6 poll: 0
 X.25 Data: grp: 11 chan: 255 sseq: 4 rseq: 1 more: 0
  X.25 reasm status: skipped
  X.233 CLNP Data (compressed header):
   LRef: 0x41 Prio: 11 Flags: 0xd6
   Lifetime: 18.5 sec
   PDU Id: 0x115f
   X.224 COTP Data:
    dst_ref: 0x0033
    sseq: 2 req_of_ack: 0 EoT: 1
    COTP reasm status: skipped
    ATN checksum: ea d1 50 fc
    CPDLC Uplink Message:
     Header:
      Msg ID: 2
      Timestamp: 2025-08-25 18:29:55
      Logical ACK: required
     Message data:
      FREE TEXT
       CURRENT ATC UNIT xxxxxxxx,xxxxxxxx,xxxxxx

[2025-08-25 20:30:03.870 CEST] [136.975] [-7.0/-49.0 dBFS] [42.0 dB] [1.0 ppm]
GROUND_Y (Ground station, On ground) -> AIRCRAFT (Aircraft): Command
AVLC type: I sseq: 6 rseq: 6 poll: 0
 X.25 Data: grp: 11 chan: 255 sseq: 2 rseq: 1 more: 0
  X.25 reasm status: skipped
  X.233 CLNP Data (compressed header):
   LRef: 0x41 Prio: 11 Flags: 0xd6
   Lifetime: 18.5 sec
   PDU Id: 0x115d
   X.224 COTP Data Ack:
    dst_ref: 0x0033
    rseq: 2 credit: 2
    ATN checksum: 72 dd e1 78

[2025-08-25 20:30:03.870 CEST] [136.975] [-7.0/-49.0 dBFS] [42.0 dB] [1.0 ppm]
GROUND_Y (Ground station, On ground) -> AIRCRAFT (Aircraft): Command
AVLC type: I sseq: 7 rseq: 6 poll: 0
 X.25 Data: grp: 11 chan: 255 sseq: 3 rseq: 1 more: 0
  X.25 reasm status: skipped
  X.233 CLNP Data (compressed header):
   LRef: 0x41 Prio: 11 Flags: 0xd6
   Lifetime: 18.5 sec
   PDU Id: 0x115e
   X.224 COTP Data:
    dst_ref: 0x0033
    sseq: 1 req_of_ack: 0 EoT: 1
    COTP reasm status: skipped
    ATN checksum: 2c 52 a9 17
    CPDLC Uplink Message:
     Header:
      Msg ID: 1
      Msg Ref: 0
      Timestamp: 2025-08-25 18:29:55
      Logical ACK: notRequired
     Message data:
      LOGICAL ACKNOWLEDGMENT

[2025-08-25 20:30:03.870 CEST] [136.975] [-7.0/-49.0 dBFS] [42.0 dB] [1.0 ppm]
GROUND_Y (Ground station, On ground) -> AIRCRAFT (Aircraft): Command
AVLC type: I sseq: 0 rseq: 6 poll: 0
 X.25 Data: grp: 11 chan: 255 sseq: 4 rseq: 1 more: 0
  X.25 reasm status: skipped
  X.233 CLNP Data (compressed header):
   LRef: 0x41 Prio: 11 Flags: 0xd6
   Lifetime: 18.5 sec
   PDU Id: 0x115f
   X.224 COTP Data:
    dst_ref: 0x0033
    sseq: 2 req_of_ack: 0 EoT: 1
    COTP reasm status: skipped
    ATN checksum: ea d1 50 fc
    CPDLC Uplink Message:
     Header:
      Msg ID: 2
      Timestamp: 2025-08-25 18:29:55
      Logical ACK: required
     Message data:
      FREE TEXT
       CURRENT ATC UNIT xxxxxxxx,xxxxxxxx,xxxxxx

[2025-08-25 20:30:07.984 CEST] [136.975] [-6.9/-49.3 dBFS] [42.5 dB] [1.2 ppm]
GROUND_Y (Ground station, On ground) -> AIRCRAFT (Aircraft): Command
AVLC type: I sseq: 1 rseq: 6 poll: 1
 X.25 Data: grp: 11 chan: 255 sseq: 5 rseq: 1 more: 0
  X.25 reasm status: skipped
  X.233 CLNP Data (compressed header):
   LRef: 0x41 Prio: 11 Flags: 0xd6
   Lifetime: 18.5 sec
   PDU Id: 0x1161
   X.224 COTP Data:
    dst_ref: 0x0033
    sseq: 1 req_of_ack: 0 EoT: 1
    COTP reasm status: skipped
    ATN checksum: 2c 52 a9 17
    CPDLC Uplink Message:
     Header:
      Msg ID: 1
      Msg Ref: 0
      Timestamp: 2025-08-25 18:29:55
      Logical ACK: notRequired
     Message data:
      LOGICAL ACKNOWLEDGMENT

[2025-08-25 20:30:09.202 CEST] [136.975] [-6.8/-49.3 dBFS] [42.4 dB] [1.2 ppm]
GROUND_Y (Ground station, On ground) -> AIRCRAFT (Aircraft): Command
AVLC type: I sseq: 6 rseq: 6 poll: 0
 X.25 Data: grp: 11 chan: 255 sseq: 2 rseq: 1 more: 0
  X.25 reasm status: skipped
  X.233 CLNP Data (compressed header):
   LRef: 0x41 Prio: 11 Flags: 0xd6
   Lifetime: 18.5 sec
   PDU Id: 0x115d
   X.224 COTP Data Ack:
    dst_ref: 0x0033
    rseq: 2 credit: 2
    ATN checksum: 72 dd e1 78

[2025-08-25 20:30:09.202 CEST] [136.975] [-6.8/-49.3 dBFS] [42.4 dB] [1.2 ppm]
GROUND_Y (Ground station, On ground) -> AIRCRAFT (Aircraft): Command
AVLC type: I sseq: 7 rseq: 6 poll: 0
 X.25 Data: grp: 11 chan: 255 sseq: 3 rseq: 1 more: 0
  X.25 reasm status: skipped
  X.233 CLNP Data (compressed header):
   LRef: 0x41 Prio: 11 Flags: 0xd6
   Lifetime: 18.5 sec
   PDU Id: 0x115e
   X.224 COTP Data:
    dst_ref: 0x0033
    sseq: 1 req_of_ack: 0 EoT: 1
    COTP reasm status: skipped
    ATN checksum: 2c 52 a9 17
    CPDLC Uplink Message:
     Header:
      Msg ID: 1
      Msg Ref: 0
      Timestamp: 2025-08-25 18:29:55
      Logical ACK: notRequired
     Message data:
      LOGICAL ACKNOWLEDGMENT

[2025-08-25 20:30:09.202 CEST] [136.975] [-6.8/-49.3 dBFS] [42.4 dB] [1.2 ppm]
GROUND_Y (Ground station, On ground) -> AIRCRAFT (Aircraft): Command
AVLC type: I sseq: 0 rseq: 6 poll: 0
 X.25 Data: grp: 11 chan: 255 sseq: 4 rseq: 1 more: 0
  X.25 reasm status: skipped
  X.233 CLNP Data (compressed header):
   LRef: 0x41 Prio: 11 Flags: 0xd6
   Lifetime: 18.5 sec
   PDU Id: 0x115f
   X.224 COTP Data:
    dst_ref: 0x0033
    sseq: 2 req_of_ack: 0 EoT: 1
    COTP reasm status: skipped
    ATN checksum: ea d1 50 fc
    CPDLC Uplink Message:
     Header:
      Msg ID: 2
      Timestamp: 2025-08-25 18:29:55
      Logical ACK: required
     Message data:
      FREE TEXT
       CURRENT ATC UNIT xxxxxxxx,xxxxxxxx,xxxxxx

[2025-08-25 20:30:09.202 CEST] [136.975] [-6.8/-49.3 dBFS] [42.4 dB] [1.2 ppm]
GROUND_Y (Ground station, On ground) -> AIRCRAFT (Aircraft): Command
AVLC type: I sseq: 1 rseq: 6 poll: 1
 X.25 Data: grp: 11 chan: 255 sseq: 5 rseq: 1 more: 0
  X.25 reasm status: skipped
  X.233 CLNP Data (compressed header):
   LRef: 0x41 Prio: 11 Flags: 0xd6
   Lifetime: 18.5 sec
   PDU Id: 0x1161
   X.224 COTP Data:
    dst_ref: 0x0033
    sseq: 1 req_of_ack: 0 EoT: 1
    COTP reasm status: skipped
    ATN checksum: 2c 52 a9 17
    CPDLC Uplink Message:
     Header:
      Msg ID: 1
      Msg Ref: 0
      Timestamp: 2025-08-25 18:29:55
      Logical ACK: notRequired
     Message data:
      LOGICAL ACKNOWLEDGMENT

[2025-08-25 20:30:14.991 CEST] [136.975] [-7.0/-49.0 dBFS] [42.0 dB] [1.2 ppm]
GROUND_Y (Ground station, On ground) -> AIRCRAFT (Aircraft): Command
AVLC type: I sseq: 6 rseq: 6 poll: 0
 X.25 Data: grp: 11 chan: 255 sseq: 2 rseq: 1 more: 0
  X.25 reasm status: skipped
  X.233 CLNP Data (compressed header):
   LRef: 0x41 Prio: 11 Flags: 0xd6
   Lifetime: 18.5 sec
   PDU Id: 0x115d
   X.224 COTP Data Ack:
    dst_ref: 0x0033
    rseq: 2 credit: 2
    ATN checksum: 72 dd e1 78

[2025-08-25 20:30:14.991 CEST] [136.975] [-7.0/-49.0 dBFS] [42.0 dB] [1.2 ppm]
GROUND_Y (Ground station, On ground) -> AIRCRAFT (Aircraft): Command
AVLC type: I sseq: 7 rseq: 6 poll: 0
 X.25 Data: grp: 11 chan: 255 sseq: 3 rseq: 1 more: 0
  X.25 reasm status: skipped
  X.233 CLNP Data (compressed header):
   LRef: 0x41 Prio: 11 Flags: 0xd6
   Lifetime: 18.5 sec
   PDU Id: 0x115e
   X.224 COTP Data:
    dst_ref: 0x0033
    sseq: 1 req_of_ack: 0 EoT: 1
    COTP reasm status: skipped
    ATN checksum: 2c 52 a9 17
    CPDLC Uplink Message:
     Header:
      Msg ID: 1
      Msg Ref: 0
      Timestamp: 2025-08-25 18:29:55
      Logical ACK: notRequired
     Message data:
      LOGICAL ACKNOWLEDGMENT

[2025-08-25 20:30:14.991 CEST] [136.975] [-7.0/-49.0 dBFS] [42.0 dB] [1.2 ppm]
GROUND_Y (Ground station, On ground) -> AIRCRAFT (Aircraft): Command
AVLC type: I sseq: 0 rseq: 6 poll: 0
 X.25 Data: grp: 11 chan: 255 sseq: 4 rseq: 1 more: 0
  X.25 reasm status: skipped
  X.233 CLNP Data (compressed header):
   LRef: 0x41 Prio: 11 Flags: 0xd6
   Lifetime: 18.5 sec
   PDU Id: 0x115f
   X.224 COTP Data:
    dst_ref: 0x0033
    sseq: 2 req_of_ack: 0 EoT: 1
    COTP reasm status: skipped
    ATN checksum: ea d1 50 fc
    CPDLC Uplink Message:
     Header:
      Msg ID: 2
      Timestamp: 2025-08-25 18:29:55
      Logical ACK: required
     Message data:
      FREE TEXT
       CURRENT ATC UNIT xxxxxxxx,xxxxxxxx,xxxxxx

[2025-08-25 20:30:14.991 CEST] [136.975] [-7.0/-49.0 dBFS] [42.0 dB] [1.2 ppm]
GROUND_Y (Ground station, On ground) -> AIRCRAFT (Aircraft): Command
AVLC type: I sseq: 1 rseq: 6 poll: 1
 X.25 Data: grp: 11 chan: 255 sseq: 5 rseq: 1 more: 0
  X.25 reasm status: skipped
  X.233 CLNP Data (compressed header):
   LRef: 0x41 Prio: 11 Flags: 0xd6
   Lifetime: 18.5 sec
   PDU Id: 0x1161
   X.224 COTP Data:
    dst_ref: 0x0033
    sseq: 1 req_of_ack: 0 EoT: 1
    COTP reasm status: skipped
    ATN checksum: 2c 52 a9 17
    CPDLC Uplink Message:
     Header:
      Msg ID: 1
      Msg Ref: 0
      Timestamp: 2025-08-25 18:29:55
      Logical ACK: notRequired
     Message data:
      LOGICAL ACKNOWLEDGMENT

[2025-08-25 20:30:21.238 CEST] [136.975] [-7.1/-48.7 dBFS] [41.6 dB] [1.0 ppm]
GROUND_Y (Ground station, On ground) -> AIRCRAFT (Aircraft): Command
AVLC type: I sseq: 6 rseq: 6 poll: 0
 X.25 Data: grp: 11 chan: 255 sseq: 2 rseq: 1 more: 0
  X.25 reasm status: skipped
  X.233 CLNP Data (compressed header):
   LRef: 0x41 Prio: 11 Flags: 0xd6
   Lifetime: 18.5 sec
   PDU Id: 0x115d
   X.224 COTP Data Ack:
    dst_ref: 0x0033
    rseq: 2 credit: 2
    ATN checksum: 72 dd e1 78

[2025-08-25 20:30:21.238 CEST] [136.975] [-7.1/-48.7 dBFS] [41.6 dB] [1.0 ppm]
GROUND_Y (Ground station, On ground) -> AIRCRAFT (Aircraft): Command
AVLC type: I sseq: 7 rseq: 6 poll: 0
 X.25 Data: grp: 11 chan: 255 sseq: 3 rseq: 1 more: 0
  X.25 reasm status: skipped
  X.233 CLNP Data (compressed header):
   LRef: 0x41 Prio: 11 Flags: 0xd6
   Lifetime: 18.5 sec
   PDU Id: 0x115e
   X.224 COTP Data:
    dst_ref: 0x0033
    sseq: 1 req_of_ack: 0 EoT: 1
    COTP reasm status: skipped
    ATN checksum: 2c 52 a9 17
    CPDLC Uplink Message:
     Header:
      Msg ID: 1
      Msg Ref: 0
      Timestamp: 2025-08-25 18:29:55
      Logical ACK: notRequired
     Message data:
      LOGICAL ACKNOWLEDGMENT

[2025-08-25 20:30:21.238 CEST] [136.975] [-7.1/-48.7 dBFS] [41.6 dB] [1.0 ppm]
GROUND_Y (Ground station, On ground) -> AIRCRAFT (Aircraft): Command
AVLC type: I sseq: 0 rseq: 6 poll: 0
 X.25 Data: grp: 11 chan: 255 sseq: 4 rseq: 1 more: 0
  X.25 reasm status: skipped
  X.233 CLNP Data (compressed header):
   LRef: 0x41 Prio: 11 Flags: 0xd6
   Lifetime: 18.5 sec
   PDU Id: 0x115f
   X.224 COTP Data:
    dst_ref: 0x0033
    sseq: 2 req_of_ack: 0 EoT: 1
    COTP reasm status: skipped
    ATN checksum: ea d1 50 fc
    CPDLC Uplink Message:
     Header:
      Msg ID: 2
      Timestamp: 2025-08-25 18:29:55
      Logical ACK: required
     Message data:
      FREE TEXT
       CURRENT ATC UNIT xxxxxxxx,xxxxxxxx,xxxxxx

[2025-08-25 20:30:21.238 CEST] [136.975] [-7.1/-48.7 dBFS] [41.6 dB] [1.0 ppm]
GROUND_Y (Ground station, On ground) -> AIRCRAFT (Aircraft): Command
AVLC type: I sseq: 1 rseq: 6 poll: 1
 X.25 Data: grp: 11 chan: 255 sseq: 5 rseq: 1 more: 0
  X.25 reasm status: skipped
  X.233 CLNP Data (compressed header):
   LRef: 0x41 Prio: 11 Flags: 0xd6
   Lifetime: 18.5 sec
   PDU Id: 0x1161
   X.224 COTP Data:
    dst_ref: 0x0033
    sseq: 1 req_of_ack: 0 EoT: 1
    COTP reasm status: skipped
    ATN checksum: 2c 52 a9 17
    CPDLC Uplink Message:
     Header:
      Msg ID: 1
      Msg Ref: 0
      Timestamp: 2025-08-25 18:29:55
      Logical ACK: notRequired
     Message data:
      LOGICAL ACKNOWLEDGMENT

[2025-08-25 20:30:34.192 CEST] [136.975] [-9.5/-49.2 dBFS] [39.8 dB] [1.2 ppm]
GROUND_X (Ground station, On ground) -> FFFFFF (Aircraft): Command
AVLC type: U (XID) P/F: 0
 XID: Ground Station Information Frame
  Public params:
   Parameter set ID: 8885:1993
   Procedure classes: 00 01
   HDLC options: 20 a4 88
  VDL params:
   Parameter set ID: V
   AVLC specific options: 64
   Frequency support list:
    Ground station: xxxxxx
     Frequency: 136.875 MHz (VDL-M2, D8PSK, 31500 bps)
    Ground station: xxxxxx
     Frequency: 136.875 MHz (VDL-M2, D8PSK, 31500 bps)
   Timer T4: 00 02
   Airport coverage: xxxx
   ATN router NETs: 53 49 54 00 00 01	"SIT..."
   System mask: 200000
   Ground station location: xN yE

[2025-08-25 20:30:34.194 CEST] [136.975] [1.9/-49.1 dBFS] [51.0 dB] [0.3 ppm]
AIRCRAFT (Aircraft, On ground) -> GROUND_X (Ground station): Command
AVLC type: U (XID) P/F: 1
 XID: Link Establishment
  Public params:
   Parameter set ID: 8885:1993
   HDLC options: 20 84 80
   Procedure classes: 00 01
  VDL params:
   Parameter set ID: V
   Connection management: 00
   XID sequencing: seq: 3 retry: 0
   AVLC specific options: 24
   Modulation support: VDL-M2, D8PSK, 31500 bps
   Aircraft location: xN yE 0 ft

[2025-08-25 20:30:34.345 CEST] [136.975] [-9.5/-49.4 dBFS] [39.9 dB] [1.0 ppm]
GROUND_X (Ground station, On ground) -> AIRCRAFT (Aircraft): Response
AVLC type: U (XID) P/F: 1
 XID: Link Establishment Response
  Public params:
   Parameter set ID: 8885:1993
   Procedure classes: 00 01
   HDLC options: 20 a4 88
  VDL params:
   Parameter set ID: V
   Connection management: 00
   XID sequencing: seq: 3 retry: 0
   AVLC specific options: 64
   Airport coverage: xxxx
   ATN router NETs: 53 49 54 00 00 01	"SIT..."
   System mask: 200000
   Ground station location: xN yE

[2025-08-25 20:30:34.497 CEST] [136.975] [1.7/-49.4 dBFS] [51.0 dB] [0.4 ppm]
AIRCRAFT (Aircraft, On ground) -> GROUND_X (Ground station): Command
AVLC type: I sseq: 0 rseq: 0 poll: 0
 ACARS:
  Reassembly: skipped
  Reg: ..CPDLC Flight: HB0000
  Mode: 2 Label: Q0 Blk id: 3 More: 0 Ack: ! Msg num: M02A

[2025-08-25 20:30:34.955 CEST] [136.975] [-13.2/-49.4 dBFS] [36.3 dB] [1.2 ppm]
GROUND_X (Ground station, On ground) -> AIRCRAFT (Aircraft): Command
AVLC type: I sseq: 0 rseq: 1 poll: 0
 ACARS:
  Reassembly: skipped
  Reg: ..CPDLC
  Mode: 2 Label: _d Blk id: A More: 0 Ack: 3

[2025-08-25 20:30:35.106 CEST] [136.975] [1.7/-49.5 dBFS] [51.2 dB] [0.2 ppm]
AIRCRAFT (Aircraft, On ground) -> GROUND_X (Ground station): Command
AVLC type: I sseq: 1 rseq: 1 poll: 0
 X.25 Call Request: grp: 11 chan: 255 src: 22677777 dst: none
  Facilities:
   Fast Select: requested
   Called address extension: 8c 53 49 54 00 00 01	".SIT..."
  Compression support: LREF, LREF-CAN
  M/I: 0
  ES-IS IS Hello: Hold Time: 30 sec
   NET: 47 00 27 c1 53 55 49 00 xx xx xx 01 01 55 4c 38 30 58 31 00	"G.'.SUI.K....UL80X1."

[2025-08-25 20:30:35.411 CEST] [136.975] [-13.1/-49.4 dBFS] [36.3 dB] [1.2 ppm]
GROUND_X (Ground station, On ground) -> AIRCRAFT (Aircraft): Command
AVLC type: I sseq: 1 rseq: 2 poll: 0
 X.25 Call Accepted: grp: 11 chan: 255 src: 22677777 dst: 1116900402899
  Facilities:
   Max. packet size:
    From calling DTE: 256 bytes
    From called  DTE: 256 bytes
   Window size:
    From calling DTE: 4 packets
    From called  DTE: 4 packets
   Called line address modified: 0f
  Compression support: LREF, LREF-CAN
  M/I: 0
  ES-IS IS Hello: Hold Time: 65534 sec
   NET: 47 00 27 01 53 49 54 00 59 55 4c 00 01 08 00 20 ff ba 45 00	"G.'.SIT.YUL.... ..E."
   Options:
    ATN Data Link Capabilities: 01
    Mobile Subnetwork Capabilities:
     Permitted traffic: all
     Supported ATSC classes: A

[2025-08-25 20:30:35.412 CEST] [136.975] [-13.1/-49.4 dBFS] [36.2 dB] [1.2 ppm]
GROUND_X (Ground station, On ground) -> AIRCRAFT (Aircraft): Command
AVLC type: I sseq: 2 rseq: 2 poll: 0
 X.25 Data: grp: 11 chan: 255 sseq: 0 rseq: 0 more: 0
  X.25 reasm status: skipped
  X.233 CLNP Data:
   Src NSAP: 47 00 27 01 53 49 54 00 59 55 4c 00 01 08 00 20 ff ba 45 00	"G.'.SIT.YUL.... ..E."
   Dst NSAP: 47 00 27 c1 53 55 49 00 xx xx xx 01 01 55 4c 38 30 58 31 00	"G.'.SUI.K....UL80X1."
   Lifetime: 20.0 sec
   Flags: SP E/R
   Segmentation:
    PDU Id: 0x1b55
    Segment offset: 0
    PDU total length: 140
    CLNP reasm status: skipped
   Options:
    LRef: 0x40
    QoS maintenance: 0xd6
    Security:
     Reg ID: 06 04 2b 1b 00 00
     Info:
      Traffic type:
       Type: ATN system management
       Category: none
       Route policy: 0x00
    Priority: 0x0e
   IDRP Open: seq: 8 ack: 2 credit_offered: 4 credit_avail: 0
    Hold Time: 900 seconds
    Max. PDU size: 3000 octets
    Source RDI: 47 00 27 01 53 49 54 00 59 55 4c	"G.'.SIT.YUL"
    RIB Attribute Set:
     RibAtt #0:
      Security:
       Reg ID: 06 04 2b 1b 00 00
    Auth mechanism: simple checksum

[2025-08-25 20:30:36.173 CEST] [136.975] [1.8/-49.1 dBFS] [50.9 dB] [0.2 ppm]
AIRCRAFT (Aircraft, On ground) -> GROUND_X (Ground station): Command
AVLC type: I sseq: 2 rseq: 3 poll: 0
 X.25 Data: grp: 11 chan: 255 sseq: 0 rseq: 1 more: 0
  X.25 reasm status: skipped
  X.233 CLNP Data (compressed header):
   LRef: 0x40 Prio: 14 Flags: 0xf6
   Lifetime: 32.0 sec
   PDU Id: 0x12
   IDRP Open: seq: 1 ack: 8 credit_offered: 3 credit_avail: 4
    Hold Time: 900 seconds
    Max. PDU size: 1024 octets
    Source RDI: 47 00 27 c1 53 55 49 00 xx xx xx	"G.'.SUI.K.."
    RIB Attribute Set:
     RibAtt #0:
      Security:
       Reg ID: 06 04 2b 1b 00 00
    Auth mechanism: simple checksum

[2025-08-25 20:30:38.915 CEST] [136.975] [-9.5/-48.6 dBFS] [39.0 dB] [1.1 ppm]
GROUND_X (Ground station, On ground) -> AIRCRAFT (Aircraft): Command
AVLC type: I sseq: 1 rseq: 2 poll: 0
 X.25 Call Accepted: grp: 11 chan: 255 src: 22677777 dst: 1116900402899
  Facilities:
   Max. packet size:
    From calling DTE: 256 bytes
    From called  DTE: 256 bytes
   Window size:
    From calling DTE: 4 packets
    From called  DTE: 4 packets
   Called line address modified: 0f
  Compression support: LREF, LREF-CAN
  M/I: 0
  ES-IS IS Hello: Hold Time: 65534 sec
   NET: 47 00 27 01 53 49 54 00 59 55 4c 00 01 08 00 20 ff ba 45 00	"G.'.SIT.YUL.... ..E."
   Options:
    ATN Data Link Capabilities: 01
    Mobile Subnetwork Capabilities:
     Permitted traffic: all
     Supported ATSC classes: A

[2025-08-25 20:30:38.915 CEST] [136.975] [-9.5/-48.6 dBFS] [39.0 dB] [1.1 ppm]
GROUND_X (Ground station, On ground) -> AIRCRAFT (Aircraft): Command
AVLC type: I sseq: 2 rseq: 2 poll: 0
 X.25 Data: grp: 11 chan: 255 sseq: 0 rseq: 0 more: 0
  X.25 reasm status: skipped
  X.233 CLNP Data:
   Src NSAP: 47 00 27 01 53 49 54 00 59 55 4c 00 01 08 00 20 ff ba 45 00	"G.'.SIT.YUL.... ..E."
   Dst NSAP: 47 00 27 c1 53 55 49 00 xx xx xx 01 01 55 4c 38 30 58 31 00	"G.'.SUI.K....UL80X1."
   Lifetime: 20.0 sec
   Flags: SP E/R
   Segmentation:
    PDU Id: 0x1b55
    Segment offset: 0
    PDU total length: 140
    CLNP reasm status: skipped
   Options:
    LRef: 0x40
    QoS maintenance: 0xd6
    Security:
     Reg ID: 06 04 2b 1b 00 00
     Info:
      Traffic type:
       Type: ATN system management
       Category: none
       Route policy: 0x00
    Priority: 0x0e
   IDRP Open: seq: 8 ack: 2 credit_offered: 4 credit_avail: 0
    Hold Time: 900 seconds
    Max. PDU size: 3000 octets
    Source RDI: 47 00 27 01 53 49 54 00 59 55 4c	"G.'.SIT.YUL"
    RIB Attribute Set:
     RibAtt #0:
      Security:
       Reg ID: 06 04 2b 1b 00 00
    Auth mechanism: simple checksum

[2025-08-25 20:30:39.374 CEST] [136.975] [1.8/-49.2 dBFS] [51.1 dB] [0.3 ppm]
AIRCRAFT (Aircraft, On ground) -> GROUND_X (Ground station): Response
AVLC type: S (Receive Ready) P/F: 0 rseq: 3

[2025-08-25 20:30:39.375 CEST] [136.975] [1.7/-49.0 dBFS] [50.7 dB] [0.3 ppm]
AIRCRAFT (Aircraft, On ground) -> GROUND_X (Ground station): Response
AVLC type: S (Receive Ready) P/F: 0 rseq: 3

[2025-08-25 20:30:39.527 CEST] [136.975] [1.8/-49.0 dBFS] [50.7 dB] [0.4 ppm]
AIRCRAFT (Aircraft, On ground) -> GROUND_X (Ground station): Command
AVLC type: I sseq: 2 rseq: 3 poll: 0
 X.25 Data: grp: 11 chan: 255 sseq: 0 rseq: 1 more: 0
  X.25 reasm status: skipped
  X.233 CLNP Data (compressed header):
   LRef: 0x40 Prio: 14 Flags: 0xf6
   Lifetime: 32.0 sec
   PDU Id: 0x12
   IDRP Open: seq: 1 ack: 8 credit_offered: 3 credit_avail: 4
    Hold Time: 900 seconds
    Max. PDU size: 1024 octets
    Source RDI: 47 00 27 c1 53 55 49 00 xx xx xx	"G.'.SUI.K.."
    RIB Attribute Set:
     RibAtt #0:
      Security:
       Reg ID: 06 04 2b 1b 00 00
    Auth mechanism: simple checksum

[2025-08-25 20:30:39.829 CEST] [136.975] [-13.1/-49.3 dBFS] [36.2 dB] [1.1 ppm]
GROUND_X (Ground station, On ground) -> AIRCRAFT (Aircraft): Command
AVLC type: I sseq: 3 rseq: 3 poll: 0
 X.25 Data: grp: 11 chan: 255 sseq: 1 rseq: 1 more: 0
  X.25 reasm status: skipped
  X.233 CLNP Data (compressed header):
   LRef: 0x40 Prio: 14 Flags: 0xf6
   Lifetime: 20.0 sec
   PDU Id: 0x1b6d
   IDRP Keepalive: seq: 9 ack: 1 credit_offered: 4 credit_avail: 3

[2025-08-25 20:30:40.898 CEST] [136.975] [-13.1/-49.3 dBFS] [36.2 dB] [1.2 ppm]
GROUND_X (Ground station, On ground) -> AIRCRAFT (Aircraft): Response
AVLC type: S (Receive Ready) P/F: 0 rseq: 4

[2025-08-25 20:30:41.353 CEST] [136.975] [-9.4/-48.5 dBFS] [39.1 dB] [1.0 ppm]
GROUND_X (Ground station, On ground) -> AIRCRAFT (Aircraft): Command
AVLC type: I sseq: 5 rseq: 4 poll: 0
 X.25 Data: grp: 11 chan: 255 sseq: 3 rseq: 2 more: 0
  X.25 reasm status: skipped
  X.233 CLNP Data (compressed header):
   LRef: 0x40 Prio: 14 Flags: 0xf6
   Lifetime: 20.0 sec
   PDU Id: 0x1b72
   IDRP Keepalive: seq: 10 ack: 2 credit_offered: 4 credit_avail: 2

[2025-08-25 20:30:41.354 CEST] [136.975] [1.8/-48.2 dBFS] [50.0 dB] [0.5 ppm]
AIRCRAFT (Aircraft, On ground) -> GROUND_X (Ground station): Response
AVLC type: S (Selective Reject) P/F: 0 rseq: 4
 Data (1 bytes):
  a1

[2025-08-25 20:30:41.357 CEST] [136.975] [-9.4/-48.0 dBFS] [38.6 dB] [1.1 ppm]
GROUND_X (Ground station, On ground) -> AIRCRAFT (Aircraft): Command
AVLC type: I sseq: 4 rseq: 4 poll: 0
 X.25 Data: grp: 11 chan: 255 sseq: 2 rseq: 1 more: 0
  X.25 reasm status: skipped
  X.233 CLNP Data (compressed header):
   LRef: 0x40 Prio: 14 Flags: 0xf6
   Lifetime: 20.0 sec
   PDU Id: 0x1b6e
   IDRP Update: seq: 9 ack: 1 credit_offered: 4 credit_avail: 2
    Route:
     ID: 5206
     Local preference: 0
    Security:
     Reg ID: 06 04 2b 1b 00 00
     Info:
      Supported ATSC classes: A
      Subnetwork type:
       Subnet: VDL
       Permitted traffic: all
    RD path:
     RD_SEQ:
      47 00 27 01 53 49 54 00 00 00 01 0b 47 00 27 01 53 49 54 00 59 55 4c	"G.'.SIT.....G.'.SIT.YUL"
      47 00 27 01 53 49 54 00 59 55 4c	"G.'.SIT.YUL"
    RD hop count: 2
    Capacity: 12
    Reachability info:
     Protocol: CLNP
     Prefix length: 32
     Dest. address prefix: 47 00 27 01 20 47 00 27 81	"G.'. G.'."

[2025-08-25 20:30:41.507 CEST] [136.975] [1.9/-48.0 dBFS] [49.9 dB] [0.3 ppm]
AIRCRAFT (Aircraft, On ground) -> GROUND_X (Ground station): Response
AVLC type: S (Receive Ready) P/F: 0 rseq: 6

[2025-08-25 20:30:42.268 CEST] [136.975] [1.9/-49.1 dBFS] [51.0 dB] [0.3 ppm]
AIRCRAFT (Aircraft, On ground) -> GROUND_X (Ground station): Command
AVLC type: I sseq: 4 rseq: 6 poll: 0
 X.25 Receive Ready: grp: 11 chan: 255 rseq: 4

[2025-08-25 20:30:42.880 CEST] [136.975] [-9.4/-48.2 dBFS] [38.8 dB] [1.1 ppm]
GROUND_X (Ground station, On ground) -> AIRCRAFT (Aircraft): Response
AVLC type: S (Receive Ready) P/F: 0 rseq: 5

[2025-08-25 20:30:43.184 CEST] [136.975] [-11.0/-48.5 dBFS] [37.4 dB] [2.5 ppm]
GROUND_X (Ground station, On ground) -> FFFFFF (Aircraft): Command
AVLC type: U (DISC) P/F: 0

[2025-08-25 20:30:43.792 CEST] [136.975] [1.7/-49.3 dBFS] [51.1 dB] [0.4 ppm]
AIRCRAFT (Aircraft, On ground) -> GROUND_X (Ground station): Command
AVLC type: I sseq: 5 rseq: 6 poll: 0
 X.25 Data: grp: 11 chan: 255 sseq: 2 rseq: 4 more: 0
  X.25 reasm status: skipped
  X.233 CLNP Data (compressed header):
   LRef: 0x40 Prio: 14 Flags: 0xf6
   Lifetime: 32.0 sec
   PDU Id: 0x14
   IDRP Keepalive: seq: 3 ack: 9 credit_offered: 3 credit_avail: 4

[2025-08-25 20:30:44.554 CEST] [136.975] [-9.4/-49.3 dBFS] [39.9 dB] [1.1 ppm]
GROUND_X (Ground station, On ground) -> AIRCRAFT (Aircraft): Response
AVLC type: S (Receive Ready) P/F: 0 rseq: 6

[2025-08-25 20:31:20.060 CEST] [136.975] [-9.5/-48.9 dBFS] [39.4 dB] [1.2 ppm]
GROUND_X (Ground station, On ground) -> AIRCRAFT (Aircraft): Command
AVLC type: I sseq: 6 rseq: 6 poll: 0
 X.25 Data: grp: 11 chan: 255 sseq: 4 rseq: 3 more: 0
  X.25 reasm status: skipped
  X.233 CLNP Data:
   Src NSAP: 47 00 27 81 83 65 75 00 11 50 59 00 01 00 00 47 47 31 31 01	"G.'..eu..PY....GG11."
   Dst NSAP: 47 00 27 c1 53 55 49 00 xx xx xx 01 01 55 4c 38 30 58 31 01	"G.'.SUI.K....UL80X1."
   Lifetime: 18.5 sec
   Flags: SP
   Segmentation:
    PDU Id: 0x1165
    Segment offset: 0
    PDU total length: 109
    CLNP reasm status: skipped
   Options:
    LRef: 0x41
    QoS maintenance: 0xd6
    Security:
     Reg ID: 06 04 2b 1b 00 00
     Info:
      Traffic type:
       Type: ATN operational
       Category: ATSC
       Route policy: 0x01
    Priority: 0x0b
   X.224 COTP Data:
    dst_ref: 0x0033
    sseq: 1 req_of_ack: 0 EoT: 1
    COTP reasm status: skipped
    ATN checksum: 2c 52 a9 17
    CPDLC Uplink Message:
     Header:
      Msg ID: 1
      Msg Ref: 0
      Timestamp: 2025-08-25 18:29:55
      Logical ACK: notRequired
     Message data:
      LOGICAL ACKNOWLEDGMENT

[2025-08-25 20:31:23.869 CEST] [136.975] [-9.5/-49.4 dBFS] [39.9 dB] [1.2 ppm]
GROUND_X (Ground station, On ground) -> AIRCRAFT (Aircraft): Command
AVLC type: I sseq: 6 rseq: 6 poll: 0
 X.25 Data: grp: 11 chan: 255 sseq: 4 rseq: 3 more: 0
  X.25 reasm status: skipped
  X.233 CLNP Data:
   Src NSAP: 47 00 27 81 83 65 75 00 11 50 59 00 01 00 00 47 47 31 31 01	"G.'..eu..PY....GG11."
   Dst NSAP: 47 00 27 c1 53 55 49 00 xx xx xx 01 01 55 4c 38 30 58 31 01	"G.'.SUI.K....UL80X1."
   Lifetime: 18.5 sec
   Flags: SP
   Segmentation:
    PDU Id: 0x1165
    Segment offset: 0
    PDU total length: 109
    CLNP reasm status: skipped
   Options:
    LRef: 0x41
    QoS maintenance: 0xd6
    Security:
     Reg ID: 06 04 2b 1b 00 00
     Info:
      Traffic type:
       Type: ATN operational
       Category: ATSC
       Route policy: 0x01
    Priority: 0x0b
   X.224 COTP Data:
    dst_ref: 0x0033
    sseq: 1 req_of_ack: 0 EoT: 1
    COTP reasm status: skipped
    ATN checksum: 2c 52 a9 17
    CPDLC Uplink Message:
     Header:
      Msg ID: 1
      Msg Ref: 0
      Timestamp: 2025-08-25 18:29:55
      Logical ACK: notRequired
     Message data:
      LOGICAL ACKNOWLEDGMENT

[2025-08-25 20:31:27.982 CEST] [136.975] [-9.5/-49.5 dBFS] [40.0 dB] [0.9 ppm]
GROUND_X (Ground station, On ground) -> AIRCRAFT (Aircraft): Command
AVLC type: I sseq: 6 rseq: 6 poll: 0
 X.25 Data: grp: 11 chan: 255 sseq: 4 rseq: 3 more: 0
  X.25 reasm status: skipped
  X.233 CLNP Data:
   Src NSAP: 47 00 27 81 83 65 75 00 11 50 59 00 01 00 00 47 47 31 31 01	"G.'..eu..PY....GG11."
   Dst NSAP: 47 00 27 c1 53 55 49 00 xx xx xx 01 01 55 4c 38 30 58 31 01	"G.'.SUI.K....UL80X1."
   Lifetime: 18.5 sec
   Flags: SP
   Segmentation:
    PDU Id: 0x1165
    Segment offset: 0
    PDU total length: 109
    CLNP reasm status: skipped
   Options:
    LRef: 0x41
    QoS maintenance: 0xd6
    Security:
     Reg ID: 06 04 2b 1b 00 00
     Info:
      Traffic type:
       Type: ATN operational
       Category: ATSC
       Route policy: 0x01
    Priority: 0x0b
   X.224 COTP Data:
    dst_ref: 0x0033
    sseq: 1 req_of_ack: 0 EoT: 1
    COTP reasm status: skipped
    ATN checksum: 2c 52 a9 17
    CPDLC Uplink Message:
     Header:
      Msg ID: 1
      Msg Ref: 0
      Timestamp: 2025-08-25 18:29:55
      Logical ACK: notRequired
     Message data:
      LOGICAL ACKNOWLEDGMENT

[2025-08-25 20:31:32.404 CEST] [136.975] [-9.4/-49.4 dBFS] [40.1 dB] [1.1 ppm]
GROUND_X (Ground station, On ground) -> AIRCRAFT (Aircraft): Command
AVLC type: I sseq: 6 rseq: 6 poll: 0
 X.25 Data: grp: 11 chan: 255 sseq: 4 rseq: 3 more: 0
  X.25 reasm status: skipped
  X.233 CLNP Data:
   Src NSAP: 47 00 27 81 83 65 75 00 11 50 59 00 01 00 00 47 47 31 31 01	"G.'..eu..PY....GG11."
   Dst NSAP: 47 00 27 c1 53 55 49 00 xx xx xx 01 01 55 4c 38 30 58 31 01	"G.'.SUI.K....UL80X1."
   Lifetime: 18.5 sec
   Flags: SP
   Segmentation:
    PDU Id: 0x1165
    Segment offset: 0
    PDU total length: 109
    CLNP reasm status: skipped
   Options:
    LRef: 0x41
    QoS maintenance: 0xd6
    Security:
     Reg ID: 06 04 2b 1b 00 00
     Info:
      Traffic type:
       Type: ATN operational
       Category: ATSC
       Route policy: 0x01
    Priority: 0x0b
   X.224 COTP Data:
    dst_ref: 0x0033
    sseq: 1 req_of_ack: 0 EoT: 1
    COTP reasm status: skipped
    ATN checksum: 2c 52 a9 17
    CPDLC Uplink Message:
     Header:
      Msg ID: 1
      Msg Ref: 0
      Timestamp: 2025-08-25 18:29:55
      Logical ACK: notRequired
     Message data:
      LOGICAL ACKNOWLEDGMENT


[2025-08-25 20:31:37.583 CEST] [136.975] [-9.5/-49.1 dBFS] [39.6 dB] [1.3 ppm]
GROUND_X (Ground station, On ground) -> AIRCRAFT (Aircraft): Command
AVLC type: I sseq: 6 rseq: 6 poll: 0
 X.25 Data: grp: 11 chan: 255 sseq: 4 rseq: 3 more: 0
  X.25 reasm status: skipped
  X.233 CLNP Data:
   Src NSAP: 47 00 27 81 83 65 75 00 11 50 59 00 01 00 00 47 47 31 31 01	"G.'..eu..PY....GG11."
   Dst NSAP: 47 00 27 c1 53 55 49 00 xx xx xx 01 01 55 4c 38 30 58 31 01	"G.'.SUI.K....UL80X1."
   Lifetime: 18.5 sec
   Flags: SP
   Segmentation:
    PDU Id: 0x1165
    Segment offset: 0
    PDU total length: 109
    CLNP reasm status: skipped
   Options:
    LRef: 0x41
    QoS maintenance: 0xd6
    Security:
     Reg ID: 06 04 2b 1b 00 00
     Info:
      Traffic type:
       Type: ATN operational
       Category: ATSC
       Route policy: 0x01
    Priority: 0x0b
   X.224 COTP Data:
    dst_ref: 0x0033
    sseq: 1 req_of_ack: 0 EoT: 1
    COTP reasm status: skipped
    ATN checksum: 2c 52 a9 17
    CPDLC Uplink Message:
     Header:
      Msg ID: 1
      Msg Ref: 0
      Timestamp: 2025-08-25 18:29:55
      Logical ACK: notRequired
     Message data:
      LOGICAL ACKNOWLEDGMENT

[2025-08-25 20:31:40.630 CEST] [136.975] [-7.0/-49.3 dBFS] [42.3 dB] [1.1 ppm]
GROUND_Y (Ground station, On ground) -> FFFFFF (Aircraft): Command
AVLC type: U (XID) P/F: 0
 XID: Ground Station Information Frame
  Public params:
   Parameter set ID: 8885:1993
   Procedure classes: 00 01
   HDLC options: 20 a4 88
  VDL params:
   Parameter set ID: V
   AVLC specific options: 64
   Frequency support list:
    Ground station: xxxxxx
     Frequency: 136.875 MHz (VDL-M2, D8PSK, 31500 bps)
    Ground station: xxxxxx
     Frequency: 136.875 MHz (VDL-M2, D8PSK, 31500 bps)
   Timer T4: 00 02
   Airport coverage: xxxx
   ATN router NETs: 53 49 54 00 00 01	"SIT..."
   System mask: 200000
   Ground station location: xN yE

[2025-08-25 20:31:40.632 CEST] [136.975] [1.8/-49.3 dBFS] [51.1 dB] [0.3 ppm]
AIRCRAFT (Aircraft, On ground) -> GROUND_Y (Ground station): Command
AVLC type: U (XID) P/F: 1
 XID: Link Establishment
  Public params:
   Parameter set ID: 8885:1993
   HDLC options: 20 84 80
   Procedure classes: 00 01
  VDL params:
   Parameter set ID: V
   Connection management: 00
   XID sequencing: seq: 4 retry: 0
   AVLC specific options: 64
   Modulation support: VDL-M2, D8PSK, 31500 bps
   Aircraft location: xN yE 0 ft

[2025-08-25 20:31:40.784 CEST] [136.975] [-7.0/-49.2 dBFS] [42.2 dB] [1.1 ppm]
GROUND_Y (Ground station, On ground) -> AIRCRAFT (Aircraft): Response
AVLC type: U (XID) P/F: 1
 XID: Link Establishment Response
  Public params:
   Parameter set ID: 8885:1993
   Procedure classes: 00 01
   HDLC options: 20 a4 88
  VDL params:
   Parameter set ID: V
   Connection management: 00
   XID sequencing: seq: 4 retry: 0
   AVLC specific options: 64
   Airport coverage: xxxx
   ATN router NETs: 53 49 54 00 00 01	"SIT..."
   System mask: 200000
   Ground station location: xN yE

[2025-08-25 20:31:40.785 CEST] [136.975] [1.7/-49.1 dBFS] [50.8 dB] [0.2 ppm]
AIRCRAFT (Aircraft, On ground) -> GROUND_Y (Ground station): Command
AVLC type: I sseq: 0 rseq: 0 poll: 0
 ACARS:
  Reassembly: skipped
  Reg: ..CPDLC Flight: HB0000
  Mode: 2 Label: Q0 Blk id: 4 More: 0 Ack: ! Msg num: M03A

[2025-08-25 20:31:41.088 CEST] [136.975] [-10.6/-49.0 dBFS] [38.4 dB] [0.9 ppm]
GROUND_Y (Ground station, On ground) -> AIRCRAFT (Aircraft): Command
AVLC type: I sseq: 0 rseq: 1 poll: 0
 ACARS:
  Reassembly: skipped
  Reg: ..CPDLC
  Mode: 2 Label: _d Blk id: A More: 0 Ack: 4

[2025-08-25 20:31:41.851 CEST] [136.975] [1.8/-49.0 dBFS] [50.8 dB] [0.2 ppm]
AIRCRAFT (Aircraft, On ground) -> GROUND_Y (Ground station): Command
AVLC type: I sseq: 1 rseq: 1 poll: 0
 X.25 Call Request: grp: 11 chan: 255 src: 22677777 dst: none
  Facilities:
   Fast Select: requested
   Called address extension: 8c 53 49 54 00 00 01	".SIT..."
  Compression support: LREF, LREF-CAN
  M/I: 0
  ES-IS IS Hello: Hold Time: 30 sec
   NET: 47 00 27 c1 53 55 49 00 xx xx xx 01 01 55 4c 38 30 58 31 00	"G.'.SUI.K....UL80X1."

[2025-08-25 20:31:42.155 CEST] [136.975] [-10.6/-49.1 dBFS] [38.4 dB] [1.1 ppm]
GROUND_Y (Ground station, On ground) -> AIRCRAFT (Aircraft): Command
AVLC type: I sseq: 1 rseq: 2 poll: 0
 X.25 Call Accepted: grp: 11 chan: 255 src: 22677777 dst: 1116900402899
  Facilities:
   Max. packet size:
    From calling DTE: 256 bytes
    From called  DTE: 256 bytes
   Window size:
    From calling DTE: 4 packets
    From called  DTE: 4 packets
   Called line address modified: 0f
  Compression support: LREF, LREF-CAN
  M/I: 0
  ES-IS IS Hello: Hold Time: 65534 sec
   NET: 47 00 27 01 53 49 54 00 59 55 4c 00 01 08 00 20 ff ba 45 00	"G.'.SIT.YUL.... ..E."
   Options:
    ATN Data Link Capabilities: 01
    Mobile Subnetwork Capabilities:
     Permitted traffic: all
     Supported ATSC classes: A

[2025-08-25 20:31:42.156 CEST] [136.975] [-13.1/-49.1 dBFS] [36.0 dB] [1.1 ppm]
GROUND_X (Ground station, On ground) -> AIRCRAFT (Aircraft): Command
AVLC type: I sseq: 7 rseq: 6 poll: 0
 X.25 Clear Request: grp: 11 chan: 255
  Cause: 0x00 (DTE originated)
  Diagnostic code: 0x00 (Cleared by system management)

[2025-08-25 20:31:42.306 CEST] [136.975] [-10.7/-49.0 dBFS] [38.3 dB] [1.0 ppm]
GROUND_Y (Ground station, On ground) -> AIRCRAFT (Aircraft): Command
AVLC type: I sseq: 2 rseq: 2 poll: 0
 X.25 Data: grp: 11 chan: 255 sseq: 0 rseq: 0 more: 0
  X.25 reasm status: skipped
  X.233 CLNP Data:
   Src NSAP: 47 00 27 01 53 49 54 00 59 55 4c 00 01 08 00 20 ff ba 45 00	"G.'.SIT.YUL.... ..E."
   Dst NSAP: 47 00 27 c1 53 55 49 00 xx xx xx 01 01 55 4c 38 30 58 31 00	"G.'.SUI.K....UL80X1."
   Lifetime: 20.0 sec
   Flags: SP E/R
   Segmentation:
    PDU Id: 0x1d2b
    Segment offset: 0
    PDU total length: 140
    CLNP reasm status: skipped
   Options:
    LRef: 0x40
    QoS maintenance: 0xd6
    Security:
     Reg ID: 06 04 2b 1b 00 00
     Info:
      Traffic type:
       Type: ATN system management
       Category: none
       Route policy: 0x00
    Priority: 0x0e
   IDRP Open: seq: 11 ack: 2 credit_offered: 4 credit_avail: 0
    Hold Time: 900 seconds
    Max. PDU size: 3000 octets
    Source RDI: 47 00 27 01 53 49 54 00 59 55 4c	"G.'.SIT.YUL"
    RIB Attribute Set:
     RibAtt #0:
      Security:
       Reg ID: 06 04 2b 1b 00 00
    Auth mechanism: simple checksum

[2025-08-25 20:31:42.763 CEST] [136.975] [1.8/-49.3 dBFS] [51.2 dB] [0.2 ppm]
AIRCRAFT (Aircraft, On ground) -> GROUND_Y (Ground station): Command
AVLC type: I sseq: 2 rseq: 3 poll: 0
 X.25 Data: grp: 11 chan: 255 sseq: 0 rseq: 1 more: 0
  X.25 reasm status: skipped
  X.233 CLNP Data (compressed header):
   LRef: 0x40 Prio: 14 Flags: 0xf6
   Lifetime: 32.0 sec
   PDU Id: 0x15
   IDRP Open: seq: 1 ack: 11 credit_offered: 3 credit_avail: 4
    Hold Time: 900 seconds
    Max. PDU size: 1024 octets
    Source RDI: 47 00 27 c1 53 55 49 00 xx xx xx	"G.'.SUI.K.."
    RIB Attribute Set:
     RibAtt #0:
      Security:
       Reg ID: 06 04 2b 1b 00 00
    Auth mechanism: simple checksum

[2025-08-25 20:31:42.917 CEST] [136.975] [-10.7/-49.3 dBFS] [38.6 dB] [1.2 ppm]
GROUND_Y (Ground station, On ground) -> AIRCRAFT (Aircraft): Command
AVLC type: I sseq: 3 rseq: 3 poll: 0
 X.25 Data: grp: 11 chan: 255 sseq: 1 rseq: 1 more: 0
  X.25 reasm status: skipped
  X.233 CLNP Data (compressed header):
   LRef: 0x40 Prio: 14 Flags: 0xf6
   Lifetime: 20.0 sec
   PDU Id: 0x1d2f
   IDRP Keepalive: seq: 12 ack: 1 credit_offered: 4 credit_avail: 3

[2025-08-25 20:31:42.919 CEST] [136.975] [-10.8/-49.4 dBFS] [38.6 dB] [1.2 ppm]
GROUND_Y (Ground station, On ground) -> AIRCRAFT (Aircraft): Command
AVLC type: I sseq: 4 rseq: 3 poll: 0
 X.25 Data: grp: 11 chan: 255 sseq: 2 rseq: 1 more: 0
  X.25 reasm status: skipped
  X.233 CLNP Data (compressed header):
   LRef: 0x40 Prio: 14 Flags: 0xf6
   Lifetime: 20.0 sec
   PDU Id: 0x1d32
   IDRP Update: seq: 12 ack: 1 credit_offered: 4 credit_avail: 2
    Route:
     ID: 5207
     Local preference: 0
    Security:
     Reg ID: 06 04 2b 1b 00 00
     Info:
      Supported ATSC classes: A
      Subnetwork type:
       Subnet: VDL
       Permitted traffic: all
    RD path:
     RD_SEQ:
      47 00 27 01 53 49 54 00 00 00 01 0b 47 00 27 01 53 49 54 00 59 55 4c	"G.'.SIT.....G.'.SIT.YUL"
      47 00 27 01 53 49 54 00 59 55 4c	"G.'.SIT.YUL"
    RD hop count: 2
    Capacity: 12
    Reachability info:
     Protocol: CLNP
     Prefix length: 32
     Dest. address prefix: 47 00 27 01 20 47 00 27 81	"G.'. G.'."

[2025-08-25 20:31:44.135 CEST] [136.975] [-10.7/-49.3 dBFS] [38.6 dB] [1.2 ppm]
GROUND_Y (Ground station, On ground) -> AIRCRAFT (Aircraft): Response
AVLC type: S (Receive Ready) P/F: 0 rseq: 4

[2025-08-25 20:31:44.593 CEST] [136.975] [-7.1/-49.5 dBFS] [42.4 dB] [1.1 ppm]
GROUND_Y (Ground station, On ground) -> AIRCRAFT (Aircraft): Command
AVLC type: I sseq: 5 rseq: 4 poll: 0
 X.25 Data: grp: 11 chan: 255 sseq: 3 rseq: 2 more: 0
  X.25 reasm status: skipped
  X.233 CLNP Data (compressed header):
   LRef: 0x40 Prio: 14 Flags: 0xf6
   Lifetime: 20.0 sec
   PDU Id: 0x1d37
   IDRP Keepalive: seq: 13 ack: 2 credit_offered: 4 credit_avail: 2

[2025-08-25 20:31:44.898 CEST] [136.975] [-9.5/-49.3 dBFS] [39.9 dB] [0.9 ppm]
GROUND_X (Ground station, On ground) -> AIRCRAFT (Aircraft): Command
AVLC type: I sseq: 6 rseq: 6 poll: 0
 X.25 Data: grp: 11 chan: 255 sseq: 4 rseq: 3 more: 0
  X.25 reasm status: skipped
  X.233 CLNP Data:
   Src NSAP: 47 00 27 81 83 65 75 00 11 50 59 00 01 00 00 47 47 31 31 01	"G.'..eu..PY....GG11."
   Dst NSAP: 47 00 27 c1 53 55 49 00 xx xx xx 01 01 55 4c 38 30 58 31 01	"G.'.SUI.K....UL80X1."
   Lifetime: 18.5 sec
   Flags: SP
   Segmentation:
    PDU Id: 0x1165
    Segment offset: 0
    PDU total length: 109
    CLNP reasm status: skipped
   Options:
    LRef: 0x41
    QoS maintenance: 0xd6
    Security:
     Reg ID: 06 04 2b 1b 00 00
     Info:
      Traffic type:
       Type: ATN operational
       Category: ATSC
       Route policy: 0x01
    Priority: 0x0b
   X.224 COTP Data:
    dst_ref: 0x0033
    sseq: 1 req_of_ack: 0 EoT: 1
    COTP reasm status: skipped
    ATN checksum: 2c 52 a9 17
    CPDLC Uplink Message:
     Header:
      Msg ID: 1
      Msg Ref: 0
      Timestamp: 2025-08-25 18:29:55
      Logical ACK: notRequired
     Message data:
      LOGICAL ACKNOWLEDGMENT

[2025-08-25 20:31:44.898 CEST] [136.975] [-9.5/-49.3 dBFS] [39.9 dB] [0.9 ppm]
GROUND_X (Ground station, On ground) -> AIRCRAFT (Aircraft): Command
AVLC type: I sseq: 7 rseq: 6 poll: 0
 X.25 Clear Request: grp: 11 chan: 255
  Cause: 0x00 (DTE originated)
  Diagnostic code: 0x00 (Cleared by system management)

[2025-08-25 20:31:45.205 CEST] [136.975] [1.8/-49.3 dBFS] [51.1 dB] [0.2 ppm]
AIRCRAFT (Aircraft, On ground) -> GROUND_Y (Ground station): Response
AVLC type: S (Receive Ready) P/F: 0 rseq: 6

[2025-08-25 20:31:45.811 CEST] [136.975] [-10.7/-49.4 dBFS] [38.7 dB] [1.2 ppm]
GROUND_Y (Ground station, On ground) -> AIRCRAFT (Aircraft): Response
AVLC type: S (Receive Ready) P/F: 0 rseq: 5

[2025-08-25 20:31:47.337 CEST] [136.975] [-11.1/-49.4 dBFS] [38.3 dB] [2.6 ppm]
GROUND_X (Ground station, On ground) -> FFFFFF (Aircraft): Command
AVLC type: U (DISC) P/F: 0

[2025-08-25 20:31:52.517 CEST] [136.975] [1.8/-49.0 dBFS] [50.8 dB] [0.2 ppm]
AIRCRAFT (Aircraft, On ground) -> GROUND_Y (Ground station): Command
AVLC type: I sseq: 5 rseq: 6 poll: 0
 X.25 Data: grp: 11 chan: 255 sseq: 3 rseq: 4 more: 0
  X.25 reasm status: skipped
  ES-IS IS Hello: Hold Time: 65535 sec
   NET: 47 00 27 c1 53 55 49 00 xx xx xx 01 01 55 4c 38 30 58 31 00	"G.'.SUI.K....UL80X1."

[2025-08-25 20:31:52.670 CEST] [136.975] [-7.0/-48.9 dBFS] [41.9 dB] [1.0 ppm]
GROUND_Y (Ground station, On ground) -> AIRCRAFT (Aircraft): Command
AVLC type: I sseq: 6 rseq: 6 poll: 0
 X.25 Receive Ready: grp: 11 chan: 255 rseq: 4

[2025-08-25 20:31:53.278 CEST] [136.975] [1.8/-48.8 dBFS] [50.6 dB] [0.1 ppm]
AIRCRAFT (Aircraft, On ground) -> GROUND_Y (Ground station): Response
AVLC type: S (Receive Ready) P/F: 0 rseq: 7


[2025-08-25 20:31:56.023 CEST] [136.975] [-6.9/-49.3 dBFS] [42.3 dB] [1.0 ppm]
GROUND_Y (Ground station, On ground) -> AIRCRAFT (Aircraft): Command
AVLC type: I sseq: 7 rseq: 6 poll: 0
 X.25 Data: grp: 11 chan: 255 sseq: 4 rseq: 4 more: 0
  X.25 reasm status: skipped
  X.233 CLNP Data:
   Src NSAP: 47 00 27 81 83 65 75 00 11 50 59 00 01 00 00 47 47 31 31 01	"G.'..eu..PY....GG11."
   Dst NSAP: 47 00 27 c1 53 55 49 00 xx xx xx 01 01 55 4c 38 30 58 31 01	"G.'.SUI.K....UL80X1."
   Lifetime: 18.5 sec
   Flags: SP
   Segmentation:
    PDU Id: 0x1167
    Segment offset: 0
    PDU total length: 89
    CLNP reasm status: skipped
   Options:
    LRef: 0x41
    QoS maintenance: 0xd6
    Security:
     Reg ID: 06 04 2b 1b 00 00
     Info:
      Traffic type:
       Type: ATN operational
       Category: ATSC
       Route policy: 0x01
    Priority: 0x0b
   X.224 COTP Data Ack:
    dst_ref: 0x0033
    rseq: 2 credit: 2
    ATN checksum: 72 dd e1 78

[2025-08-25 20:31:56.177 CEST] [136.975] [1.7/-49.2 dBFS] [50.9 dB] [0.1 ppm]
AIRCRAFT (Aircraft, On ground) -> GROUND_Y (Ground station): Command
AVLC type: I sseq: 6 rseq: 0 poll: 0
 X.25 Data: grp: 11 chan: 255 sseq: 4 rseq: 5 more: 0
  X.25 reasm status: skipped
  X.233 CLNP Data (compressed header):
   LRef: 0x41 Prio: 11 Flags: 0xf6
   Lifetime: 32.0 sec
   PDU Id: 0x18
   X.224 COTP Data Ack:
    dst_ref: 0x01f0
    rseq: 3 credit: 2
    Flow control:
     Acked TPDU nr: 2
     Acked subsequence: 0
     Acked credit: 2
    ATN checksum: 6e 95 4d f6

[2025-08-25 20:31:56.631 CEST] [136.975] [-10.7/-48.8 dBFS] [38.2 dB] [1.0 ppm]
GROUND_Y (Ground station, On ground) -> AIRCRAFT (Aircraft): Command
AVLC type: I sseq: 0 rseq: 7 poll: 0
 X.25 Data: grp: 11 chan: 255 sseq: 5 rseq: 5 more: 0
  X.25 reasm status: skipped
  X.233 CLNP Data (compressed header):
   LRef: 0x41 Prio: 11 Flags: 0xd6
   Lifetime: 18.5 sec
   PDU Id: 0x1168
   X.224 COTP Data:
    dst_ref: 0x0033
    sseq: 3 req_of_ack: 0 EoT: 1
    COTP reasm status: skipped
    ATN checksum: ef 9c cd 0c
    CPDLC Uplink Message:
     Header:
      Msg ID: 3
      Timestamp: 2025-08-25 18:30:35
      Logical ACK: required
     Message data:
      FREE TEXT
       CPDLC TEST SESSION TERMINATED

[2025-08-25 20:31:56.935 CEST] [136.975] [-10.5/-48.8 dBFS] [38.3 dB] [2.7 ppm]
GROUND_Y (Ground station, On ground) -> FFFFFF (Aircraft): Command
AVLC type: U (DISC) P/F: 0

[2025-08-25 20:32:00.595 CEST] [136.975] [-7.0/-49.2 dBFS] [42.1 dB] [1.2 ppm]
GROUND_Y (Ground station, On ground) -> AIRCRAFT (Aircraft): Command
AVLC type: I sseq: 1 rseq: 7 poll: 0
 X.25 Data: grp: 11 chan: 255 sseq: 6 rseq: 5 more: 0
  X.25 reasm status: skipped
  X.233 CLNP Data (compressed header):
   LRef: 0x41 Prio: 11 Flags: 0xd6
   Lifetime: 18.5 sec
   PDU Id: 0x1169
   X.224 COTP Data:
    dst_ref: 0x0033
    sseq: 4 req_of_ack: 0 EoT: 1
    COTP reasm status: skipped
    ATN checksum: 88 4a de 06
    X.227 ACSE Abort:
     Source: user
     Cause: no-reason-given
     CPDLC User Abort Reason: commanded-termination

[2025-08-25 20:32:00.595 CEST] [136.975] [-7.0/-49.2 dBFS] [42.1 dB] [1.2 ppm]
GROUND_Y (Ground station, On ground) -> AIRCRAFT (Aircraft): Command
AVLC type: I sseq: 0 rseq: 7 poll: 0
 X.25 Data: grp: 11 chan: 255 sseq: 5 rseq: 5 more: 0
  X.25 reasm status: skipped
  X.233 CLNP Data (compressed header):
   LRef: 0x41 Prio: 11 Flags: 0xd6
   Lifetime: 18.5 sec
   PDU Id: 0x1168
   X.224 COTP Data:
    dst_ref: 0x0033
    sseq: 3 req_of_ack: 0 EoT: 1
    COTP reasm status: skipped
    ATN checksum: ef 9c cd 0c
    CPDLC Uplink Message:
     Header:
      Msg ID: 3
      Timestamp: 2025-08-25 18:30:35
      Logical ACK: required
     Message data:
      FREE TEXT
       CPDLC TEST SESSION TERMINATED

[2025-08-25 20:32:00.595 CEST] [136.975] [-7.0/-49.2 dBFS] [42.1 dB] [1.2 ppm]
GROUND_Y (Ground station, On ground) -> AIRCRAFT (Aircraft): Command
AVLC type: I sseq: 1 rseq: 7 poll: 0
 X.25 Data: grp: 11 chan: 255 sseq: 6 rseq: 5 more: 0
  X.25 reasm status: skipped
  X.233 CLNP Data (compressed header):
   LRef: 0x41 Prio: 11 Flags: 0xd6
   Lifetime: 18.5 sec
   PDU Id: 0x1169
   X.224 COTP Data:
    dst_ref: 0x0033
    sseq: 4 req_of_ack: 0 EoT: 1
    COTP reasm status: skipped
    ATN checksum: 88 4a de 06
    X.227 ACSE Abort:
     Source: user
     Cause: no-reason-given
     CPDLC User Abort Reason: commanded-termination

[2025-08-25 20:32:05.163 CEST] [136.975] [-7.1/-48.9 dBFS] [41.8 dB] [0.9 ppm]
GROUND_Y (Ground station, On ground) -> AIRCRAFT (Aircraft): Command
AVLC type: I sseq: 0 rseq: 7 poll: 0
 X.25 Data: grp: 11 chan: 255 sseq: 5 rseq: 5 more: 0
  X.25 reasm status: skipped
  X.233 CLNP Data (compressed header):
   LRef: 0x41 Prio: 11 Flags: 0xd6
   Lifetime: 18.5 sec
   PDU Id: 0x1168
   X.224 COTP Data:
    dst_ref: 0x0033
    sseq: 3 req_of_ack: 0 EoT: 1
    COTP reasm status: skipped
    ATN checksum: ef 9c cd 0c
    CPDLC Uplink Message:
     Header:
      Msg ID: 3
      Timestamp: 2025-08-25 18:30:35
      Logical ACK: required
     Message data:
      FREE TEXT
       CPDLC TEST SESSION TERMINATED

[2025-08-25 20:32:05.163 CEST] [136.975] [-7.1/-48.9 dBFS] [41.8 dB] [0.9 ppm]
GROUND_Y (Ground station, On ground) -> AIRCRAFT (Aircraft): Command
AVLC type: I sseq: 1 rseq: 7 poll: 0
 X.25 Data: grp: 11 chan: 255 sseq: 6 rseq: 5 more: 0
  X.25 reasm status: skipped
  X.233 CLNP Data (compressed header):
   LRef: 0x41 Prio: 11 Flags: 0xd6
   Lifetime: 18.5 sec
   PDU Id: 0x1169
   X.224 COTP Data:
    dst_ref: 0x0033
    sseq: 4 req_of_ack: 0 EoT: 1
    COTP reasm status: skipped
    ATN checksum: 88 4a de 06
    X.227 ACSE Abort:
     Source: user
     Cause: no-reason-given
     CPDLC User Abort Reason: commanded-termination

[2025-08-25 20:32:09.890 CEST] [136.975] [-7.1/-49.3 dBFS] [42.2 dB] [1.2 ppm]
GROUND_Y (Ground station, On ground) -> AIRCRAFT (Aircraft): Command
AVLC type: I sseq: 0 rseq: 7 poll: 0
 X.25 Data: grp: 11 chan: 255 sseq: 5 rseq: 5 more: 0
  X.25 reasm status: skipped
  X.233 CLNP Data (compressed header):
   LRef: 0x41 Prio: 11 Flags: 0xd6
   Lifetime: 18.5 sec
   PDU Id: 0x1168
   X.224 COTP Data:
    dst_ref: 0x0033
    sseq: 3 req_of_ack: 0 EoT: 1
    COTP reasm status: skipped
    ATN checksum: ef 9c cd 0c
    CPDLC Uplink Message:
     Header:
      Msg ID: 3
      Timestamp: 2025-08-25 18:30:35
      Logical ACK: required
     Message data:
      FREE TEXT
       CPDLC TEST SESSION TERMINATED

[2025-08-25 20:32:09.890 CEST] [136.975] [-7.1/-49.3 dBFS] [42.2 dB] [1.2 ppm]
GROUND_Y (Ground station, On ground) -> AIRCRAFT (Aircraft): Command
AVLC type: I sseq: 1 rseq: 7 poll: 0
 X.25 Data: grp: 11 chan: 255 sseq: 6 rseq: 5 more: 0
  X.25 reasm status: skipped
  X.233 CLNP Data (compressed header):
   LRef: 0x41 Prio: 11 Flags: 0xd6
   Lifetime: 18.5 sec
   PDU Id: 0x1169
   X.224 COTP Data:
    dst_ref: 0x0033
    sseq: 4 req_of_ack: 0 EoT: 1
    COTP reasm status: skipped
    ATN checksum: 88 4a de 06
    X.227 ACSE Abort:
     Source: user
     Cause: no-reason-given
     CPDLC User Abort Reason: commanded-termination

[2025-08-25 20:32:16.898 CEST] [136.975] [-7.2/-49.1 dBFS] [41.9 dB] [1.2 ppm]
GROUND_Y (Ground station, On ground) -> AIRCRAFT (Aircraft): Command
AVLC type: I sseq: 0 rseq: 7 poll: 0
 X.25 Data: grp: 11 chan: 255 sseq: 5 rseq: 5 more: 0
  X.25 reasm status: skipped
  X.233 CLNP Data (compressed header):
   LRef: 0x41 Prio: 11 Flags: 0xd6
   Lifetime: 18.5 sec
   PDU Id: 0x1168
   X.224 COTP Data:
    dst_ref: 0x0033
    sseq: 3 req_of_ack: 0 EoT: 1
    COTP reasm status: skipped
    ATN checksum: ef 9c cd 0c
    CPDLC Uplink Message:
     Header:
      Msg ID: 3
      Timestamp: 2025-08-25 18:30:35
      Logical ACK: required
     Message data:
      FREE TEXT
       CPDLC TEST SESSION TERMINATED

[2025-08-25 20:32:16.898 CEST] [136.975] [-7.2/-49.1 dBFS] [41.9 dB] [1.2 ppm]
GROUND_Y (Ground station, On ground) -> AIRCRAFT (Aircraft): Command
AVLC type: I sseq: 1 rseq: 7 poll: 0
 X.25 Data: grp: 11 chan: 255 sseq: 6 rseq: 5 more: 0
  X.25 reasm status: skipped
  X.233 CLNP Data (compressed header):
   LRef: 0x41 Prio: 11 Flags: 0xd6
   Lifetime: 18.5 sec
   PDU Id: 0x1169
   X.224 COTP Data:
    dst_ref: 0x0033
    sseq: 4 req_of_ack: 0 EoT: 1
    COTP reasm status: skipped
    ATN checksum: 88 4a de 06
    X.227 ACSE Abort:
     Source: user
     Cause: no-reason-given
     CPDLC User Abort Reason: commanded-termination

[2025-08-25 20:32:20.403 CEST] [136.975] [-7.1/-49.2 dBFS] [42.1 dB] [1.0 ppm]
GROUND_Y (Ground station, On ground) -> AIRCRAFT (Aircraft): Command
AVLC type: I sseq: 0 rseq: 7 poll: 0
 X.25 Data: grp: 11 chan: 255 sseq: 5 rseq: 5 more: 0
  X.25 reasm status: skipped
  X.233 CLNP Data (compressed header):
   LRef: 0x41 Prio: 11 Flags: 0xd6
   Lifetime: 18.5 sec
   PDU Id: 0x1168
   X.224 COTP Data:
    dst_ref: 0x0033
    sseq: 3 req_of_ack: 0 EoT: 1
    COTP reasm status: skipped
    ATN checksum: ef 9c cd 0c
    CPDLC Uplink Message:
     Header:
      Msg ID: 3
      Timestamp: 2025-08-25 18:30:35
      Logical ACK: required
     Message data:
      FREE TEXT
       CPDLC TEST SESSION TERMINATED

[2025-08-25 20:32:20.403 CEST] [136.975] [-7.1/-49.2 dBFS] [42.1 dB] [1.0 ppm]
GROUND_Y (Ground station, On ground) -> AIRCRAFT (Aircraft): Command
AVLC type: I sseq: 1 rseq: 7 poll: 0
 X.25 Data: grp: 11 chan: 255 sseq: 6 rseq: 5 more: 0
  X.25 reasm status: skipped
  X.233 CLNP Data (compressed header):
   LRef: 0x41 Prio: 11 Flags: 0xd6
   Lifetime: 18.5 sec
   PDU Id: 0x1169
   X.224 COTP Data:
    dst_ref: 0x0033
    sseq: 4 req_of_ack: 0 EoT: 1
    COTP reasm status: skipped
    ATN checksum: 88 4a de 06
    X.227 ACSE Abort:
     Source: user
     Cause: no-reason-given
     CPDLC User Abort Reason: commanded-termination

[2025-08-25 20:32:44.175 CEST] [136.975] [-9.5/-49.1 dBFS] [39.6 dB] [0.9 ppm]
GROUND_X (Ground station, On ground) -> FFFFFF (Aircraft): Command
AVLC type: U (XID) P/F: 0
 XID: Ground Station Information Frame
  Public params:
   Parameter set ID: 8885:1993
   Procedure classes: 00 01
   HDLC options: 20 a4 88
  VDL params:
   Parameter set ID: V
   AVLC specific options: 64
   Frequency support list:
    Ground station: xxxxxx
     Frequency: 136.875 MHz (VDL-M2, D8PSK, 31500 bps)
    Ground station: xxxxxx
     Frequency: 136.875 MHz (VDL-M2, D8PSK, 31500 bps)
   Timer T4: 00 02
   Airport coverage: xxxx
   ATN router NETs: 53 49 54 00 00 01	"SIT..."
   System mask: 200000
   Ground station location: xN yE

[2025-08-25 20:32:44.176 CEST] [136.975] [1.8/-49.2 dBFS] [51.0 dB] [0.4 ppm]
AIRCRAFT (Aircraft, On ground) -> GROUND_X (Ground station): Command
AVLC type: U (XID) P/F: 1
 XID: Link Establishment
  Public params:
   Parameter set ID: 8885:1993
   HDLC options: 20 84 80
   Procedure classes: 00 01
  VDL params:
   Parameter set ID: V
   Connection management: 00
   XID sequencing: seq: 5 retry: 0
   AVLC specific options: 24
   Modulation support: VDL-M2, D8PSK, 31500 bps
   Aircraft location: xN yE 0 ft

[2025-08-25 20:32:44.328 CEST] [136.975] [-9.5/-49.2 dBFS] [39.7 dB] [1.2 ppm]
GROUND_X (Ground station, On ground) -> AIRCRAFT (Aircraft): Response
AVLC type: U (XID) P/F: 1
 XID: Link Establishment Response
  Public params:
   Parameter set ID: 8885:1993
   Procedure classes: 00 01
   HDLC options: 20 a4 88
  VDL params:
   Parameter set ID: V
   Connection management: 00
   XID sequencing: seq: 5 retry: 0
   AVLC specific options: 64
   Airport coverage: xxxx
   ATN router NETs: 53 49 54 00 00 01	"SIT..."
   System mask: 200000
   Ground station location: xN yE

[2025-08-25 20:32:44.330 CEST] [136.975] [1.9/-49.3 dBFS] [51.1 dB] [0.1 ppm]
AIRCRAFT (Aircraft, On ground) -> GROUND_X (Ground station): Command
AVLC type: I sseq: 0 rseq: 0 poll: 0
 ACARS:
  Reassembly: skipped
  Reg: ..CPDLC Flight: HB0000
  Mode: 2 Label: Q0 Blk id: 5 More: 0 Ack: ! Msg num: M04A

[2025-08-25 20:32:44.936 CEST] [136.975] [-13.3/-49.1 dBFS] [35.8 dB] [1.1 ppm]
GROUND_X (Ground station, On ground) -> AIRCRAFT (Aircraft): Command
AVLC type: I sseq: 0 rseq: 1 poll: 0
 ACARS:
  Reassembly: skipped
  Reg: ..CPDLC
  Mode: 2 Label: _d Blk id: A More: 0 Ack: 5

[2025-08-25 20:32:45.547 CEST] [136.975] [-13.2/-49.2 dBFS] [36.0 dB] [1.2 ppm]
GROUND_X (Ground station, On ground) -> AIRCRAFT (Aircraft): Command
AVLC type: I sseq: 1 rseq: 2 poll: 0
 X.25 Call Accepted: grp: 11 chan: 255 src: 22677777 dst: 1116900402899
  Facilities:
   Max. packet size:
    From calling DTE: 256 bytes
    From called  DTE: 256 bytes
   Window size:
    From calling DTE: 4 packets
    From called  DTE: 4 packets
   Called line address modified: 0f
  Compression support: LREF, LREF-CAN
  M/I: 0
  ES-IS IS Hello: Hold Time: 65534 sec
   NET: 47 00 27 01 53 49 54 00 59 55 4c 00 01 08 00 20 ff ba 45 00	"G.'.SIT.YUL.... ..E."
   Options:
    ATN Data Link Capabilities: 01
    Mobile Subnetwork Capabilities:
     Permitted traffic: all
     Supported ATSC classes: A

[2025-08-25 20:32:45.548 CEST] [136.975] [-13.2/-48.9 dBFS] [35.8 dB] [1.2 ppm]
GROUND_X (Ground station, On ground) -> AIRCRAFT (Aircraft): Command
AVLC type: I sseq: 2 rseq: 2 poll: 0
 X.25 Data: grp: 11 chan: 255 sseq: 0 rseq: 0 more: 0
  X.25 reasm status: skipped
  X.233 CLNP Data:
   Src NSAP: 47 00 27 01 53 49 54 00 59 55 4c 00 01 08 00 20 ff ba 45 00	"G.'.SIT.YUL.... ..E."
   Dst NSAP: 47 00 27 c1 53 55 49 00 xx xx xx 01 01 55 4c 38 30 58 31 00	"G.'.SUI.K....UL80X1."
   Lifetime: 20.0 sec
   Flags: SP E/R
   Segmentation:
    PDU Id: 0x1f03
    Segment offset: 0
    PDU total length: 140
    CLNP reasm status: skipped
   Options:
    LRef: 0x40
    QoS maintenance: 0xd6
    Security:
     Reg ID: 06 04 2b 1b 00 00
     Info:
      Traffic type:
       Type: ATN system management
       Category: none
       Route policy: 0x00
    Priority: 0x0e
   IDRP Open: seq: 14 ack: 2 credit_offered: 4 credit_avail: 0
    Hold Time: 900 seconds
    Max. PDU size: 3000 octets
    Source RDI: 47 00 27 01 53 49 54 00 59 55 4c	"G.'.SIT.YUL"
    RIB Attribute Set:
     RibAtt #0:
      Security:
       Reg ID: 06 04 2b 1b 00 00
    Auth mechanism: simple checksum

[2025-08-25 20:32:46.156 CEST] [136.975] [-13.2/-49.3 dBFS] [36.1 dB] [1.0 ppm]
GROUND_X (Ground station, On ground) -> AIRCRAFT (Aircraft): Command
AVLC type: I sseq: 3 rseq: 3 poll: 0
 X.25 Data: grp: 11 chan: 255 sseq: 1 rseq: 1 more: 0
  X.25 reasm status: skipped
  X.233 CLNP Data (compressed header):
   LRef: 0x40 Prio: 14 Flags: 0xf6
   Lifetime: 20.0 sec
   PDU Id: 0x1f08
   IDRP Keepalive: seq: 15 ack: 1 credit_offered: 4 credit_avail: 3

[2025-08-25 20:32:46.158 CEST] [136.975] [-13.1/-49.3 dBFS] [36.2 dB] [1.1 ppm]
GROUND_X (Ground station, On ground) -> AIRCRAFT (Aircraft): Command
AVLC type: I sseq: 4 rseq: 3 poll: 0
 X.25 Data: grp: 11 chan: 255 sseq: 2 rseq: 1 more: 0
  X.25 reasm status: skipped
  X.233 CLNP Data (compressed header):
   LRef: 0x40 Prio: 14 Flags: 0xf6
   Lifetime: 20.0 sec
   PDU Id: 0x1f09
   IDRP Update: seq: 15 ack: 1 credit_offered: 4 credit_avail: 2
    Route:
     ID: 5208
     Local preference: 0
    Security:
     Reg ID: 06 04 2b 1b 00 00
     Info:
      Supported ATSC classes: A
      Subnetwork type:
       Subnet: VDL
       Permitted traffic: all
    RD path:
     RD_SEQ:
      47 00 27 01 53 49 54 00 00 00 01 0b 47 00 27 01 53 49 54 00 59 55 4c	"G.'.SIT.....G.'.SIT.YUL"
      47 00 27 01 53 49 54 00 59 55 4c	"G.'.SIT.YUL"
    RD hop count: 2
    Capacity: 12
    Reachability info:
     Protocol: CLNP
     Prefix length: 32
     Dest. address prefix: 47 00 27 01 20 47 00 27 81	"G.'. G.'."

[2025-08-25 20:32:47.223 CEST] [136.975] [-13.2/-49.5 dBFS] [36.3 dB] [1.3 ppm]
GROUND_X (Ground station, On ground) -> AIRCRAFT (Aircraft): Response
AVLC type: S (Receive Ready) P/F: 0 rseq: 4

[2025-08-25 20:32:47.375 CEST] [136.975] [-14.7/-49.4 dBFS] [34.7 dB] [2.6 ppm]
GROUND_X (Ground station, On ground) -> FFFFFF (Aircraft): Command
AVLC type: U (DISC) P/F: 0

[2025-08-25 20:32:47.680 CEST] [136.975] [-9.5/-49.3 dBFS] [39.8 dB] [1.2 ppm]
GROUND_X (Ground station, On ground) -> AIRCRAFT (Aircraft): Command
AVLC type: I sseq: 5 rseq: 4 poll: 0
 X.25 Data: grp: 11 chan: 255 sseq: 3 rseq: 2 more: 0
  X.25 reasm status: skipped
  X.233 CLNP Data (compressed header):
   LRef: 0x40 Prio: 14 Flags: 0xf6
   Lifetime: 20.0 sec
   PDU Id: 0x1f14
   IDRP Keepalive: seq: 16 ack: 2 credit_offered: 4 credit_avail: 2

[2025-08-25 20:32:51.793 CEST] [136.975] [-9.6/-49.3 dBFS] [39.7 dB] [1.2 ppm]
GROUND_X (Ground station, On ground) -> AIRCRAFT (Aircraft): Command
AVLC type: I sseq: 5 rseq: 4 poll: 0
 X.25 Data: grp: 11 chan: 255 sseq: 3 rseq: 2 more: 0
  X.25 reasm status: skipped
  X.233 CLNP Data (compressed header):
   LRef: 0x40 Prio: 14 Flags: 0xf6
   Lifetime: 20.0 sec
   PDU Id: 0x1f14
   IDRP Keepalive: seq: 16 ack: 2 credit_offered: 4 credit_avail: 2

[2025-08-25 20:32:55.756 CEST] [136.975] [-9.5/-49.0 dBFS] [39.6 dB] [1.0 ppm]
GROUND_X (Ground station, On ground) -> AIRCRAFT (Aircraft): Command
AVLC type: I sseq: 5 rseq: 4 poll: 0
 X.25 Data: grp: 11 chan: 255 sseq: 3 rseq: 2 more: 0
  X.25 reasm status: skipped
  X.233 CLNP Data (compressed header):
   LRef: 0x40 Prio: 14 Flags: 0xf6
   Lifetime: 20.0 sec
   PDU Id: 0x1f14
   IDRP Keepalive: seq: 16 ack: 2 credit_offered: 4 credit_avail: 2

[2025-08-25 20:33:00.176 CEST] [136.975] [-9.6/-49.4 dBFS] [39.8 dB] [1.1 ppm]
GROUND_X (Ground station, On ground) -> AIRCRAFT (Aircraft): Command
AVLC type: I sseq: 5 rseq: 4 poll: 0
 X.25 Data: grp: 11 chan: 255 sseq: 3 rseq: 2 more: 0
  X.25 reasm status: skipped
  X.233 CLNP Data (compressed header):
   LRef: 0x40 Prio: 14 Flags: 0xf6
   Lifetime: 20.0 sec
   PDU Id: 0x1f14
   IDRP Keepalive: seq: 16 ack: 2 credit_offered: 4 credit_avail: 2

[2025-08-25 20:33:01.090 CEST] [136.975] [-9.5/-49.3 dBFS] [39.7 dB] [0.9 ppm]
GROUND_X (Ground station, On ground) -> AIRCRAFT (Aircraft): Command
AVLC type: I sseq: 6 rseq: 4 poll: 0
 X.25 Data: grp: 11 chan: 255 sseq: 4 rseq: 2 more: 0
  X.25 reasm status: skipped
  X.233 CLNP Data (compressed header):
   LRef: 0x40 Prio: 14 Flags: 0xf6
   Lifetime: 20.0 sec
   PDU Id: 0x1f84
   IDRP Update: seq: 15 ack: 1 credit_offered: 4 credit_avail: 2
    Route:
     ID: 5208
     Local preference: 0
    Security:
     Reg ID: 06 04 2b 1b 00 00
     Info:
      Supported ATSC classes: A
      Subnetwork type:
       Subnet: VDL
       Permitted traffic: all
    RD path:
     RD_SEQ:
      47 00 27 01 53 49 54 00 00 00 01 0b 47 00 27 01 53 49 54 00 59 55 4c	"G.'.SIT.....G.'.SIT.YUL"
      47 00 27 01 53 49 54 00 59 55 4c	"G.'.SIT.YUL"
    RD hop count: 2
    Capacity: 12
    Reachability info:
     Protocol: CLNP
     Prefix length: 32
     Dest. address prefix: 47 00 27 01 20 47 00 27 81	"G.'. G.'."

[2025-08-25 20:33:05.051 CEST] [136.975] [-9.5/-49.3 dBFS] [39.8 dB] [1.0 ppm]
GROUND_X (Ground station, On ground) -> AIRCRAFT (Aircraft): Command
AVLC type: I sseq: 5 rseq: 4 poll: 0
 X.25 Data: grp: 11 chan: 255 sseq: 3 rseq: 2 more: 0
  X.25 reasm status: skipped
  X.233 CLNP Data (compressed header):
   LRef: 0x40 Prio: 14 Flags: 0xf6
   Lifetime: 20.0 sec
   PDU Id: 0x1f14
   IDRP Keepalive: seq: 16 ack: 2 credit_offered: 4 credit_avail: 2

[2025-08-25 20:33:05.051 CEST] [136.975] [-9.5/-49.3 dBFS] [39.8 dB] [1.0 ppm]
GROUND_X (Ground station, On ground) -> AIRCRAFT (Aircraft): Command
AVLC type: I sseq: 6 rseq: 4 poll: 0
 X.25 Data: grp: 11 chan: 255 sseq: 4 rseq: 2 more: 0
  X.25 reasm status: skipped
  X.233 CLNP Data (compressed header):
   LRef: 0x40 Prio: 14 Flags: 0xf6
   Lifetime: 20.0 sec
   PDU Id: 0x1f84
   IDRP Update: seq: 15 ack: 1 credit_offered: 4 credit_avail: 2
    Route:
     ID: 5208
     Local preference: 0
    Security:
     Reg ID: 06 04 2b 1b 00 00
     Info:
      Supported ATSC classes: A
      Subnetwork type:
       Subnet: VDL
       Permitted traffic: all
    RD path:
     RD_SEQ:
      47 00 27 01 53 49 54 00 00 00 01 0b 47 00 27 01 53 49 54 00 59 55 4c	"G.'.SIT.....G.'.SIT.YUL"
      47 00 27 01 53 49 54 00 59 55 4c	"G.'.SIT.YUL"
    RD hop count: 2
    Capacity: 12
    Reachability info:
     Protocol: CLNP
     Prefix length: 32
     Dest. address prefix: 47 00 27 01 20 47 00 27 81	"G.'. G.'."

[2025-08-25 20:33:13.281 CEST] [136.975] [-9.7/-49.4 dBFS] [39.7 dB] [1.1 ppm]
GROUND_X (Ground station, On ground) -> AIRCRAFT (Aircraft): Command
AVLC type: I sseq: 5 rseq: 4 poll: 0
 X.25 Data: grp: 11 chan: 255 sseq: 3 rseq: 2 more: 0
  X.25 reasm status: skipped
  X.233 CLNP Data (compressed header):
   LRef: 0x40 Prio: 14 Flags: 0xf6
   Lifetime: 20.0 sec
   PDU Id: 0x1f14
   IDRP Keepalive: seq: 16 ack: 2 credit_offered: 4 credit_avail: 2

[2025-08-25 20:33:13.281 CEST] [136.975] [-9.7/-49.4 dBFS] [39.7 dB] [1.1 ppm]
GROUND_X (Ground station, On ground) -> AIRCRAFT (Aircraft): Command
AVLC type: I sseq: 6 rseq: 4 poll: 0
 X.25 Data: grp: 11 chan: 255 sseq: 4 rseq: 2 more: 0
  X.25 reasm status: skipped
  X.233 CLNP Data (compressed header):
   LRef: 0x40 Prio: 14 Flags: 0xf6
   Lifetime: 20.0 sec
   PDU Id: 0x1f84
   IDRP Update: seq: 15 ack: 1 credit_offered: 4 credit_avail: 2
    Route:
     ID: 5208
     Local preference: 0
    Security:
     Reg ID: 06 04 2b 1b 00 00
     Info:
      Supported ATSC classes: A
      Subnetwork type:
       Subnet: VDL
       Permitted traffic: all
    RD path:
     RD_SEQ:
      47 00 27 01 53 49 54 00 00 00 01 0b 47 00 27 01 53 49 54 00 59 55 4c	"G.'.SIT.....G.'.SIT.YUL"
      47 00 27 01 53 49 54 00 59 55 4c	"G.'.SIT.YUL"
    RD hop count: 2
    Capacity: 12
    Reachability info:
     Protocol: CLNP
     Prefix length: 32
     Dest. address prefix: 47 00 27 01 20 47 00 27 81	"G.'. G.'."

[2025-08-25 20:33:15.110 CEST] [136.975] [-9.6/-49.4 dBFS] [39.9 dB] [1.2 ppm]
GROUND_X (Ground station, On ground) -> AIRCRAFT (Aircraft): Command
AVLC type: I sseq: 7 rseq: 4 poll: 0
 X.25 Data: grp: 11 chan: 255 sseq: 5 rseq: 2 more: 0
  X.25 reasm status: skipped
  X.233 CLNP Data:
   Src NSAP: 47 00 27 81 83 65 75 00 11 50 59 00 01 00 00 47 47 31 31 01	"G.'..eu..PY....GG11."
   Dst NSAP: 47 00 27 c1 53 55 49 00 xx xx xx 01 01 55 4c 38 30 58 31 01	"G.'.SUI.K....UL80X1."
   Lifetime: 18.5 sec
   Flags: SP
   Segmentation:
    PDU Id: 0x116d
    Segment offset: 0
    PDU total length: 136
    CLNP reasm status: skipped
   Options:
    LRef: 0x41
    QoS maintenance: 0xd6
    Security:
     Reg ID: 06 04 2b 1b 00 00
     Info:
      Traffic type:
       Type: ATN operational
       Category: ATSC
       Route policy: 0x01
    Priority: 0x0b
   X.224 COTP Data:
    dst_ref: 0x0033
    sseq: 3 req_of_ack: 0 EoT: 1
    COTP reasm status: skipped
    ATN checksum: ef 9c cd 0c
    CPDLC Uplink Message:
     Header:
      Msg ID: 3
      Timestamp: 2025-08-25 18:30:35
      Logical ACK: required
     Message data:
      FREE TEXT
       CPDLC TEST SESSION TERMINATED


[2025-08-25 20:33:48.632 CEST] [136.975] [-7.2/-49.2 dBFS] [42.1 dB] [1.2 ppm]
GROUND_Y (Ground station, On ground) -> FFFFFF (Aircraft): Command
AVLC type: U (XID) P/F: 0
 XID: Ground Station Information Frame
  Public params:
   Parameter set ID: 8885:1993
   Procedure classes: 00 01
   HDLC options: 20 a4 88
  VDL params:
   Parameter set ID: V
   AVLC specific options: 64
   Frequency support list:
    Ground station: xxxxxx
     Frequency: 136.875 MHz (VDL-M2, D8PSK, 31500 bps)
    Ground station: xxxxxx
     Frequency: 136.875 MHz (VDL-M2, D8PSK, 31500 bps)
   Timer T4: 00 02
   Airport coverage: xxxx
   ATN router NETs: 53 49 54 00 00 01	"SIT..."
   System mask: 200000
   Ground station location: xN yE

[2025-08-25 20:33:48.635 CEST] [136.975] [1.9/-48.9 dBFS] [50.8 dB] [0.1 ppm]
AIRCRAFT (Aircraft, On ground) -> GROUND_Y (Ground station): Command
AVLC type: U (XID) P/F: 1
 XID: Link Establishment
  Public params:
   Parameter set ID: 8885:1993
   HDLC options: 20 84 80
   Procedure classes: 00 01
  VDL params:
   Parameter set ID: V
   Connection management: 00
   XID sequencing: seq: 6 retry: 0
   AVLC specific options: 24
   Modulation support: VDL-M2, D8PSK, 31500 bps
   Aircraft location: xN yE 0 ft

[2025-08-25 20:33:48.786 CEST] [136.975] [-7.1/-48.9 dBFS] [41.8 dB] [1.0 ppm]
GROUND_Y (Ground station, On ground) -> AIRCRAFT (Aircraft): Response
AVLC type: U (XID) P/F: 1
 XID: Link Establishment Response
  Public params:
   Parameter set ID: 8885:1993
   Procedure classes: 00 01
   HDLC options: 20 a4 88
  VDL params:
   Parameter set ID: V
   Connection management: 00
   XID sequencing: seq: 6 retry: 0
   AVLC specific options: 64
   Airport coverage: xxxx
   ATN router NETs: 53 49 54 00 00 01	"SIT..."
   System mask: 200000
   Ground station location: xN yE

[2025-08-25 20:33:49.089 CEST] [136.975] [1.9/-49.4 dBFS] [51.3 dB] [0.1 ppm]
AIRCRAFT (Aircraft, On ground) -> GROUND_Y (Ground station): Command
AVLC type: I sseq: 0 rseq: 0 poll: 0
 ACARS:
  Reassembly: skipped
  Reg: ..CPDLC Flight: HB0000
  Mode: 2 Label: Q0 Blk id: 6 More: 0 Ack: ! Msg num: M05A

[2025-08-25 20:33:49.244 CEST] [136.975] [-10.8/-49.6 dBFS] [38.8 dB] [1.1 ppm]
GROUND_Y (Ground station, On ground) -> AIRCRAFT (Aircraft): Command
AVLC type: I sseq: 0 rseq: 1 poll: 0
 ACARS:
  Reassembly: skipped
  Reg: ..CPDLC
  Mode: 2 Label: _d Blk id: A More: 0 Ack: 6

[2025-08-25 20:33:49.395 CEST] [136.975] [1.8/-49.6 dBFS] [51.4 dB] [0.2 ppm]
AIRCRAFT (Aircraft, On ground) -> GROUND_Y (Ground station): Command
AVLC type: I sseq: 1 rseq: 1 poll: 0
 X.25 Call Request: grp: 11 chan: 255 src: 22677777 dst: none
  Facilities:
   Fast Select: requested
   Called address extension: 8c 53 49 54 00 00 01	".SIT..."
  Compression support: LREF, LREF-CAN
  M/I: 0
  ES-IS IS Hello: Hold Time: 30 sec
   NET: 47 00 27 c1 53 55 49 00 xx xx xx 01 01 55 4c 38 30 58 31 00	"G.'.SUI.K....UL80X1."

[2025-08-25 20:33:49.700 CEST] [136.975] [-10.8/-49.5 dBFS] [38.7 dB] [1.0 ppm]
GROUND_Y (Ground station, On ground) -> AIRCRAFT (Aircraft): Command
AVLC type: I sseq: 1 rseq: 2 poll: 0
 X.25 Call Accepted: grp: 11 chan: 255 src: 22677777 dst: 1116900402899
  Facilities:
   Max. packet size:
    From calling DTE: 256 bytes
    From called  DTE: 256 bytes
   Window size:
    From calling DTE: 4 packets
    From called  DTE: 4 packets
   Called line address modified: 0f
  Compression support: LREF, LREF-CAN
  M/I: 0
  ES-IS IS Hello: Hold Time: 65534 sec
   NET: 47 00 27 01 53 49 54 00 59 55 4c 00 01 08 00 20 ff ba 45 00	"G.'.SIT.YUL.... ..E."
   Options:
    ATN Data Link Capabilities: 01
    Mobile Subnetwork Capabilities:
     Permitted traffic: all
     Supported ATSC classes: A

[2025-08-25 20:33:49.701 CEST] [136.975] [-10.8/-49.5 dBFS] [38.7 dB] [1.1 ppm]
GROUND_Y (Ground station, On ground) -> AIRCRAFT (Aircraft): Command
AVLC type: I sseq: 2 rseq: 2 poll: 0
 X.25 Data: grp: 11 chan: 255 sseq: 0 rseq: 0 more: 0
  X.25 reasm status: skipped
  X.233 CLNP Data:
   Src NSAP: 47 00 27 01 53 49 54 00 59 55 4c 00 01 08 00 20 ff ba 45 00	"G.'.SIT.YUL.... ..E."
   Dst NSAP: 47 00 27 c1 53 55 49 00 xx xx xx 01 01 55 4c 38 30 58 31 00	"G.'.SUI.K....UL80X1."
   Lifetime: 20.0 sec
   Flags: SP E/R
   Segmentation:
    PDU Id: 0x210c
    Segment offset: 0
    PDU total length: 140
    CLNP reasm status: skipped
   Options:
    LRef: 0x40
    QoS maintenance: 0xd6
    Security:
     Reg ID: 06 04 2b 1b 00 00
     Info:
      Traffic type:
       Type: ATN system management
       Category: none
       Route policy: 0x00
    Priority: 0x0e
   IDRP Open: seq: 17 ack: 2 credit_offered: 4 credit_avail: 0
    Hold Time: 900 seconds
    Max. PDU size: 3000 octets
    Source RDI: 47 00 27 01 53 49 54 00 59 55 4c	"G.'.SIT.YUL"
    RIB Attribute Set:
     RibAtt #0:
      Security:
       Reg ID: 06 04 2b 1b 00 00
    Auth mechanism: simple checksum

[2025-08-25 20:33:50.310 CEST] [136.975] [1.8/-49.0 dBFS] [50.8 dB] [0.2 ppm]
AIRCRAFT (Aircraft, On ground) -> GROUND_Y (Ground station): Response
AVLC type: S (Receive Ready) P/F: 0 rseq: 3

[2025-08-25 20:33:50.614 CEST] [136.975] [1.8/-49.4 dBFS] [51.2 dB] [0.3 ppm]
AIRCRAFT (Aircraft, On ground) -> GROUND_Y (Ground station): Command
AVLC type: I sseq: 2 rseq: 3 poll: 0
 X.25 Data: grp: 11 chan: 255 sseq: 0 rseq: 1 more: 0
  X.25 reasm status: skipped
  X.233 CLNP Data (compressed header):
   LRef: 0x40 Prio: 14 Flags: 0xf6
   Lifetime: 32.0 sec
   PDU Id: 0x1c
   IDRP Open: seq: 1 ack: 17 credit_offered: 3 credit_avail: 4
    Hold Time: 900 seconds
    Max. PDU size: 1024 octets
    Source RDI: 47 00 27 c1 53 55 49 00 xx xx xx	"G.'.SUI.K.."
    RIB Attribute Set:
     RibAtt #0:
      Security:
       Reg ID: 06 04 2b 1b 00 00
    Auth mechanism: simple checksum

[2025-08-25 20:33:50.919 CEST] [136.975] [-10.9/-49.5 dBFS] [38.7 dB] [1.2 ppm]
GROUND_Y (Ground station, On ground) -> AIRCRAFT (Aircraft): Command
AVLC type: I sseq: 3 rseq: 3 poll: 0
 X.25 Data: grp: 11 chan: 255 sseq: 1 rseq: 1 more: 0
  X.25 reasm status: skipped
  X.233 CLNP Data (compressed header):
   LRef: 0x40 Prio: 14 Flags: 0xf6
   Lifetime: 20.0 sec
   PDU Id: 0x2113
   IDRP Keepalive: seq: 18 ack: 1 credit_offered: 4 credit_avail: 3

[2025-08-25 20:33:51.374 CEST] [136.975] [1.8/-49.6 dBFS] [51.4 dB] [0.3 ppm]
AIRCRAFT (Aircraft, On ground) -> GROUND_Y (Ground station): Command
AVLC type: I sseq: 3 rseq: 4 poll: 0
 X.25 Data: grp: 11 chan: 255 sseq: 1 rseq: 2 more: 0
  X.25 reasm status: skipped
  X.233 CLNP Data (compressed header):
   LRef: 0x40 Prio: 14 Flags: 0xf6
   Lifetime: 32.0 sec
   PDU Id: 0x1d
   IDRP Update: seq: 2 ack: 17 credit_offered: 3 credit_avail: 3
    Route:
     ID: 6
     Local preference: 0
    Security:
     Reg ID: 06 04 2b 1b 00 00
     Info:
      Supported ATSC classes: all
      Subnetwork type:
       Subnet: VDL
       Permitted traffic: all
    RD path:
     RD_SEQ:
      47 00 27 c1 53 55 49 00 xx xx xx	"G.'.SUI.K.."
    RD hop count: 1
    Capacity: 13
    Reachability info:
     Protocol: CLNP
     Prefix length: 88
     Dest. address prefix: 47 00 27 c1 53 55 49 00 xx xx xx	"G.'.SUI.K.."

[2025-08-25 20:33:52.137 CEST] [136.975] [-10.8/-49.6 dBFS] [38.7 dB] [1.2 ppm]
GROUND_Y (Ground station, On ground) -> AIRCRAFT (Aircraft): Command
AVLC type: I sseq: 4 rseq: 3 poll: 0
 X.25 Data: grp: 11 chan: 255 sseq: 2 rseq: 1 more: 0
  X.25 reasm status: skipped
  X.233 CLNP Data (compressed header):
   LRef: 0x40 Prio: 14 Flags: 0xf6
   Lifetime: 20.0 sec
   PDU Id: 0x2114
   IDRP Update: seq: 18 ack: 1 credit_offered: 4 credit_avail: 2
    Route:
     ID: 5209
     Local preference: 0
    Security:
     Reg ID: 06 04 2b 1b 00 00
     Info:
      Supported ATSC classes: A
      Subnetwork type:
       Subnet: VDL
       Permitted traffic: all
    RD path:
     RD_SEQ:
      47 00 27 01 53 49 54 00 00 00 01 0b 47 00 27 01 53 49 54 00 59 55 4c	"G.'.SIT.....G.'.SIT.YUL"
      47 00 27 01 53 49 54 00 59 55 4c	"G.'.SIT.YUL"
    RD hop count: 2
    Capacity: 12
    Reachability info:
     Protocol: CLNP
     Prefix length: 32
     Dest. address prefix: 47 00 27 01 20 47 00 27 81	"G.'. G.'."

[2025-08-25 20:33:52.137 CEST] [136.975] [-10.8/-49.6 dBFS] [38.7 dB] [1.2 ppm]
GROUND_Y (Ground station, On ground) -> AIRCRAFT (Aircraft): Response
AVLC type: S (Receive Ready) P/F: 0 rseq: 4

[2025-08-25 20:33:52.444 CEST] [136.975] [-7.2/-49.5 dBFS] [42.3 dB] [1.1 ppm]
GROUND_Y (Ground station, On ground) -> AIRCRAFT (Aircraft): Command
AVLC type: I sseq: 5 rseq: 4 poll: 0
 X.25 Data: grp: 11 chan: 255 sseq: 3 rseq: 2 more: 0
  X.25 reasm status: skipped
  X.233 CLNP Data (compressed header):
   LRef: 0x40 Prio: 14 Flags: 0xf6
   Lifetime: 20.0 sec
   PDU Id: 0x2122
   IDRP Keepalive: seq: 19 ack: 2 credit_offered: 4 credit_avail: 2

[2025-08-25 20:33:52.445 CEST] [136.975] [-10.8/-49.5 dBFS] [38.8 dB] [2.3 ppm]
GROUND_X (Ground station, On ground) -> FFFFFF (Aircraft): Command
AVLC type: U (DISC) P/F: 0

[2025-08-25 20:33:52.597 CEST] [136.975] [1.8/-49.5 dBFS] [51.3 dB] [0.1 ppm]
AIRCRAFT (Aircraft, On ground) -> GROUND_Y (Ground station): Response
AVLC type: S (Receive Ready) P/F: 0 rseq: 6

[2025-08-25 20:33:53.813 CEST] [136.975] [-7.1/-49.3 dBFS] [42.1 dB] [0.9 ppm]
GROUND_Y (Ground station, On ground) -> AIRCRAFT (Aircraft): Response
AVLC type: S (Receive Ready) P/F: 0 rseq: 5

[2025-08-25 20:33:54.118 CEST] [136.975] [1.9/-49.0 dBFS] [50.9 dB] [0.3 ppm]
AIRCRAFT (Aircraft, On ground) -> GROUND_Y (Ground station): Command
AVLC type: I sseq: 5 rseq: 6 poll: 0
 X.25 Data: grp: 11 chan: 255 sseq: 2 rseq: 4 more: 0
  X.25 reasm status: skipped
  X.233 CLNP Data (compressed header):
   LRef: 0x40 Prio: 14 Flags: 0xf6
   Lifetime: 32.0 sec
   PDU Id: 0x1e
   IDRP Keepalive: seq: 3 ack: 18 credit_offered: 3 credit_avail: 4

[2025-08-25 20:33:54.730 CEST] [136.975] [-7.1/-49.5 dBFS] [42.5 dB] [0.9 ppm]
GROUND_Y (Ground station, On ground) -> AIRCRAFT (Aircraft): Response
AVLC type: S (Receive Ready) P/F: 0 rseq: 6

[2025-08-25 20:33:54.881 CEST] [136.975] [-10.3/-49.7 dBFS] [39.4 dB] [2.7 ppm]
GROUND_Y (Ground station, On ground) -> FFFFFF (Aircraft): Command
AVLC type: U (DISC) P/F: 0

[2025-08-25 20:33:59.757 CEST] [136.975] [-7.1/-49.3 dBFS] [42.3 dB] [0.9 ppm]
GROUND_Y (Ground station, On ground) -> AIRCRAFT (Aircraft): Command
AVLC type: I sseq: 6 rseq: 6 poll: 0
 X.25 Data: grp: 11 chan: 255 sseq: 4 rseq: 3 more: 0
  X.25 reasm status: skipped
  X.233 CLNP Data:
   Src NSAP: 47 00 27 81 83 65 75 00 11 50 59 00 01 00 00 47 47 31 31 01	"G.'..eu..PY....GG11."
   Dst NSAP: 47 00 27 c1 53 55 49 00 xx xx xx 01 01 55 4c 38 30 58 31 01	"G.'.SUI.K....UL80X1."
   Lifetime: 18.5 sec
   Flags: SP
   Segmentation:
    PDU Id: 0x116f
    Segment offset: 0
    PDU total length: 89
    CLNP reasm status: skipped
   Options:
    LRef: 0x41
    QoS maintenance: 0xd6
    Security:
     Reg ID: 06 04 2b 1b 00 00
     Info:
      Traffic type:
       Type: ATN operational
       Category: ATSC
       Route policy: 0x01
    Priority: 0x0b
   X.224 COTP Data Ack:
    dst_ref: 0x0033
    rseq: 2 credit: 2
    ATN checksum: 72 dd e1 78

[2025-08-25 20:34:02.807 CEST] [136.975] [-7.1/-49.1 dBFS] [42.0 dB] [0.9 ppm]
GROUND_Y (Ground station, On ground) -> AIRCRAFT (Aircraft): Command
AVLC type: I sseq: 6 rseq: 6 poll: 0
 X.25 Data: grp: 11 chan: 255 sseq: 4 rseq: 3 more: 0
  X.25 reasm status: skipped
  X.233 CLNP Data:
   Src NSAP: 47 00 27 81 83 65 75 00 11 50 59 00 01 00 00 47 47 31 31 01	"G.'..eu..PY....GG11."
   Dst NSAP: 47 00 27 c1 53 55 49 00 xx xx xx 01 01 55 4c 38 30 58 31 01	"G.'.SUI.K....UL80X1."
   Lifetime: 18.5 sec
   Flags: SP
   Segmentation:
    PDU Id: 0x116f
    Segment offset: 0
    PDU total length: 89
    CLNP reasm status: skipped
   Options:
    LRef: 0x41
    QoS maintenance: 0xd6
    Security:
     Reg ID: 06 04 2b 1b 00 00
     Info:
      Traffic type:
       Type: ATN operational
       Category: ATSC
       Route policy: 0x01
    Priority: 0x0b
   X.224 COTP Data Ack:
    dst_ref: 0x0033
    rseq: 2 credit: 2
    ATN checksum: 72 dd e1 78

[2025-08-25 20:34:07.832 CEST] [136.975] [-7.0/-49.3 dBFS] [42.3 dB] [1.1 ppm]
GROUND_Y (Ground station, On ground) -> AIRCRAFT (Aircraft): Command
AVLC type: I sseq: 6 rseq: 6 poll: 0
 X.25 Data: grp: 11 chan: 255 sseq: 4 rseq: 3 more: 0
  X.25 reasm status: skipped
  X.233 CLNP Data:
   Src NSAP: 47 00 27 81 83 65 75 00 11 50 59 00 01 00 00 47 47 31 31 01	"G.'..eu..PY....GG11."
   Dst NSAP: 47 00 27 c1 53 55 49 00 xx xx xx 01 01 55 4c 38 30 58 31 01	"G.'.SUI.K....UL80X1."
   Lifetime: 18.5 sec
   Flags: SP
   Segmentation:
    PDU Id: 0x116f
    Segment offset: 0
    PDU total length: 89
    CLNP reasm status: skipped
   Options:
    LRef: 0x41
    QoS maintenance: 0xd6
    Security:
     Reg ID: 06 04 2b 1b 00 00
     Info:
      Traffic type:
       Type: ATN operational
       Category: ATSC
       Route policy: 0x01
    Priority: 0x0b
   X.224 COTP Data Ack:
    dst_ref: 0x0033
    rseq: 2 credit: 2
    ATN checksum: 72 dd e1 78

[2025-08-25 20:34:12.254 CEST] [136.975] [-6.7/-49.0 dBFS] [42.3 dB] [1.0 ppm]
GROUND_Y (Ground station, On ground) -> AIRCRAFT (Aircraft): Command
AVLC type: I sseq: 6 rseq: 6 poll: 0
 X.25 Data: grp: 11 chan: 255 sseq: 4 rseq: 3 more: 0
  X.25 reasm status: skipped
  X.233 CLNP Data:
   Src NSAP: 47 00 27 81 83 65 75 00 11 50 59 00 01 00 00 47 47 31 31 01	"G.'..eu..PY....GG11."
   Dst NSAP: 47 00 27 c1 53 55 49 00 xx xx xx 01 01 55 4c 38 30 58 31 01	"G.'.SUI.K....UL80X1."
   Lifetime: 18.5 sec
   Flags: SP
   Segmentation:
    PDU Id: 0x116f
    Segment offset: 0
    PDU total length: 89
    CLNP reasm status: skipped
   Options:
    LRef: 0x41
    QoS maintenance: 0xd6
    Security:
     Reg ID: 06 04 2b 1b 00 00
     Info:
      Traffic type:
       Type: ATN operational
       Category: ATSC
       Route policy: 0x01
    Priority: 0x0b
   X.224 COTP Data Ack:
    dst_ref: 0x0033
    rseq: 2 credit: 2
    ATN checksum: 72 dd e1 78

[2025-08-25 20:34:20.482 CEST] [136.975] [-7.2/-48.9 dBFS] [41.7 dB] [1.0 ppm]
GROUND_Y (Ground station, On ground) -> AIRCRAFT (Aircraft): Command
AVLC type: I sseq: 6 rseq: 6 poll: 0
 X.25 Data: grp: 11 chan: 255 sseq: 4 rseq: 3 more: 0
  X.25 reasm status: skipped
  X.233 CLNP Data:
   Src NSAP: 47 00 27 81 83 65 75 00 11 50 59 00 01 00 00 47 47 31 31 01	"G.'..eu..PY....GG11."
   Dst NSAP: 47 00 27 c1 53 55 49 00 xx xx xx 01 01 55 4c 38 30 58 31 01	"G.'.SUI.K....UL80X1."
   Lifetime: 18.5 sec
   Flags: SP
   Segmentation:
    PDU Id: 0x116f
    Segment offset: 0
    PDU total length: 89
    CLNP reasm status: skipped
   Options:
    LRef: 0x41
    QoS maintenance: 0xd6
    Security:
     Reg ID: 06 04 2b 1b 00 00
     Info:
      Traffic type:
       Type: ATN operational
       Category: ATSC
       Route policy: 0x01
    Priority: 0x0b
   X.224 COTP Data Ack:
    dst_ref: 0x0033
    rseq: 2 credit: 2
    ATN checksum: 72 dd e1 78

[2025-08-25 20:34:44.103 CEST] [136.975] [-9.6/-49.2 dBFS] [39.6 dB] [0.9 ppm]
GROUND_X (Ground station, On ground) -> FFFFFF (Aircraft): Command
AVLC type: U (XID) P/F: 0
 XID: Ground Station Information Frame
  Public params:
   Parameter set ID: 8885:1993
   Procedure classes: 00 01
   HDLC options: 20 a4 88
  VDL params:
   Parameter set ID: V
   AVLC specific options: 64
   Frequency support list:
    Ground station: xxxxxx
     Frequency: 136.875 MHz (VDL-M2, D8PSK, 31500 bps)
    Ground station: xxxxxx
     Frequency: 136.875 MHz (VDL-M2, D8PSK, 31500 bps)
   Timer T4: 00 02
   Airport coverage: xxxx
   ATN router NETs: 53 49 54 00 00 01	"SIT..."
   System mask: 200000
   Ground station location: xN yE

[2025-08-25 20:34:44.253 CEST] [136.975] [1.8/-49.0 dBFS] [50.8 dB] [0.2 ppm]
AIRCRAFT (Aircraft, On ground) -> GROUND_X (Ground station): Command
AVLC type: U (XID) P/F: 1
 XID: Link Establishment
  Public params:
   Parameter set ID: 8885:1993
   HDLC options: 20 84 80
   Procedure classes: 00 01
  VDL params:
   Parameter set ID: V
   Connection management: 00
   XID sequencing: seq: 7 retry: 0
   AVLC specific options: 64
   Modulation support: VDL-M2, D8PSK, 31500 bps
   Aircraft location: xN yE 0 ft

[2025-08-25 20:34:44.405 CEST] [136.975] [-9.6/-49.0 dBFS] [39.4 dB] [1.0 ppm]
GROUND_X (Ground station, On ground) -> AIRCRAFT (Aircraft): Response
AVLC type: U (XID) P/F: 1
 XID: Link Establishment Response
  Public params:
   Parameter set ID: 8885:1993
   Procedure classes: 00 01
   HDLC options: 20 a4 88
  VDL params:
   Parameter set ID: V
   Connection management: 00
   XID sequencing: seq: 7 retry: 0
   AVLC specific options: 64
   Airport coverage: xxxx
   ATN router NETs: 53 49 54 00 00 01	"SIT..."
   System mask: 200000
   Ground station location: xN yE

[2025-08-25 20:34:44.559 CEST] [136.975] [1.7/-49.2 dBFS] [50.9 dB] [0.3 ppm]
AIRCRAFT (Aircraft, On ground) -> GROUND_X (Ground station): Command
AVLC type: I sseq: 0 rseq: 0 poll: 0
 ACARS:
  Reassembly: skipped
  Reg: ..CPDLC Flight: HB0000
  Mode: 2 Label: Q0 Blk id: 7 More: 0 Ack: ! Msg num: M06A

[2025-08-25 20:34:45.017 CEST] [136.975] [-13.4/-49.4 dBFS] [35.9 dB] [1.0 ppm]
GROUND_X (Ground station, On ground) -> AIRCRAFT (Aircraft): Command
AVLC type: I sseq: 0 rseq: 1 poll: 0
 ACARS:
  Reassembly: skipped
  Reg: ..CPDLC
  Mode: 2 Label: _d Blk id: A More: 0 Ack: 7

[2025-08-25 20:34:45.472 CEST] [136.975] [-13.4/-49.3 dBFS] [35.9 dB] [1.1 ppm]
GROUND_X (Ground station, On ground) -> AIRCRAFT (Aircraft): Command
AVLC type: I sseq: 1 rseq: 2 poll: 0
 X.25 Call Accepted: grp: 11 chan: 255 src: 22677777 dst: 1116900402899
  Facilities:
   Max. packet size:
    From calling DTE: 256 bytes
    From called  DTE: 256 bytes
   Window size:
    From calling DTE: 4 packets
    From called  DTE: 4 packets
   Called line address modified: 0f
  Compression support: LREF, LREF-CAN
  M/I: 0
  ES-IS IS Hello: Hold Time: 65534 sec
   NET: 47 00 27 01 53 49 54 00 59 55 4c 00 01 08 00 20 ff ba 45 00	"G.'.SIT.YUL.... ..E."
   Options:
    ATN Data Link Capabilities: 01
    Mobile Subnetwork Capabilities:
     Permitted traffic: all
     Supported ATSC classes: A

[2025-08-25 20:34:45.474 CEST] [136.975] [-13.4/-49.0 dBFS] [35.6 dB] [1.1 ppm]
GROUND_X (Ground station, On ground) -> AIRCRAFT (Aircraft): Command
AVLC type: I sseq: 2 rseq: 2 poll: 0
 X.25 Data: grp: 11 chan: 255 sseq: 0 rseq: 0 more: 0
  X.25 reasm status: skipped
  X.233 CLNP Data:
   Src NSAP: 47 00 27 01 53 49 54 00 59 55 4c 00 01 08 00 20 ff ba 45 00	"G.'.SIT.YUL.... ..E."
   Dst NSAP: 47 00 27 c1 53 55 49 00 xx xx xx 01 01 55 4c 38 30 58 31 00	"G.'.SUI.K....UL80X1."
   Lifetime: 20.0 sec
   Flags: SP E/R
   Segmentation:
    PDU Id: 0x2294
    Segment offset: 0
    PDU total length: 140
    CLNP reasm status: skipped
   Options:
    LRef: 0x40
    QoS maintenance: 0xd6
    Security:
     Reg ID: 06 04 2b 1b 00 00
     Info:
      Traffic type:
       Type: ATN system management
       Category: none
       Route policy: 0x00
    Priority: 0x0e
   IDRP Open: seq: 20 ack: 2 credit_offered: 4 credit_avail: 0
    Hold Time: 900 seconds
    Max. PDU size: 3000 octets
    Source RDI: 47 00 27 01 53 49 54 00 59 55 4c	"G.'.SIT.YUL"
    RIB Attribute Set:
     RibAtt #0:
      Security:
       Reg ID: 06 04 2b 1b 00 00
    Auth mechanism: simple checksum

[2025-08-25 20:34:45.928 CEST] [136.975] [1.8/-49.4 dBFS] [51.2 dB] [0.1 ppm]
AIRCRAFT (Aircraft, On ground) -> GROUND_X (Ground station): Command
AVLC type: I sseq: 2 rseq: 3 poll: 0
 X.25 Data: grp: 11 chan: 255 sseq: 0 rseq: 1 more: 0
  X.25 reasm status: skipped
  X.233 CLNP Data (compressed header):
   LRef: 0x40 Prio: 14 Flags: 0xf6
   Lifetime: 32.0 sec
   PDU Id: 0x1f
   IDRP Open: seq: 1 ack: 20 credit_offered: 3 credit_avail: 4
    Hold Time: 900 seconds
    Max. PDU size: 1024 octets
    Source RDI: 47 00 27 c1 53 55 49 00 xx xx xx	"G.'.SUI.K.."
    RIB Attribute Set:
     RibAtt #0:
      Security:
       Reg ID: 06 04 2b 1b 00 00
    Auth mechanism: simple checksum

[2025-08-25 20:34:46.082 CEST] [136.975] [-13.3/-49.0 dBFS] [35.7 dB] [1.1 ppm]
GROUND_X (Ground station, On ground) -> AIRCRAFT (Aircraft): Command
AVLC type: I sseq: 3 rseq: 3 poll: 0
 X.25 Data: grp: 11 chan: 255 sseq: 1 rseq: 1 more: 0
  X.25 reasm status: skipped
  X.233 CLNP Data (compressed header):
   LRef: 0x40 Prio: 14 Flags: 0xf6
   Lifetime: 20.0 sec
   PDU Id: 0x229e
   IDRP Keepalive: seq: 21 ack: 1 credit_offered: 4 credit_avail: 3

[2025-08-25 20:34:46.083 CEST] [136.975] [-13.3/-48.9 dBFS] [35.7 dB] [1.0 ppm]
GROUND_X (Ground station, On ground) -> AIRCRAFT (Aircraft): Command
AVLC type: I sseq: 4 rseq: 3 poll: 0
 X.25 Data: grp: 11 chan: 255 sseq: 2 rseq: 1 more: 0
  X.25 reasm status: skipped
  X.233 CLNP Data (compressed header):
   LRef: 0x40 Prio: 14 Flags: 0xf6
   Lifetime: 20.0 sec
   PDU Id: 0x229f
   IDRP Update: seq: 21 ack: 1 credit_offered: 4 credit_avail: 2
    Route:
     ID: 5210
     Local preference: 0
    Security:
     Reg ID: 06 04 2b 1b 00 00
     Info:
      Supported ATSC classes: A
      Subnetwork type:
       Subnet: VDL
       Permitted traffic: all
    RD path:
     RD_SEQ:
      47 00 27 01 53 49 54 00 00 00 01 0b 47 00 27 01 53 49 54 00 59 55 4c	"G.'.SIT.....G.'.SIT.YUL"
      47 00 27 01 53 49 54 00 59 55 4c	"G.'.SIT.YUL"
    RD hop count: 2
    Capacity: 12
    Reachability info:
     Protocol: CLNP
     Prefix length: 32
     Dest. address prefix: 47 00 27 01 20 47 00 27 81	"G.'. G.'."

[2025-08-25 20:34:46.692 CEST] [136.975] [-14.0/-49.5 dBFS] [35.5 dB] [2.7 ppm]
GROUND_X (Ground station, On ground) -> FFFFFF (Aircraft): Command
AVLC type: U (DISC) P/F: 0

[2025-08-25 20:34:47.149 CEST] [136.975] [-13.3/-49.7 dBFS] [36.3 dB] [1.1 ppm]
GROUND_X (Ground station, On ground) -> AIRCRAFT (Aircraft): Response
AVLC type: S (Receive Ready) P/F: 0 rseq: 4

[2025-08-25 20:34:47.605 CEST] [136.975] [-9.6/-49.0 dBFS] [39.4 dB] [1.1 ppm]
GROUND_X (Ground station, On ground) -> AIRCRAFT (Aircraft): Command
AVLC type: I sseq: 5 rseq: 4 poll: 0
 X.25 Data: grp: 11 chan: 255 sseq: 3 rseq: 2 more: 0
  X.25 reasm status: skipped
  X.233 CLNP Data (compressed header):
   LRef: 0x40 Prio: 14 Flags: 0xf6
   Lifetime: 20.0 sec
   PDU Id: 0x22ad
   IDRP Keepalive: seq: 22 ack: 2 credit_offered: 4 credit_avail: 2

[2025-08-25 20:34:51.416 CEST] [136.975] [-9.5/-49.0 dBFS] [39.4 dB] [1.2 ppm]
GROUND_X (Ground station, On ground) -> AIRCRAFT (Aircraft): Command
AVLC type: I sseq: 5 rseq: 4 poll: 0
 X.25 Data: grp: 11 chan: 255 sseq: 3 rseq: 2 more: 0
  X.25 reasm status: skipped
  X.233 CLNP Data (compressed header):
   LRef: 0x40 Prio: 14 Flags: 0xf6
   Lifetime: 20.0 sec
   PDU Id: 0x22ad
   IDRP Keepalive: seq: 22 ack: 2 credit_offered: 4 credit_avail: 2

[2025-08-25 20:34:55.681 CEST] [136.975] [-9.7/-49.5 dBFS] [39.8 dB] [1.1 ppm]
GROUND_X (Ground station, On ground) -> AIRCRAFT (Aircraft): Command
AVLC type: I sseq: 5 rseq: 4 poll: 0
 X.25 Data: grp: 11 chan: 255 sseq: 3 rseq: 2 more: 0
  X.25 reasm status: skipped
  X.233 CLNP Data (compressed header):
   LRef: 0x40 Prio: 14 Flags: 0xf6
   Lifetime: 20.0 sec
   PDU Id: 0x22ad
   IDRP Keepalive: seq: 22 ack: 2 credit_offered: 4 credit_avail: 2

[2025-08-25 20:35:00.254 CEST] [136.975] [-9.7/-49.2 dBFS] [39.6 dB] [0.9 ppm]
GROUND_X (Ground station, On ground) -> AIRCRAFT (Aircraft): Command
AVLC type: I sseq: 5 rseq: 4 poll: 0
 X.25 Data: grp: 11 chan: 255 sseq: 3 rseq: 2 more: 0
  X.25 reasm status: skipped
  X.233 CLNP Data (compressed header):
   LRef: 0x40 Prio: 14 Flags: 0xf6
   Lifetime: 20.0 sec
   PDU Id: 0x22ad
   IDRP Keepalive: seq: 22 ack: 2 credit_offered: 4 credit_avail: 2

[2025-08-25 20:35:01.016 CEST] [136.975] [-9.5/-49.2 dBFS] [39.7 dB] [1.2 ppm]
GROUND_X (Ground station, On ground) -> AIRCRAFT (Aircraft): Command
AVLC type: I sseq: 6 rseq: 4 poll: 0
 X.25 Data: grp: 11 chan: 255 sseq: 4 rseq: 2 more: 0
  X.25 reasm status: skipped
  X.233 CLNP Data (compressed header):
   LRef: 0x40 Prio: 14 Flags: 0xf6
   Lifetime: 20.0 sec
   PDU Id: 0x232d
   IDRP Update: seq: 21 ack: 1 credit_offered: 4 credit_avail: 2
    Route:
     ID: 5210
     Local preference: 0
    Security:
     Reg ID: 06 04 2b 1b 00 00
     Info:
      Supported ATSC classes: A
      Subnetwork type:
       Subnet: VDL
       Permitted traffic: all
    RD path:
     RD_SEQ:
      47 00 27 01 53 49 54 00 00 00 01 0b 47 00 27 01 53 49 54 00 59 55 4c	"G.'.SIT.....G.'.SIT.YUL"
      47 00 27 01 53 49 54 00 59 55 4c	"G.'.SIT.YUL"
    RD hop count: 2
    Capacity: 12
    Reachability info:
     Protocol: CLNP
     Prefix length: 32
     Dest. address prefix: 47 00 27 01 20 47 00 27 81	"G.'. G.'."

[2025-08-25 20:35:04.063 CEST] [136.975] [-9.7/-49.3 dBFS] [39.6 dB] [1.2 ppm]
GROUND_X (Ground station, On ground) -> AIRCRAFT (Aircraft): Command
AVLC type: I sseq: 5 rseq: 4 poll: 0
 X.25 Data: grp: 11 chan: 255 sseq: 3 rseq: 2 more: 0
  X.25 reasm status: skipped
  X.233 CLNP Data (compressed header):
   LRef: 0x40 Prio: 14 Flags: 0xf6
   Lifetime: 20.0 sec
   PDU Id: 0x22ad
   IDRP Keepalive: seq: 22 ack: 2 credit_offered: 4 credit_avail: 2

[2025-08-25 20:35:04.063 CEST] [136.975] [-9.7/-49.3 dBFS] [39.6 dB] [1.2 ppm]
GROUND_X (Ground station, On ground) -> AIRCRAFT (Aircraft): Command
AVLC type: I sseq: 6 rseq: 4 poll: 0
 X.25 Data: grp: 11 chan: 255 sseq: 4 rseq: 2 more: 0
  X.25 reasm status: skipped
  X.233 CLNP Data (compressed header):
   LRef: 0x40 Prio: 14 Flags: 0xf6
   Lifetime: 20.0 sec
   PDU Id: 0x232d
   IDRP Update: seq: 21 ack: 1 credit_offered: 4 credit_avail: 2
    Route:
     ID: 5210
     Local preference: 0
    Security:
     Reg ID: 06 04 2b 1b 00 00
     Info:
      Supported ATSC classes: A
      Subnetwork type:
       Subnet: VDL
       Permitted traffic: all
    RD path:
     RD_SEQ:
      47 00 27 01 53 49 54 00 00 00 01 0b 47 00 27 01 53 49 54 00 59 55 4c	"G.'.SIT.....G.'.SIT.YUL"
      47 00 27 01 53 49 54 00 59 55 4c	"G.'.SIT.YUL"
    RD hop count: 2
    Capacity: 12
    Reachability info:
     Protocol: CLNP
     Prefix length: 32
     Dest. address prefix: 47 00 27 01 20 47 00 27 81	"G.'. G.'."

[2025-08-25 20:35:10.007 CEST] [136.975] [-9.7/-49.3 dBFS] [39.6 dB] [0.9 ppm]
GROUND_X (Ground station, On ground) -> AIRCRAFT (Aircraft): Command
AVLC type: I sseq: 5 rseq: 4 poll: 0
 X.25 Data: grp: 11 chan: 255 sseq: 3 rseq: 2 more: 0
  X.25 reasm status: skipped
  X.233 CLNP Data (compressed header):
   LRef: 0x40 Prio: 14 Flags: 0xf6
   Lifetime: 20.0 sec
   PDU Id: 0x22ad
   IDRP Keepalive: seq: 22 ack: 2 credit_offered: 4 credit_avail: 2

[2025-08-25 20:35:10.007 CEST] [136.975] [-9.7/-49.3 dBFS] [39.6 dB] [0.9 ppm]
GROUND_X (Ground station, On ground) -> AIRCRAFT (Aircraft): Command
AVLC type: I sseq: 6 rseq: 4 poll: 0
 X.25 Data: grp: 11 chan: 255 sseq: 4 rseq: 2 more: 0
  X.25 reasm status: skipped
  X.233 CLNP Data (compressed header):
   LRef: 0x40 Prio: 14 Flags: 0xf6
   Lifetime: 20.0 sec
   PDU Id: 0x232d
   IDRP Update: seq: 21 ack: 1 credit_offered: 4 credit_avail: 2
    Route:
     ID: 5210
     Local preference: 0
    Security:
     Reg ID: 06 04 2b 1b 00 00
     Info:
      Supported ATSC classes: A
      Subnetwork type:
       Subnet: VDL
       Permitted traffic: all
    RD path:
     RD_SEQ:
      47 00 27 01 53 49 54 00 00 00 01 0b 47 00 27 01 53 49 54 00 59 55 4c	"G.'.SIT.....G.'.SIT.YUL"
      47 00 27 01 53 49 54 00 59 55 4c	"G.'.SIT.YUL"
    RD hop count: 2
    Capacity: 12
    Reachability info:
     Protocol: CLNP
     Prefix length: 32
     Dest. address prefix: 47 00 27 01 20 47 00 27 81	"G.'. G.'."

[2025-08-25 20:35:16.101 CEST] [136.975] [-9.6/-49.4 dBFS] [39.8 dB] [1.2 ppm]
GROUND_X (Ground station, On ground) -> AIRCRAFT (Aircraft): Command
AVLC type: I sseq: 7 rseq: 4 poll: 0
 X.25 Data: grp: 11 chan: 255 sseq: 5 rseq: 2 more: 0
  X.25 reasm status: skipped
  X.233 CLNP Data (compressed header):
   LRef: 0x40 Prio: 14 Flags: 0xf6
   Lifetime: 20.0 sec
   PDU Id: 0x2396
   IDRP Update: seq: 21 ack: 1 credit_offered: 4 credit_avail: 2
    Route:
     ID: 5210
     Local preference: 0
    Security:
     Reg ID: 06 04 2b 1b 00 00
     Info:
      Supported ATSC classes: A
      Subnetwork type:
       Subnet: VDL
       Permitted traffic: all
    RD path:
     RD_SEQ:
      47 00 27 01 53 49 54 00 00 00 01 0b 47 00 27 01 53 49 54 00 59 55 4c	"G.'.SIT.....G.'.SIT.YUL"
      47 00 27 01 53 49 54 00 59 55 4c	"G.'.SIT.YUL"
    RD hop count: 2
    Capacity: 12
    Reachability info:
     Protocol: CLNP
     Prefix length: 32
     Dest. address prefix: 47 00 27 01 20 47 00 27 81	"G.'. G.'."



[2025-08-25 20:35:49.626 CEST] [136.975] [-7.2/-49.2 dBFS] [42.0 dB] [1.1 ppm]
GROUND_Y (Ground station, On ground) -> FFFFFF (Aircraft): Command
AVLC type: U (XID) P/F: 0
 XID: Ground Station Information Frame
  Public params:
   Parameter set ID: 8885:1993
   Procedure classes: 00 01
   HDLC options: 20 a4 88
  VDL params:
   Parameter set ID: V
   AVLC specific options: 64
   Frequency support list:
    Ground station: xxxxxx
     Frequency: 136.875 MHz (VDL-M2, D8PSK, 31500 bps)
    Ground station: xxxxxx
     Frequency: 136.875 MHz (VDL-M2, D8PSK, 31500 bps)
   Timer T4: 00 02
   Airport coverage: xxxx
   ATN router NETs: 53 49 54 00 00 01	"SIT..."
   System mask: 200000
   Ground station location: xN yE

[2025-08-25 20:35:49.781 CEST] [136.975] [-7.4/-49.0 dBFS] [41.6 dB] [0.9 ppm]
GROUND_Y (Ground station, On ground) -> AIRCRAFT (Aircraft): Response
AVLC type: U (XID) P/F: 1
 XID: Link Establishment Response
  Public params:
   Parameter set ID: 8885:1993
   Procedure classes: 00 01
   HDLC options: 20 a4 88
  VDL params:
   Parameter set ID: V
   Connection management: 00
   XID sequencing: seq: 0 retry: 0
   AVLC specific options: 64
   Airport coverage: xxxx
   ATN router NETs: 53 49 54 00 00 01	"SIT..."
   System mask: 200000
   Ground station location: xN yE

[2025-08-25 20:35:50.235 CEST] [136.975] [1.8/-49.3 dBFS] [51.1 dB] [0.1 ppm]
AIRCRAFT (Aircraft, On ground) -> GROUND_Y (Ground station): Command
AVLC type: I sseq: 0 rseq: 0 poll: 0
 ACARS:
  Reassembly: skipped
  Reg: ..CPDLC Flight: HB0000
  Mode: 2 Label: Q0 Blk id: 8 More: 0 Ack: ! Msg num: M07A

[2025-08-25 20:35:50.389 CEST] [136.975] [-10.9/-49.2 dBFS] [38.3 dB] [1.1 ppm]
GROUND_Y (Ground station, On ground) -> AIRCRAFT (Aircraft): Command
AVLC type: I sseq: 0 rseq: 1 poll: 0
 ACARS:
  Reassembly: skipped
  Reg: ..CPDLC
  Mode: 2 Label: _d Blk id: A More: 0 Ack: 8

[2025-08-25 20:35:50.542 CEST] [136.975] [1.8/-49.4 dBFS] [51.2 dB] [0.2 ppm]
AIRCRAFT (Aircraft, On ground) -> GROUND_Y (Ground station): Command
AVLC type: I sseq: 1 rseq: 1 poll: 0
 X.25 Call Request: grp: 11 chan: 255 src: 22677777 dst: none
  Facilities:
   Fast Select: requested
   Called address extension: 8c 53 49 54 00 00 01	".SIT..."
  Compression support: LREF, LREF-CAN
  M/I: 0
  ES-IS IS Hello: Hold Time: 30 sec
   NET: 47 00 27 c1 53 55 49 00 xx xx xx 01 01 55 4c 38 30 58 31 00	"G.'.SUI.K....UL80X1."

[2025-08-25 20:35:50.997 CEST] [136.975] [-10.9/-49.4 dBFS] [38.5 dB] [0.9 ppm]
GROUND_Y (Ground station, On ground) -> AIRCRAFT (Aircraft): Command
AVLC type: I sseq: 1 rseq: 2 poll: 0
 X.25 Call Accepted: grp: 11 chan: 255 src: 22677777 dst: 1116900402899
  Facilities:
   Max. packet size:
    From calling DTE: 256 bytes
    From called  DTE: 256 bytes
   Window size:
    From calling DTE: 4 packets
    From called  DTE: 4 packets
   Called line address modified: 0f
  Compression support: LREF, LREF-CAN
  M/I: 0
  ES-IS IS Hello: Hold Time: 65534 sec
   NET: 47 00 27 01 53 49 54 00 59 55 4c 00 01 08 00 20 ff ba 45 00	"G.'.SIT.YUL.... ..E."
   Options:
    ATN Data Link Capabilities: 01
    Mobile Subnetwork Capabilities:
     Permitted traffic: all
     Supported ATSC classes: A

[2025-08-25 20:35:51.454 CEST] [136.975] [1.9/-49.3 dBFS] [51.1 dB] [0.3 ppm]
AIRCRAFT (Aircraft, On ground) -> GROUND_Y (Ground station): Response
AVLC type: S (Receive Ready) P/F: 0 rseq: 2

[2025-08-25 20:35:52.219 CEST] [136.975] [-10.5/-49.3 dBFS] [38.8 dB] [2.7 ppm]
GROUND_Y (Ground station, On ground) -> FFFFFF (Aircraft): Command
AVLC type: U (DISC) P/F: 0

[2025-08-25 20:35:55.114 CEST] [136.975] [-7.3/-49.3 dBFS] [42.1 dB] [1.1 ppm]
GROUND_Y (Ground station, On ground) -> AIRCRAFT (Aircraft): Command
AVLC type: I sseq: 2 rseq: 2 poll: 0
 X.25 Data: grp: 11 chan: 255 sseq: 0 rseq: 0 more: 0
  X.25 reasm status: skipped
  X.233 CLNP Data:
   Src NSAP: 47 00 27 01 53 49 54 00 59 55 4c 00 01 08 00 20 ff ba 45 00	"G.'.SIT.YUL.... ..E."
   Dst NSAP: 47 00 27 c1 53 55 49 00 xx xx xx 01 01 55 4c 38 30 58 31 00	"G.'.SUI.K....UL80X1."
   Lifetime: 20.0 sec
   Flags: SP E/R
   Segmentation:
    PDU Id: 0x249f
    Segment offset: 0
    PDU total length: 140
    CLNP reasm status: skipped
   Options:
    LRef: 0x40
    QoS maintenance: 0xd6
    Security:
     Reg ID: 06 04 2b 1b 00 00
     Info:
      Traffic type:
       Type: ATN system management
       Category: none
       Route policy: 0x00
    Priority: 0x0e
   IDRP Open: seq: 23 ack: 2 credit_offered: 4 credit_avail: 0
    Hold Time: 900 seconds
    Max. PDU size: 3000 octets
    Source RDI: 47 00 27 01 53 49 54 00 59 55 4c	"G.'.SIT.YUL"
    RIB Attribute Set:
     RibAtt #0:
      Security:
       Reg ID: 06 04 2b 1b 00 00
    Auth mechanism: simple checksum

[2025-08-25 20:35:55.114 CEST] [136.975] [-7.3/-49.3 dBFS] [42.1 dB] [1.1 ppm]
GROUND_Y (Ground station, On ground) -> AIRCRAFT (Aircraft): Command
AVLC type: I sseq: 2 rseq: 2 poll: 0
 X.25 Data: grp: 11 chan: 255 sseq: 0 rseq: 0 more: 0
  X.25 reasm status: skipped
  X.233 CLNP Data:
   Src NSAP: 47 00 27 01 53 49 54 00 59 55 4c 00 01 08 00 20 ff ba 45 00	"G.'.SIT.YUL.... ..E."
   Dst NSAP: 47 00 27 c1 53 55 49 00 xx xx xx 01 01 55 4c 38 30 58 31 00	"G.'.SUI.K....UL80X1."
   Lifetime: 20.0 sec
   Flags: SP E/R
   Segmentation:
    PDU Id: 0x249f
    Segment offset: 0
    PDU total length: 140
    CLNP reasm status: skipped
   Options:
    LRef: 0x40
    QoS maintenance: 0xd6
    Security:
     Reg ID: 06 04 2b 1b 00 00
     Info:
      Traffic type:
       Type: ATN system management
       Category: none
       Route policy: 0x00
    Priority: 0x0e
   IDRP Open: seq: 23 ack: 2 credit_offered: 4 credit_avail: 0
    Hold Time: 900 seconds
    Max. PDU size: 3000 octets
    Source RDI: 47 00 27 01 53 49 54 00 59 55 4c	"G.'.SIT.YUL"
    RIB Attribute Set:
     RibAtt #0:
      Security:
       Reg ID: 06 04 2b 1b 00 00
    Auth mechanism: simple checksum

[2025-08-25 20:35:59.379 CEST] [136.975] [-7.2/-49.3 dBFS] [42.1 dB] [0.9 ppm]
GROUND_Y (Ground station, On ground) -> AIRCRAFT (Aircraft): Command
AVLC type: I sseq: 2 rseq: 2 poll: 0
 X.25 Data: grp: 11 chan: 255 sseq: 0 rseq: 0 more: 0
  X.25 reasm status: skipped
  X.233 CLNP Data:
   Src NSAP: 47 00 27 01 53 49 54 00 59 55 4c 00 01 08 00 20 ff ba 45 00	"G.'.SIT.YUL.... ..E."
   Dst NSAP: 47 00 27 c1 53 55 49 00 xx xx xx 01 01 55 4c 38 30 58 31 00	"G.'.SUI.K....UL80X1."
   Lifetime: 20.0 sec
   Flags: SP E/R
   Segmentation:
    PDU Id: 0x249f
    Segment offset: 0
    PDU total length: 140
    CLNP reasm status: skipped
   Options:
    LRef: 0x40
    QoS maintenance: 0xd6
    Security:
     Reg ID: 06 04 2b 1b 00 00
     Info:
      Traffic type:
       Type: ATN system management
       Category: none
       Route policy: 0x00
    Priority: 0x0e
   IDRP Open: seq: 23 ack: 2 credit_offered: 4 credit_avail: 0
    Hold Time: 900 seconds
    Max. PDU size: 3000 octets
    Source RDI: 47 00 27 01 53 49 54 00 59 55 4c	"G.'.SIT.YUL"
    RIB Attribute Set:
     RibAtt #0:
      Security:
       Reg ID: 06 04 2b 1b 00 00
    Auth mechanism: simple checksum

[2025-08-25 20:36:03.188 CEST] [136.975] [-7.2/-49.5 dBFS] [42.3 dB] [1.1 ppm]
GROUND_Y (Ground station, On ground) -> AIRCRAFT (Aircraft): Command
AVLC type: I sseq: 2 rseq: 2 poll: 0
 X.25 Data: grp: 11 chan: 255 sseq: 0 rseq: 0 more: 0
  X.25 reasm status: skipped
  X.233 CLNP Data:
   Src NSAP: 47 00 27 01 53 49 54 00 59 55 4c 00 01 08 00 20 ff ba 45 00	"G.'.SIT.YUL.... ..E."
   Dst NSAP: 47 00 27 c1 53 55 49 00 xx xx xx 01 01 55 4c 38 30 58 31 00	"G.'.SUI.K....UL80X1."
   Lifetime: 20.0 sec
   Flags: SP E/R
   Segmentation:
    PDU Id: 0x249f
    Segment offset: 0
    PDU total length: 140
    CLNP reasm status: skipped
   Options:
    LRef: 0x40
    QoS maintenance: 0xd6
    Security:
     Reg ID: 06 04 2b 1b 00 00
     Info:
      Traffic type:
       Type: ATN system management
       Category: none
       Route policy: 0x00
    Priority: 0x0e
   IDRP Open: seq: 23 ack: 2 credit_offered: 4 credit_avail: 0
    Hold Time: 900 seconds
    Max. PDU size: 3000 octets
    Source RDI: 47 00 27 01 53 49 54 00 59 55 4c	"G.'.SIT.YUL"
    RIB Attribute Set:
     RibAtt #0:
      Security:
       Reg ID: 06 04 2b 1b 00 00
    Auth mechanism: simple checksum

[2025-08-25 20:36:05.931 CEST] [136.975] [-7.2/-48.9 dBFS] [41.7 dB] [0.9 ppm]
GROUND_Y (Ground station, On ground) -> AIRCRAFT (Aircraft): Command
AVLC type: I sseq: 3 rseq: 2 poll: 0
 X.25 Data: grp: 11 chan: 255 sseq: 1 rseq: 0 more: 0
  X.25 reasm status: skipped
  X.233 CLNP Data (compressed header):
   LRef: 0x40 Prio: 14 Flags: 0xf6
   Lifetime: 20.0 sec
   PDU Id: 0x2504
   IDRP Open: seq: 23 ack: 2 credit_offered: 4 credit_avail: 0
    Hold Time: 900 seconds
    Max. PDU size: 3000 octets
    Source RDI: 47 00 27 01 53 49 54 00 59 55 4c	"G.'.SIT.YUL"
    RIB Attribute Set:
     RibAtt #0:
      Security:
       Reg ID: 06 04 2b 1b 00 00
    Auth mechanism: simple checksum

[2025-08-25 20:36:10.501 CEST] [136.975] [-7.2/-49.1 dBFS] [41.9 dB] [1.0 ppm]
GROUND_Y (Ground station, On ground) -> AIRCRAFT (Aircraft): Command
AVLC type: I sseq: 2 rseq: 2 poll: 0
 X.25 Data: grp: 11 chan: 255 sseq: 0 rseq: 0 more: 0
  X.25 reasm status: skipped
  X.233 CLNP Data:
   Src NSAP: 47 00 27 01 53 49 54 00 59 55 4c 00 01 08 00 20 ff ba 45 00	"G.'.SIT.YUL.... ..E."
   Dst NSAP: 47 00 27 c1 53 55 49 00 xx xx xx 01 01 55 4c 38 30 58 31 00	"G.'.SUI.K....UL80X1."
   Lifetime: 20.0 sec
   Flags: SP E/R
   Segmentation:
    PDU Id: 0x249f
    Segment offset: 0
    PDU total length: 140
    CLNP reasm status: skipped
   Options:
    LRef: 0x40
    QoS maintenance: 0xd6
    Security:
     Reg ID: 06 04 2b 1b 00 00
     Info:
      Traffic type:
       Type: ATN system management
       Category: none
       Route policy: 0x00
    Priority: 0x0e
   IDRP Open: seq: 23 ack: 2 credit_offered: 4 credit_avail: 0
    Hold Time: 900 seconds
    Max. PDU size: 3000 octets
    Source RDI: 47 00 27 01 53 49 54 00 59 55 4c	"G.'.SIT.YUL"
    RIB Attribute Set:
     RibAtt #0:
      Security:
       Reg ID: 06 04 2b 1b 00 00
    Auth mechanism: simple checksum

[2025-08-25 20:36:10.501 CEST] [136.975] [-7.2/-49.1 dBFS] [41.9 dB] [1.0 ppm]
GROUND_Y (Ground station, On ground) -> AIRCRAFT (Aircraft): Command
AVLC type: I sseq: 3 rseq: 2 poll: 0
 X.25 Data: grp: 11 chan: 255 sseq: 1 rseq: 0 more: 0
  X.25 reasm status: skipped
  X.233 CLNP Data (compressed header):
   LRef: 0x40 Prio: 14 Flags: 0xf6
   Lifetime: 20.0 sec
   PDU Id: 0x2504
   IDRP Open: seq: 23 ack: 2 credit_offered: 4 credit_avail: 0
    Hold Time: 900 seconds
    Max. PDU size: 3000 octets
    Source RDI: 47 00 27 01 53 49 54 00 59 55 4c	"G.'.SIT.YUL"
    RIB Attribute Set:
     RibAtt #0:
      Security:
       Reg ID: 06 04 2b 1b 00 00
    Auth mechanism: simple checksum

[2025-08-25 20:36:20.867 CEST] [136.975] [-7.2/-49.0 dBFS] [41.9 dB] [0.9 ppm]
GROUND_Y (Ground station, On ground) -> AIRCRAFT (Aircraft): Command
AVLC type: I sseq: 4 rseq: 2 poll: 0
 X.25 Data: grp: 11 chan: 255 sseq: 2 rseq: 0 more: 0
  X.25 reasm status: skipped
  X.233 CLNP Data (compressed header):
   LRef: 0x40 Prio: 14 Flags: 0xf6
   Lifetime: 20.0 sec
   PDU Id: 0x2570
   IDRP Open: seq: 23 ack: 2 credit_offered: 4 credit_avail: 0
    Hold Time: 900 seconds
    Max. PDU size: 3000 octets
    Source RDI: 47 00 27 01 53 49 54 00 59 55 4c	"G.'.SIT.YUL"
    RIB Attribute Set:
     RibAtt #0:
      Security:
       Reg ID: 06 04 2b 1b 00 00
    Auth mechanism: simple checksum

[2025-08-25 20:36:54.087 CEST] [136.975] [-9.8/-48.8 dBFS] [39.0 dB] [1.0 ppm]
GROUND_X (Ground station, On ground) -> FFFFFF (Aircraft): Command
AVLC type: U (XID) P/F: 0
 XID: Ground Station Information Frame
  Public params:
   Parameter set ID: 8885:1993
   Procedure classes: 00 01
   HDLC options: 20 a4 88
  VDL params:
   Parameter set ID: V
   AVLC specific options: 64
   Frequency support list:
    Ground station: xxxxxx
     Frequency: 136.875 MHz (VDL-M2, D8PSK, 31500 bps)
    Ground station: xxxxxx
     Frequency: 136.875 MHz (VDL-M2, D8PSK, 31500 bps)
   Timer T4: 00 02
   Airport coverage: xxxx
   ATN router NETs: 53 49 54 00 00 01	"SIT..."
   System mask: 200000
   Ground station location: xN yE

[2025-08-25 20:36:54.389 CEST] [136.975] [-9.7/-49.2 dBFS] [39.5 dB] [1.0 ppm]
GROUND_X (Ground station, On ground) -> AIRCRAFT (Aircraft): Response
AVLC type: U (XID) P/F: 1
 XID: Link Establishment Response
  Public params:
   Parameter set ID: 8885:1993
   Procedure classes: 00 01
   HDLC options: 20 a4 88
  VDL params:
   Parameter set ID: V
   Connection management: 00
   XID sequencing: seq: 1 retry: 0
   AVLC specific options: 64
   Airport coverage: xxxx
   ATN router NETs: 53 49 54 00 00 01	"SIT..."
   System mask: 200000
   Ground station location: xN yE

[2025-08-25 20:36:54.390 CEST] [136.975] [1.7/-49.2 dBFS] [50.9 dB] [0.4 ppm]
AIRCRAFT (Aircraft, On ground) -> GROUND_X (Ground station): Command
AVLC type: I sseq: 0 rseq: 0 poll: 0
 ACARS:
  Reassembly: skipped
  Reg: ..CPDLC Flight: HB0000
  Mode: 2 Label: Q0 Blk id: 9 More: 0 Ack: ! Msg num: M08A

[2025-08-25 20:36:54.848 CEST] [136.975] [-13.4/-49.4 dBFS] [36.0 dB] [0.9 ppm]
GROUND_X (Ground station, On ground) -> AIRCRAFT (Aircraft): Command
AVLC type: I sseq: 0 rseq: 1 poll: 0
 ACARS:
  Reassembly: skipped
  Reg: ..CPDLC
  Mode: 2 Label: _d Blk id: A More: 0 Ack: 9

[2025-08-25 20:36:55.761 CEST] [136.975] [-13.3/-49.0 dBFS] [35.7 dB] [1.1 ppm]
GROUND_X (Ground station, On ground) -> AIRCRAFT (Aircraft): Command
AVLC type: I sseq: 1 rseq: 2 poll: 0
 X.25 Call Accepted: grp: 11 chan: 255 src: 22677777 dst: 1116900402899
  Facilities:
   Max. packet size:
    From calling DTE: 256 bytes
    From called  DTE: 256 bytes
   Window size:
    From calling DTE: 4 packets
    From called  DTE: 4 packets
   Called line address modified: 0f
  Compression support: LREF, LREF-CAN
  M/I: 0
  ES-IS IS Hello: Hold Time: 65534 sec
   NET: 47 00 27 01 53 49 54 00 59 55 4c 00 01 08 00 20 ff ba 45 00	"G.'.SIT.YUL.... ..E."
   Options:
    ATN Data Link Capabilities: 01
    Mobile Subnetwork Capabilities:
     Permitted traffic: all
     Supported ATSC classes: A

[2025-08-25 20:36:55.762 CEST] [136.975] [-13.4/-49.2 dBFS] [35.8 dB] [1.2 ppm]
GROUND_X (Ground station, On ground) -> AIRCRAFT (Aircraft): Command
AVLC type: I sseq: 2 rseq: 2 poll: 0
 X.25 Data: grp: 11 chan: 255 sseq: 0 rseq: 0 more: 0
  X.25 reasm status: skipped
  X.233 CLNP Data:
   Src NSAP: 47 00 27 01 53 49 54 00 59 55 4c 00 01 08 00 20 ff ba 45 00	"G.'.SIT.YUL.... ..E."
   Dst NSAP: 47 00 27 c1 53 55 49 00 xx xx xx 01 01 55 4c 38 30 58 31 00	"G.'.SUI.K....UL80X1."
   Lifetime: 20.0 sec
   Flags: SP E/R
   Segmentation:
    PDU Id: 0x2689
    Segment offset: 0
    PDU total length: 140
    CLNP reasm status: skipped
   Options:
    LRef: 0x40
    QoS maintenance: 0xd6
    Security:
     Reg ID: 06 04 2b 1b 00 00
     Info:
      Traffic type:
       Type: ATN system management
       Category: none
       Route policy: 0x00
    Priority: 0x0e
   IDRP Open: seq: 25 ack: 2 credit_offered: 4 credit_avail: 0
    Hold Time: 900 seconds
    Max. PDU size: 3000 octets
    Source RDI: 47 00 27 01 53 49 54 00 59 55 4c	"G.'.SIT.YUL"
    RIB Attribute Set:
     RibAtt #0:
      Security:
       Reg ID: 06 04 2b 1b 00 00
    Auth mechanism: simple checksum

[2025-08-25 20:36:56.370 CEST] [136.975] [-13.4/-49.2 dBFS] [35.7 dB] [1.2 ppm]
GROUND_X (Ground station, On ground) -> AIRCRAFT (Aircraft): Command
AVLC type: I sseq: 3 rseq: 3 poll: 0
 X.25 Data: grp: 11 chan: 255 sseq: 1 rseq: 1 more: 0
  X.25 reasm status: skipped
  X.233 CLNP Data (compressed header):
   LRef: 0x40 Prio: 14 Flags: 0xf6
   Lifetime: 20.0 sec
   PDU Id: 0x268c
   IDRP Keepalive: seq: 26 ack: 1 credit_offered: 4 credit_avail: 3

[2025-08-25 20:36:56.522 CEST] [136.975] [-13.4/-49.2 dBFS] [35.8 dB] [1.0 ppm]
GROUND_X (Ground station, On ground) -> AIRCRAFT (Aircraft): Command
AVLC type: I sseq: 4 rseq: 3 poll: 0
 X.25 Data: grp: 11 chan: 255 sseq: 2 rseq: 1 more: 0
  X.25 reasm status: skipped
  X.233 CLNP Data (compressed header):
   LRef: 0x40 Prio: 14 Flags: 0xf6
   Lifetime: 20.0 sec
   PDU Id: 0x268d
   IDRP Update: seq: 26 ack: 1 credit_offered: 4 credit_avail: 2
    Route:
     ID: 5211
     Local preference: 0
    Security:
     Reg ID: 06 04 2b 1b 00 00
     Info:
      Supported ATSC classes: A
      Subnetwork type:
       Subnet: VDL
       Permitted traffic: all
    RD path:
     RD_SEQ:
      47 00 27 01 53 49 54 00 00 00 01 0b 47 00 27 01 53 49 54 00 59 55 4c	"G.'.SIT.....G.'.SIT.YUL"
      47 00 27 01 53 49 54 00 59 55 4c	"G.'.SIT.YUL"
    RD hop count: 2
    Capacity: 12
    Reachability info:
     Protocol: CLNP
     Prefix length: 32
     Dest. address prefix: 47 00 27 01 20 47 00 27 81	"G.'. G.'."

[2025-08-25 20:36:56.523 CEST] [136.975] [-15.3/-48.8 dBFS] [33.5 dB] [2.7 ppm]
GROUND_X (Ground station, On ground) -> FFFFFF (Aircraft): Command
AVLC type: U (DISC) P/F: 0

[2025-08-25 20:37:01.247 CEST] [136.975] [-9.6/-48.9 dBFS] [39.3 dB] [1.0 ppm]
GROUND_X (Ground station, On ground) -> AIRCRAFT (Aircraft): Command
AVLC type: I sseq: 3 rseq: 3 poll: 0
 X.25 Data: grp: 11 chan: 255 sseq: 1 rseq: 1 more: 0
  X.25 reasm status: skipped
  X.233 CLNP Data (compressed header):
   LRef: 0x40 Prio: 14 Flags: 0xf6
   Lifetime: 20.0 sec
   PDU Id: 0x268c
   IDRP Keepalive: seq: 26 ack: 1 credit_offered: 4 credit_avail: 3

[2025-08-25 20:37:01.247 CEST] [136.975] [-9.6/-48.9 dBFS] [39.3 dB] [1.0 ppm]
GROUND_X (Ground station, On ground) -> AIRCRAFT (Aircraft): Command
AVLC type: I sseq: 4 rseq: 3 poll: 0
 X.25 Data: grp: 11 chan: 255 sseq: 2 rseq: 1 more: 0
  X.25 reasm status: skipped
  X.233 CLNP Data (compressed header):
   LRef: 0x40 Prio: 14 Flags: 0xf6
   Lifetime: 20.0 sec
   PDU Id: 0x268d
   IDRP Update: seq: 26 ack: 1 credit_offered: 4 credit_avail: 2
    Route:
     ID: 5211
     Local preference: 0
    Security:
     Reg ID: 06 04 2b 1b 00 00
     Info:
      Supported ATSC classes: A
      Subnetwork type:
       Subnet: VDL
       Permitted traffic: all
    RD path:
     RD_SEQ:
      47 00 27 01 53 49 54 00 00 00 01 0b 47 00 27 01 53 49 54 00 59 55 4c	"G.'.SIT.....G.'.SIT.YUL"
      47 00 27 01 53 49 54 00 59 55 4c	"G.'.SIT.YUL"
    RD hop count: 2
    Capacity: 12
    Reachability info:
     Protocol: CLNP
     Prefix length: 32
     Dest. address prefix: 47 00 27 01 20 47 00 27 81	"G.'. G.'."

[2025-08-25 20:37:04.905 CEST] [136.975] [-9.7/-49.2 dBFS] [39.5 dB] [1.0 ppm]
GROUND_X (Ground station, On ground) -> AIRCRAFT (Aircraft): Command
AVLC type: I sseq: 3 rseq: 3 poll: 0
 X.25 Data: grp: 11 chan: 255 sseq: 1 rseq: 1 more: 0
  X.25 reasm status: skipped
  X.233 CLNP Data (compressed header):
   LRef: 0x40 Prio: 14 Flags: 0xf6
   Lifetime: 20.0 sec
   PDU Id: 0x268c
   IDRP Keepalive: seq: 26 ack: 1 credit_offered: 4 credit_avail: 3

[2025-08-25 20:37:04.905 CEST] [136.975] [-9.7/-49.2 dBFS] [39.5 dB] [1.0 ppm]
GROUND_X (Ground station, On ground) -> AIRCRAFT (Aircraft): Command
AVLC type: I sseq: 4 rseq: 3 poll: 0
 X.25 Data: grp: 11 chan: 255 sseq: 2 rseq: 1 more: 0
  X.25 reasm status: skipped
  X.233 CLNP Data (compressed header):
   LRef: 0x40 Prio: 14 Flags: 0xf6
   Lifetime: 20.0 sec
   PDU Id: 0x268d
   IDRP Update: seq: 26 ack: 1 credit_offered: 4 credit_avail: 2
    Route:
     ID: 5211
     Local preference: 0
    Security:
     Reg ID: 06 04 2b 1b 00 00
     Info:
      Supported ATSC classes: A
      Subnetwork type:
       Subnet: VDL
       Permitted traffic: all
    RD path:
     RD_SEQ:
      47 00 27 01 53 49 54 00 00 00 01 0b 47 00 27 01 53 49 54 00 59 55 4c	"G.'.SIT.....G.'.SIT.YUL"
      47 00 27 01 53 49 54 00 59 55 4c	"G.'.SIT.YUL"
    RD hop count: 2
    Capacity: 12
    Reachability info:
     Protocol: CLNP
     Prefix length: 32
     Dest. address prefix: 47 00 27 01 20 47 00 27 81	"G.'. G.'."


[2025-08-25 20:37:09.324 CEST] [136.975] [-9.6/-49.5 dBFS] [39.9 dB] [1.2 ppm]
GROUND_X (Ground station, On ground) -> AIRCRAFT (Aircraft): Command
AVLC type: I sseq: 3 rseq: 3 poll: 0
 X.25 Data: grp: 11 chan: 255 sseq: 1 rseq: 1 more: 0
  X.25 reasm status: skipped
  X.233 CLNP Data (compressed header):
   LRef: 0x40 Prio: 14 Flags: 0xf6
   Lifetime: 20.0 sec
   PDU Id: 0x268c
   IDRP Keepalive: seq: 26 ack: 1 credit_offered: 4 credit_avail: 3

[2025-08-25 20:37:09.324 CEST] [136.975] [-9.6/-49.5 dBFS] [39.9 dB] [1.2 ppm]
GROUND_X (Ground station, On ground) -> AIRCRAFT (Aircraft): Command
AVLC type: I sseq: 4 rseq: 3 poll: 0
 X.25 Data: grp: 11 chan: 255 sseq: 2 rseq: 1 more: 0
  X.25 reasm status: skipped
  X.233 CLNP Data (compressed header):
   LRef: 0x40 Prio: 14 Flags: 0xf6
   Lifetime: 20.0 sec
   PDU Id: 0x268d
   IDRP Update: seq: 26 ack: 1 credit_offered: 4 credit_avail: 2
    Route:
     ID: 5211
     Local preference: 0
    Security:
     Reg ID: 06 04 2b 1b 00 00
     Info:
      Supported ATSC classes: A
      Subnetwork type:
       Subnet: VDL
       Permitted traffic: all
    RD path:
     RD_SEQ:
      47 00 27 01 53 49 54 00 00 00 01 0b 47 00 27 01 53 49 54 00 59 55 4c	"G.'.SIT.....G.'.SIT.YUL"
      47 00 27 01 53 49 54 00 59 55 4c	"G.'.SIT.YUL"
    RD hop count: 2
    Capacity: 12
    Reachability info:
     Protocol: CLNP
     Prefix length: 32
     Dest. address prefix: 47 00 27 01 20 47 00 27 81	"G.'. G.'."

[2025-08-25 20:37:11.305 CEST] [136.975] [-9.5/-49.3 dBFS] [39.7 dB] [1.1 ppm]
GROUND_X (Ground station, On ground) -> AIRCRAFT (Aircraft): Command
AVLC type: I sseq: 5 rseq: 3 poll: 0
 X.25 Data: grp: 11 chan: 255 sseq: 3 rseq: 1 more: 0
  X.25 reasm status: skipped
  X.233 CLNP Data (compressed header):
   LRef: 0x40 Prio: 14 Flags: 0xf6
   Lifetime: 20.0 sec
   PDU Id: 0x26e6
   IDRP Update: seq: 26 ack: 1 credit_offered: 4 credit_avail: 2
    Route:
     ID: 5211
     Local preference: 0
    Security:
     Reg ID: 06 04 2b 1b 00 00
     Info:
      Supported ATSC classes: A
      Subnetwork type:
       Subnet: VDL
       Permitted traffic: all
    RD path:
     RD_SEQ:
      47 00 27 01 53 49 54 00 00 00 01 0b 47 00 27 01 53 49 54 00 59 55 4c	"G.'.SIT.....G.'.SIT.YUL"
      47 00 27 01 53 49 54 00 59 55 4c	"G.'.SIT.YUL"
    RD hop count: 2
    Capacity: 12
    Reachability info:
     Protocol: CLNP
     Prefix length: 32
     Dest. address prefix: 47 00 27 01 20 47 00 27 81	"G.'. G.'."

[2025-08-25 20:37:13.590 CEST] [136.975] [-9.7/-48.9 dBFS] [39.2 dB] [1.2 ppm]
GROUND_X (Ground station, On ground) -> AIRCRAFT (Aircraft): Command
AVLC type: I sseq: 3 rseq: 3 poll: 0
 X.25 Data: grp: 11 chan: 255 sseq: 1 rseq: 1 more: 0
  X.25 reasm status: skipped
  X.233 CLNP Data (compressed header):
   LRef: 0x40 Prio: 14 Flags: 0xf6
   Lifetime: 20.0 sec
   PDU Id: 0x268c
   IDRP Keepalive: seq: 26 ack: 1 credit_offered: 4 credit_avail: 3

[2025-08-25 20:37:13.590 CEST] [136.975] [-9.7/-48.9 dBFS] [39.2 dB] [1.2 ppm]
GROUND_X (Ground station, On ground) -> AIRCRAFT (Aircraft): Command
AVLC type: I sseq: 4 rseq: 3 poll: 0
 X.25 Data: grp: 11 chan: 255 sseq: 2 rseq: 1 more: 0
  X.25 reasm status: skipped
  X.233 CLNP Data (compressed header):
   LRef: 0x40 Prio: 14 Flags: 0xf6
   Lifetime: 20.0 sec
   PDU Id: 0x268d
   IDRP Update: seq: 26 ack: 1 credit_offered: 4 credit_avail: 2
    Route:
     ID: 5211
     Local preference: 0
    Security:
     Reg ID: 06 04 2b 1b 00 00
     Info:
      Supported ATSC classes: A
      Subnetwork type:
       Subnet: VDL
       Permitted traffic: all
    RD path:
     RD_SEQ:
      47 00 27 01 53 49 54 00 00 00 01 0b 47 00 27 01 53 49 54 00 59 55 4c	"G.'.SIT.....G.'.SIT.YUL"
      47 00 27 01 53 49 54 00 59 55 4c	"G.'.SIT.YUL"
    RD hop count: 2
    Capacity: 12
    Reachability info:
     Protocol: CLNP
     Prefix length: 32
     Dest. address prefix: 47 00 27 01 20 47 00 27 81	"G.'. G.'."

[2025-08-25 20:37:13.590 CEST] [136.975] [-9.7/-48.9 dBFS] [39.2 dB] [1.2 ppm]
GROUND_X (Ground station, On ground) -> AIRCRAFT (Aircraft): Command
AVLC type: I sseq: 5 rseq: 3 poll: 0
 X.25 Data: grp: 11 chan: 255 sseq: 3 rseq: 1 more: 0
  X.25 reasm status: skipped
  X.233 CLNP Data (compressed header):
   LRef: 0x40 Prio: 14 Flags: 0xf6
   Lifetime: 20.0 sec
   PDU Id: 0x26e6
   IDRP Update: seq: 26 ack: 1 credit_offered: 4 credit_avail: 2
    Route:
     ID: 5211
     Local preference: 0
    Security:
     Reg ID: 06 04 2b 1b 00 00
     Info:
      Supported ATSC classes: A
      Subnetwork type:
       Subnet: VDL
       Permitted traffic: all
    RD path:
     RD_SEQ:
      47 00 27 01 53 49 54 00 00 00 01 0b 47 00 27 01 53 49 54 00 59 55 4c	"G.'.SIT.....G.'.SIT.YUL"
      47 00 27 01 53 49 54 00 59 55 4c	"G.'.SIT.YUL"
    RD hop count: 2
    Capacity: 12
    Reachability info:
     Protocol: CLNP
     Prefix length: 32
     Dest. address prefix: 47 00 27 01 20 47 00 27 81	"G.'. G.'."

[2025-08-25 20:37:20.141 CEST] [136.975] [-9.7/-49.3 dBFS] [39.6 dB] [1.0 ppm]
GROUND_X (Ground station, On ground) -> AIRCRAFT (Aircraft): Command
AVLC type: I sseq: 3 rseq: 3 poll: 0
 X.25 Data: grp: 11 chan: 255 sseq: 1 rseq: 1 more: 0
  X.25 reasm status: skipped
  X.233 CLNP Data (compressed header):
   LRef: 0x40 Prio: 14 Flags: 0xf6
   Lifetime: 20.0 sec
   PDU Id: 0x268c
   IDRP Keepalive: seq: 26 ack: 1 credit_offered: 4 credit_avail: 3

[2025-08-25 20:37:20.141 CEST] [136.975] [-9.7/-49.3 dBFS] [39.6 dB] [1.0 ppm]
GROUND_X (Ground station, On ground) -> AIRCRAFT (Aircraft): Command
AVLC type: I sseq: 4 rseq: 3 poll: 0
 X.25 Data: grp: 11 chan: 255 sseq: 2 rseq: 1 more: 0
  X.25 reasm status: skipped
  X.233 CLNP Data (compressed header):
   LRef: 0x40 Prio: 14 Flags: 0xf6
   Lifetime: 20.0 sec
   PDU Id: 0x268d
   IDRP Update: seq: 26 ack: 1 credit_offered: 4 credit_avail: 2
    Route:
     ID: 5211
     Local preference: 0
    Security:
     Reg ID: 06 04 2b 1b 00 00
     Info:
      Supported ATSC classes: A
      Subnetwork type:
       Subnet: VDL
       Permitted traffic: all
    RD path:
     RD_SEQ:
      47 00 27 01 53 49 54 00 00 00 01 0b 47 00 27 01 53 49 54 00 59 55 4c	"G.'.SIT.....G.'.SIT.YUL"
      47 00 27 01 53 49 54 00 59 55 4c	"G.'.SIT.YUL"
    RD hop count: 2
    Capacity: 12
    Reachability info:
     Protocol: CLNP
     Prefix length: 32
     Dest. address prefix: 47 00 27 01 20 47 00 27 81	"G.'. G.'."

[2025-08-25 20:37:20.141 CEST] [136.975] [-9.7/-49.3 dBFS] [39.6 dB] [1.0 ppm]
GROUND_X (Ground station, On ground) -> AIRCRAFT (Aircraft): Command
AVLC type: I sseq: 5 rseq: 3 poll: 0
 X.25 Data: grp: 11 chan: 255 sseq: 3 rseq: 1 more: 0
  X.25 reasm status: skipped
  X.233 CLNP Data (compressed header):
   LRef: 0x40 Prio: 14 Flags: 0xf6
   Lifetime: 20.0 sec
   PDU Id: 0x26e6
   IDRP Update: seq: 26 ack: 1 credit_offered: 4 credit_avail: 2
    Route:
     ID: 5211
     Local preference: 0
    Security:
     Reg ID: 06 04 2b 1b 00 00
     Info:
      Supported ATSC classes: A
      Subnetwork type:
       Subnet: VDL
       Permitted traffic: all
    RD path:
     RD_SEQ:
      47 00 27 01 53 49 54 00 00 00 01 0b 47 00 27 01 53 49 54 00 59 55 4c	"G.'.SIT.....G.'.SIT.YUL"
      47 00 27 01 53 49 54 00 59 55 4c	"G.'.SIT.YUL"
    RD hop count: 2
    Capacity: 12
    Reachability info:
     Protocol: CLNP
     Prefix length: 32
     Dest. address prefix: 47 00 27 01 20 47 00 27 81	"G.'. G.'."



[2025-08-25 20:37:53.516 CEST] [136.975] [-7.4/-49.1 dBFS] [41.8 dB] [1.2 ppm]
GROUND_Y (Ground station, On ground) -> FFFFFF (Aircraft): Command
AVLC type: U (XID) P/F: 0
 XID: Ground Station Information Frame
  Public params:
   Parameter set ID: 8885:1993
   Procedure classes: 00 01
   HDLC options: 20 a4 88
  VDL params:
   Parameter set ID: V
   AVLC specific options: 64
   Frequency support list:
    Ground station: xxxxxx
     Frequency: 136.875 MHz (VDL-M2, D8PSK, 31500 bps)
    Ground station: xxxxxx
     Frequency: 136.875 MHz (VDL-M2, D8PSK, 31500 bps)
   Timer T4: 00 02
   Airport coverage: xxxx
   ATN router NETs: 53 49 54 00 00 01	"SIT..."
   System mask: 200000
   Ground station location: xN yE

[2025-08-25 20:37:53.667 CEST] [136.975] [1.9/-49.2 dBFS] [51.1 dB] [0.4 ppm]
AIRCRAFT (Aircraft, On ground) -> GROUND_Y (Ground station): Command
AVLC type: U (XID) P/F: 1
 XID: Link Establishment
  Public params:
   Parameter set ID: 8885:1993
   HDLC options: 20 84 80
   Procedure classes: 00 01
  VDL params:
   Parameter set ID: V
   Connection management: 00
   XID sequencing: seq: 2 retry: 0
   AVLC specific options: 64
   Modulation support: VDL-M2, D8PSK, 31500 bps
   Aircraft location: xN yE 0 ft

[2025-08-25 20:37:53.819 CEST] [136.975] [-7.3/-48.9 dBFS] [41.6 dB] [1.1 ppm]
GROUND_Y (Ground station, On ground) -> AIRCRAFT (Aircraft): Response
AVLC type: U (XID) P/F: 1
 XID: Link Establishment Response
  Public params:
   Parameter set ID: 8885:1993
   Procedure classes: 00 01
   HDLC options: 20 a4 88
  VDL params:
   Parameter set ID: V
   Connection management: 00
   XID sequencing: seq: 2 retry: 0
   AVLC specific options: 64
   Airport coverage: xxxx
   ATN router NETs: 53 49 54 00 00 01	"SIT..."
   System mask: 200000
   Ground station location: xN yE

[2025-08-25 20:37:54.430 CEST] [136.975] [1.8/-49.1 dBFS] [50.9 dB] [0.1 ppm]
AIRCRAFT (Aircraft, On ground) -> GROUND_Y (Ground station): Command
AVLC type: I sseq: 0 rseq: 0 poll: 0
 ACARS:
  Reassembly: skipped
  Reg: ..CPDLC Flight: HB0000
  Mode: 2 Label: Q0 Blk id: 0 More: 0 Ack: ! Msg num: M09A

[2025-08-25 20:37:54.735 CEST] [136.975] [-11.0/-49.4 dBFS] [38.4 dB] [1.2 ppm]
GROUND_Y (Ground station, On ground) -> AIRCRAFT (Aircraft): Command
AVLC type: I sseq: 0 rseq: 1 poll: 0
 ACARS:
  Reassembly: skipped
  Reg: ..CPDLC
  Mode: 2 Label: _d Blk id: A More: 0 Ack: 0

[2025-08-25 20:37:54.886 CEST] [136.975] [1.8/-49.3 dBFS] [51.1 dB] [0.2 ppm]
AIRCRAFT (Aircraft, On ground) -> GROUND_Y (Ground station): Command
AVLC type: I sseq: 1 rseq: 1 poll: 0
 X.25 Call Request: grp: 11 chan: 255 src: 22677777 dst: none
  Facilities:
   Fast Select: requested
   Called address extension: 8c 53 49 54 00 00 01	".SIT..."
  Compression support: LREF, LREF-CAN
  M/I: 0
  ES-IS IS Hello: Hold Time: 30 sec
   NET: 47 00 27 c1 53 55 49 00 xx xx xx 01 01 55 4c 38 30 58 31 00	"G.'.SUI.K....UL80X1."

[2025-08-25 20:37:55.191 CEST] [136.975] [-11.0/-48.9 dBFS] [37.8 dB] [1.1 ppm]
GROUND_Y (Ground station, On ground) -> AIRCRAFT (Aircraft): Command
AVLC type: I sseq: 1 rseq: 2 poll: 0
 X.25 Call Accepted: grp: 11 chan: 255 src: 22677777 dst: 1116900402899
  Facilities:
   Max. packet size:
    From calling DTE: 256 bytes
    From called  DTE: 256 bytes
   Window size:
    From calling DTE: 4 packets
    From called  DTE: 4 packets
   Called line address modified: 0f
  Compression support: LREF, LREF-CAN
  M/I: 0
  ES-IS IS Hello: Hold Time: 65534 sec
   NET: 47 00 27 01 53 49 54 00 59 55 4c 00 01 08 00 20 ff ba 45 00	"G.'.SIT.YUL.... ..E."
   Options:
    ATN Data Link Capabilities: 01
    Mobile Subnetwork Capabilities:
     Permitted traffic: all
     Supported ATSC classes: A

[2025-08-25 20:37:55.192 CEST] [136.975] [-11.0/-49.0 dBFS] [37.9 dB] [0.9 ppm]
GROUND_Y (Ground station, On ground) -> AIRCRAFT (Aircraft): Command
AVLC type: I sseq: 2 rseq: 2 poll: 0
 X.25 Data: grp: 11 chan: 255 sseq: 0 rseq: 0 more: 0
  X.25 reasm status: skipped
  X.233 CLNP Data:
   Src NSAP: 47 00 27 01 53 49 54 00 59 55 4c 00 01 08 00 20 ff ba 45 00	"G.'.SIT.YUL.... ..E."
   Dst NSAP: 47 00 27 c1 53 55 49 00 xx xx xx 01 01 55 4c 38 30 58 31 00	"G.'.SUI.K....UL80X1."
   Lifetime: 20.0 sec
   Flags: SP E/R
   Segmentation:
    PDU Id: 0x2817
    Segment offset: 0
    PDU total length: 140
    CLNP reasm status: skipped
   Options:
    LRef: 0x40
    QoS maintenance: 0xd6
    Security:
     Reg ID: 06 04 2b 1b 00 00
     Info:
      Traffic type:
       Type: ATN system management
       Category: none
       Route policy: 0x00
    Priority: 0x0e
   IDRP Open: seq: 28 ack: 1 credit_offered: 4 credit_avail: 0
    Hold Time: 900 seconds
    Max. PDU size: 3000 octets
    Source RDI: 47 00 27 01 53 49 54 00 59 55 4c	"G.'.SIT.YUL"
    RIB Attribute Set:
     RibAtt #0:
      Security:
       Reg ID: 06 04 2b 1b 00 00
    Auth mechanism: simple checksum

[2025-08-25 20:37:55.802 CEST] [136.975] [-11.0/-49.2 dBFS] [38.2 dB] [1.2 ppm]
GROUND_Y (Ground station, On ground) -> AIRCRAFT (Aircraft): Command
AVLC type: I sseq: 3 rseq: 3 poll: 0
 X.25 Data: grp: 11 chan: 255 sseq: 1 rseq: 1 more: 0
  X.25 reasm status: skipped
  X.233 CLNP Data (compressed header):
   LRef: 0x40 Prio: 14 Flags: 0xf6
   Lifetime: 20.0 sec
   PDU Id: 0x281b
   IDRP Keepalive: seq: 29 ack: 1 credit_offered: 4 credit_avail: 3

[2025-08-25 20:37:55.952 CEST] [136.975] [-11.0/-49.2 dBFS] [38.2 dB] [0.9 ppm]
GROUND_Y (Ground station, On ground) -> AIRCRAFT (Aircraft): Command
AVLC type: I sseq: 4 rseq: 3 poll: 0
 X.25 Data: grp: 11 chan: 255 sseq: 2 rseq: 1 more: 0
  X.25 reasm status: skipped
  X.233 CLNP Data (compressed header):
   LRef: 0x40 Prio: 14 Flags: 0xf6
   Lifetime: 20.0 sec
   PDU Id: 0x281e
   IDRP Update: seq: 29 ack: 1 credit_offered: 4 credit_avail: 2
    Route:
     ID: 5212
     Local preference: 0
    Security:
     Reg ID: 06 04 2b 1b 00 00
     Info:
      Supported ATSC classes: A
      Subnetwork type:
       Subnet: VDL
       Permitted traffic: all
    RD path:
     RD_SEQ:
      47 00 27 01 53 49 54 00 00 00 01 0b 47 00 27 01 53 49 54 00 59 55 4c	"G.'.SIT.....G.'.SIT.YUL"
      47 00 27 01 53 49 54 00 59 55 4c	"G.'.SIT.YUL"
    RD hop count: 2
    Capacity: 12
    Reachability info:
     Protocol: CLNP
     Prefix length: 32
     Dest. address prefix: 47 00 27 01 20 47 00 27 81	"G.'. G.'."

[2025-08-25 20:37:55.954 CEST] [136.975] [-16.9/-49.2 dBFS] [32.3 dB] [2.5 ppm]
GROUND_Y (Ground station, On ground) -> FFFFFF (Aircraft): Command
AVLC type: U (DISC) P/F: 0

[2025-08-25 20:37:59.610 CEST] [136.975] [-7.3/-49.5 dBFS] [42.2 dB] [1.0 ppm]
GROUND_Y (Ground station, On ground) -> AIRCRAFT (Aircraft): Command
AVLC type: I sseq: 3 rseq: 3 poll: 0
 X.25 Data: grp: 11 chan: 255 sseq: 1 rseq: 1 more: 0
  X.25 reasm status: skipped
  X.233 CLNP Data (compressed header):
   LRef: 0x40 Prio: 14 Flags: 0xf6
   Lifetime: 20.0 sec
   PDU Id: 0x281b
   IDRP Keepalive: seq: 29 ack: 1 credit_offered: 4 credit_avail: 3

[2025-08-25 20:37:59.610 CEST] [136.975] [-7.3/-49.5 dBFS] [42.2 dB] [1.0 ppm]
GROUND_Y (Ground station, On ground) -> AIRCRAFT (Aircraft): Command
AVLC type: I sseq: 4 rseq: 3 poll: 0
 X.25 Data: grp: 11 chan: 255 sseq: 2 rseq: 1 more: 0
  X.25 reasm status: skipped
  X.233 CLNP Data (compressed header):
   LRef: 0x40 Prio: 14 Flags: 0xf6
   Lifetime: 20.0 sec
   PDU Id: 0x281e
   IDRP Update: seq: 29 ack: 1 credit_offered: 4 credit_avail: 2
    Route:
     ID: 5212
     Local preference: 0
    Security:
     Reg ID: 06 04 2b 1b 00 00
     Info:
      Supported ATSC classes: A
      Subnetwork type:
       Subnet: VDL
       Permitted traffic: all
    RD path:
     RD_SEQ:
      47 00 27 01 53 49 54 00 00 00 01 0b 47 00 27 01 53 49 54 00 59 55 4c	"G.'.SIT.....G.'.SIT.YUL"
      47 00 27 01 53 49 54 00 59 55 4c	"G.'.SIT.YUL"
    RD hop count: 2
    Capacity: 12
    Reachability info:
     Protocol: CLNP
     Prefix length: 32
     Dest. address prefix: 47 00 27 01 20 47 00 27 81	"G.'. G.'."

[2025-08-25 20:38:03.875 CEST] [136.975] [-7.3/-49.1 dBFS] [41.7 dB] [0.9 ppm]
GROUND_Y (Ground station, On ground) -> AIRCRAFT (Aircraft): Command
AVLC type: I sseq: 3 rseq: 3 poll: 0
 X.25 Data: grp: 11 chan: 255 sseq: 1 rseq: 1 more: 0
  X.25 reasm status: skipped
  X.233 CLNP Data (compressed header):
   LRef: 0x40 Prio: 14 Flags: 0xf6
   Lifetime: 20.0 sec
   PDU Id: 0x281b
   IDRP Keepalive: seq: 29 ack: 1 credit_offered: 4 credit_avail: 3

[2025-08-25 20:38:03.875 CEST] [136.975] [-7.3/-49.1 dBFS] [41.7 dB] [0.9 ppm]
GROUND_Y (Ground station, On ground) -> AIRCRAFT (Aircraft): Command
AVLC type: I sseq: 4 rseq: 3 poll: 0
 X.25 Data: grp: 11 chan: 255 sseq: 2 rseq: 1 more: 0
  X.25 reasm status: skipped
  X.233 CLNP Data (compressed header):
   LRef: 0x40 Prio: 14 Flags: 0xf6
   Lifetime: 20.0 sec
   PDU Id: 0x281e
   IDRP Update: seq: 29 ack: 1 credit_offered: 4 credit_avail: 2
    Route:
     ID: 5212
     Local preference: 0
    Security:
     Reg ID: 06 04 2b 1b 00 00
     Info:
      Supported ATSC classes: A
      Subnetwork type:
       Subnet: VDL
       Permitted traffic: all
    RD path:
     RD_SEQ:
      47 00 27 01 53 49 54 00 00 00 01 0b 47 00 27 01 53 49 54 00 59 55 4c	"G.'.SIT.....G.'.SIT.YUL"
      47 00 27 01 53 49 54 00 59 55 4c	"G.'.SIT.YUL"
    RD hop count: 2
    Capacity: 12
    Reachability info:
     Protocol: CLNP
     Prefix length: 32
     Dest. address prefix: 47 00 27 01 20 47 00 27 81	"G.'. G.'."

[2025-08-25 20:38:09.364 CEST] [136.975] [-7.3/-49.0 dBFS] [41.8 dB] [0.9 ppm]
GROUND_Y (Ground station, On ground) -> AIRCRAFT (Aircraft): Command
AVLC type: I sseq: 3 rseq: 3 poll: 0
 X.25 Data: grp: 11 chan: 255 sseq: 1 rseq: 1 more: 0
  X.25 reasm status: skipped
  X.233 CLNP Data (compressed header):
   LRef: 0x40 Prio: 14 Flags: 0xf6
   Lifetime: 20.0 sec
   PDU Id: 0x281b
   IDRP Keepalive: seq: 29 ack: 1 credit_offered: 4 credit_avail: 3

[2025-08-25 20:38:09.364 CEST] [136.975] [-7.3/-49.0 dBFS] [41.8 dB] [0.9 ppm]
GROUND_Y (Ground station, On ground) -> AIRCRAFT (Aircraft): Command
AVLC type: I sseq: 4 rseq: 3 poll: 0
 X.25 Data: grp: 11 chan: 255 sseq: 2 rseq: 1 more: 0
  X.25 reasm status: skipped
  X.233 CLNP Data (compressed header):
   LRef: 0x40 Prio: 14 Flags: 0xf6
   Lifetime: 20.0 sec
   PDU Id: 0x281e
   IDRP Update: seq: 29 ack: 1 credit_offered: 4 credit_avail: 2
    Route:
     ID: 5212
     Local preference: 0
    Security:
     Reg ID: 06 04 2b 1b 00 00
     Info:
      Supported ATSC classes: A
      Subnetwork type:
       Subnet: VDL
       Permitted traffic: all
    RD path:
     RD_SEQ:
      47 00 27 01 53 49 54 00 00 00 01 0b 47 00 27 01 53 49 54 00 59 55 4c	"G.'.SIT.....G.'.SIT.YUL"
      47 00 27 01 53 49 54 00 59 55 4c	"G.'.SIT.YUL"
    RD hop count: 2
    Capacity: 12
    Reachability info:
     Protocol: CLNP
     Prefix length: 32
     Dest. address prefix: 47 00 27 01 20 47 00 27 81	"G.'. G.'."

[2025-08-25 20:38:10.735 CEST] [136.975] [-7.2/-49.3 dBFS] [42.1 dB] [1.1 ppm]
GROUND_Y (Ground station, On ground) -> AIRCRAFT (Aircraft): Command
AVLC type: I sseq: 5 rseq: 3 poll: 0
 X.25 Data: grp: 11 chan: 255 sseq: 3 rseq: 1 more: 0
  X.25 reasm status: skipped
  X.233 CLNP Data (compressed header):
   LRef: 0x40 Prio: 14 Flags: 0xf6
   Lifetime: 20.0 sec
   PDU Id: 0x2887
   IDRP Update: seq: 29 ack: 1 credit_offered: 4 credit_avail: 2
    Route:
     ID: 5212
     Local preference: 0
    Security:
     Reg ID: 06 04 2b 1b 00 00
     Info:
      Supported ATSC classes: A
      Subnetwork type:
       Subnet: VDL
       Permitted traffic: all
    RD path:
     RD_SEQ:
      47 00 27 01 53 49 54 00 00 00 01 0b 47 00 27 01 53 49 54 00 59 55 4c	"G.'.SIT.....G.'.SIT.YUL"
      47 00 27 01 53 49 54 00 59 55 4c	"G.'.SIT.YUL"
    RD hop count: 2
    Capacity: 12
    Reachability info:
     Protocol: CLNP
     Prefix length: 32
     Dest. address prefix: 47 00 27 01 20 47 00 27 81	"G.'. G.'."

[2025-08-25 20:38:15.763 CEST] [136.975] [-7.2/-49.4 dBFS] [42.2 dB] [0.9 ppm]
GROUND_Y (Ground station, On ground) -> AIRCRAFT (Aircraft): Command
AVLC type: I sseq: 3 rseq: 3 poll: 0
 X.25 Data: grp: 11 chan: 255 sseq: 1 rseq: 1 more: 0
  X.25 reasm status: skipped
  X.233 CLNP Data (compressed header):
   LRef: 0x40 Prio: 14 Flags: 0xf6
   Lifetime: 20.0 sec
   PDU Id: 0x281b
   IDRP Keepalive: seq: 29 ack: 1 credit_offered: 4 credit_avail: 3

[2025-08-25 20:38:15.763 CEST] [136.975] [-7.2/-49.4 dBFS] [42.2 dB] [0.9 ppm]
GROUND_Y (Ground station, On ground) -> AIRCRAFT (Aircraft): Command
AVLC type: I sseq: 4 rseq: 3 poll: 0
 X.25 Data: grp: 11 chan: 255 sseq: 2 rseq: 1 more: 0
  X.25 reasm status: skipped
  X.233 CLNP Data (compressed header):
   LRef: 0x40 Prio: 14 Flags: 0xf6
   Lifetime: 20.0 sec
   PDU Id: 0x281e
   IDRP Update: seq: 29 ack: 1 credit_offered: 4 credit_avail: 2
    Route:
     ID: 5212
     Local preference: 0
    Security:
     Reg ID: 06 04 2b 1b 00 00
     Info:
      Supported ATSC classes: A
      Subnetwork type:
       Subnet: VDL
       Permitted traffic: all
    RD path:
     RD_SEQ:
      47 00 27 01 53 49 54 00 00 00 01 0b 47 00 27 01 53 49 54 00 59 55 4c	"G.'.SIT.....G.'.SIT.YUL"
      47 00 27 01 53 49 54 00 59 55 4c	"G.'.SIT.YUL"
    RD hop count: 2
    Capacity: 12
    Reachability info:
     Protocol: CLNP
     Prefix length: 32
     Dest. address prefix: 47 00 27 01 20 47 00 27 81	"G.'. G.'."

[2025-08-25 20:38:15.763 CEST] [136.975] [-7.2/-49.4 dBFS] [42.2 dB] [0.9 ppm]
GROUND_Y (Ground station, On ground) -> AIRCRAFT (Aircraft): Command
AVLC type: I sseq: 5 rseq: 3 poll: 0
 X.25 Data: grp: 11 chan: 255 sseq: 3 rseq: 1 more: 0
  X.25 reasm status: skipped
  X.233 CLNP Data (compressed header):
   LRef: 0x40 Prio: 14 Flags: 0xf6
   Lifetime: 20.0 sec
   PDU Id: 0x2887
   IDRP Update: seq: 29 ack: 1 credit_offered: 4 credit_avail: 2
    Route:
     ID: 5212
     Local preference: 0
    Security:
     Reg ID: 06 04 2b 1b 00 00
     Info:
      Supported ATSC classes: A
      Subnetwork type:
       Subnet: VDL
       Permitted traffic: all
    RD path:
     RD_SEQ:
      47 00 27 01 53 49 54 00 00 00 01 0b 47 00 27 01 53 49 54 00 59 55 4c	"G.'.SIT.....G.'.SIT.YUL"
      47 00 27 01 53 49 54 00 59 55 4c	"G.'.SIT.YUL"
    RD hop count: 2
    Capacity: 12
    Reachability info:
     Protocol: CLNP
     Prefix length: 32
     Dest. address prefix: 47 00 27 01 20 47 00 27 81	"G.'. G.'."

[2025-08-25 20:38:20.639 CEST] [136.975] [-7.3/-48.7 dBFS] [41.4 dB] [1.1 ppm]
GROUND_Y (Ground station, On ground) -> AIRCRAFT (Aircraft): Command
AVLC type: I sseq: 3 rseq: 3 poll: 0
 X.25 Data: grp: 11 chan: 255 sseq: 1 rseq: 1 more: 0
  X.25 reasm status: skipped
  X.233 CLNP Data (compressed header):
   LRef: 0x40 Prio: 14 Flags: 0xf6
   Lifetime: 20.0 sec
   PDU Id: 0x281b
   IDRP Keepalive: seq: 29 ack: 1 credit_offered: 4 credit_avail: 3

[2025-08-25 20:38:20.639 CEST] [136.975] [-7.3/-48.7 dBFS] [41.4 dB] [1.1 ppm]
GROUND_Y (Ground station, On ground) -> AIRCRAFT (Aircraft): Command
AVLC type: I sseq: 4 rseq: 3 poll: 0
 X.25 Data: grp: 11 chan: 255 sseq: 2 rseq: 1 more: 0
  X.25 reasm status: skipped
  X.233 CLNP Data (compressed header):
   LRef: 0x40 Prio: 14 Flags: 0xf6
   Lifetime: 20.0 sec
   PDU Id: 0x281e
   IDRP Update: seq: 29 ack: 1 credit_offered: 4 credit_avail: 2
    Route:
     ID: 5212
     Local preference: 0
    Security:
     Reg ID: 06 04 2b 1b 00 00
     Info:
      Supported ATSC classes: A
      Subnetwork type:
       Subnet: VDL
       Permitted traffic: all
    RD path:
     RD_SEQ:
      47 00 27 01 53 49 54 00 00 00 01 0b 47 00 27 01 53 49 54 00 59 55 4c	"G.'.SIT.....G.'.SIT.YUL"
      47 00 27 01 53 49 54 00 59 55 4c	"G.'.SIT.YUL"
    RD hop count: 2
    Capacity: 12
    Reachability info:
     Protocol: CLNP
     Prefix length: 32
     Dest. address prefix: 47 00 27 01 20 47 00 27 81	"G.'. G.'."

[2025-08-25 20:38:20.639 CEST] [136.975] [-7.3/-48.7 dBFS] [41.4 dB] [1.1 ppm]
GROUND_Y (Ground station, On ground) -> AIRCRAFT (Aircraft): Command
AVLC type: I sseq: 5 rseq: 3 poll: 0
 X.25 Data: grp: 11 chan: 255 sseq: 3 rseq: 1 more: 0
  X.25 reasm status: skipped
  X.233 CLNP Data (compressed header):
   LRef: 0x40 Prio: 14 Flags: 0xf6
   Lifetime: 20.0 sec
   PDU Id: 0x2887
   IDRP Update: seq: 29 ack: 1 credit_offered: 4 credit_avail: 2
    Route:
     ID: 5212
     Local preference: 0
    Security:
     Reg ID: 06 04 2b 1b 00 00
     Info:
      Supported ATSC classes: A
      Subnetwork type:
       Subnet: VDL
       Permitted traffic: all
    RD path:
     RD_SEQ:
      47 00 27 01 53 49 54 00 00 00 01 0b 47 00 27 01 53 49 54 00 59 55 4c	"G.'.SIT.....G.'.SIT.YUL"
      47 00 27 01 53 49 54 00 59 55 4c	"G.'.SIT.YUL"
    RD hop count: 2
    Capacity: 12
    Reachability info:
     Protocol: CLNP
     Prefix length: 32
     Dest. address prefix: 47 00 27 01 20 47 00 27 81	"G.'. G.'."

[2025-08-25 20:38:25.819 CEST] [136.975] [-7.3/-48.9 dBFS] [41.6 dB] [1.1 ppm]
GROUND_Y (Ground station, On ground) -> AIRCRAFT (Aircraft): Command
AVLC type: I sseq: 6 rseq: 3 poll: 1
 X.25 Data: grp: 11 chan: 255 sseq: 4 rseq: 1 more: 0
  X.25 reasm status: skipped
  X.233 CLNP Data (compressed header):
   LRef: 0x40 Prio: 14 Flags: 0xf6
   Lifetime: 20.0 sec
   PDU Id: 0x28f7
   IDRP Update: seq: 29 ack: 1 credit_offered: 4 credit_avail: 2
    Route:
     ID: 5212
     Local preference: 0
    Security:
     Reg ID: 06 04 2b 1b 00 00
     Info:
      Supported ATSC classes: A
      Subnetwork type:
       Subnet: VDL
       Permitted traffic: all
    RD path:
     RD_SEQ:
      47 00 27 01 53 49 54 00 00 00 01 0b 47 00 27 01 53 49 54 00 59 55 4c	"G.'.SIT.....G.'.SIT.YUL"
      47 00 27 01 53 49 54 00 59 55 4c	"G.'.SIT.YUL"
    RD hop count: 2
    Capacity: 12
    Reachability info:
     Protocol: CLNP
     Prefix length: 32
     Dest. address prefix: 47 00 27 01 20 47 00 27 81	"G.'. G.'."


[2025-08-25 20:39:04.221 CEST] [136.975] [-9.7/-49.1 dBFS] [39.4 dB] [0.9 ppm]
GROUND_X (Ground station, On ground) -> FFFFFF (Aircraft): Command
AVLC type: U (XID) P/F: 0
 XID: Ground Station Information Frame
  Public params:
   Parameter set ID: 8885:1993
   Procedure classes: 00 01
   HDLC options: 20 a4 88
  VDL params:
   Parameter set ID: V
   AVLC specific options: 64
   Frequency support list:
    Ground station: xxxxxx
     Frequency: 136.875 MHz (VDL-M2, D8PSK, 31500 bps)
    Ground station: xxxxxx
     Frequency: 136.875 MHz (VDL-M2, D8PSK, 31500 bps)
   Timer T4: 00 02
   Airport coverage: xxxx
   ATN router NETs: 53 49 54 00 00 01	"SIT..."
   System mask: 200000
   Ground station location: xN yE

[2025-08-25 20:39:04.372 CEST] [136.975] [1.9/-49.0 dBFS] [50.8 dB] [0.3 ppm]
AIRCRAFT (Aircraft, On ground) -> GROUND_X (Ground station): Command
AVLC type: U (XID) P/F: 1
 XID: Link Establishment
  Public params:
   Parameter set ID: 8885:1993
   HDLC options: 20 84 80
   Procedure classes: 00 01
  VDL params:
   Parameter set ID: V
   Connection management: 00
   XID sequencing: seq: 3 retry: 0
   AVLC specific options: 64
   Modulation support: VDL-M2, D8PSK, 31500 bps
   Aircraft location: xN yE 0 ft

[2025-08-25 20:39:04.375 CEST] [136.975] [-9.7/-49.0 dBFS] [39.3 dB] [1.0 ppm]
GROUND_X (Ground station, On ground) -> AIRCRAFT (Aircraft): Response
AVLC type: U (XID) P/F: 1
 XID: Link Establishment Response
  Public params:
   Parameter set ID: 8885:1993
   Procedure classes: 00 01
   HDLC options: 20 a4 88
  VDL params:
   Parameter set ID: V
   Connection management: 00
   XID sequencing: seq: 3 retry: 0
   AVLC specific options: 64
   Airport coverage: xxxx
   ATN router NETs: 53 49 54 00 00 01	"SIT..."
   System mask: 200000
   Ground station location: xN yE

[2025-08-25 20:39:04.830 CEST] [136.975] [1.9/-49.2 dBFS] [51.1 dB] [0.1 ppm]
AIRCRAFT (Aircraft, On ground) -> GROUND_X (Ground station): Command
AVLC type: I sseq: 0 rseq: 0 poll: 0
 ACARS:
  Reassembly: skipped
  Reg: ..CPDLC Flight: HB0000
  Mode: 2 Label: Q0 Blk id: 1 More: 0 Ack: ! Msg num: M10A

[2025-08-25 20:39:05.288 CEST] [136.975] [-13.5/-49.5 dBFS] [36.0 dB] [1.0 ppm]
GROUND_X (Ground station, On ground) -> AIRCRAFT (Aircraft): Command
AVLC type: I sseq: 0 rseq: 1 poll: 0
 ACARS:
  Reassembly: skipped
  Reg: ..CPDLC
  Mode: 2 Label: _d Blk id: A More: 0 Ack: 1

[2025-08-25 20:39:05.439 CEST] [136.975] [1.8/-49.3 dBFS] [51.1 dB] [0.2 ppm]
AIRCRAFT (Aircraft, On ground) -> GROUND_X (Ground station): Command
AVLC type: I sseq: 1 rseq: 1 poll: 0
 X.25 Call Request: grp: 11 chan: 255 src: 22677777 dst: none
  Facilities:
   Fast Select: requested
   Called address extension: 8c 53 49 54 00 00 01	".SIT..."
  Compression support: LREF, LREF-CAN
  M/I: 0
  ES-IS IS Hello: Hold Time: 30 sec
   NET: 47 00 27 c1 53 55 49 00 xx xx xx 01 01 55 4c 38 30 58 31 00	"G.'.SUI.K....UL80X1."

[2025-08-25 20:39:05.744 CEST] [136.975] [-13.4/-49.7 dBFS] [36.3 dB] [1.1 ppm]
GROUND_X (Ground station, On ground) -> AIRCRAFT (Aircraft): Command
AVLC type: I sseq: 1 rseq: 2 poll: 0
 X.25 Call Accepted: grp: 11 chan: 255 src: 22677777 dst: 1116900402899
  Facilities:
   Max. packet size:
    From calling DTE: 256 bytes
    From called  DTE: 256 bytes
   Window size:
    From calling DTE: 4 packets
    From called  DTE: 4 packets
   Called line address modified: 0f
  Compression support: LREF, LREF-CAN
  M/I: 0
  ES-IS IS Hello: Hold Time: 65534 sec
   NET: 47 00 27 01 53 49 54 00 59 55 4c 00 01 08 00 20 ff ba 45 00	"G.'.SIT.YUL.... ..E."
   Options:
    ATN Data Link Capabilities: 01
    Mobile Subnetwork Capabilities:
     Permitted traffic: all
     Supported ATSC classes: A

[2025-08-25 20:39:05.745 CEST] [136.975] [-16.7/-49.7 dBFS] [33.0 dB] [2.4 ppm]
GROUND_X (Ground station, On ground) -> FFFFFF (Aircraft): Command
AVLC type: U (DISC) P/F: 0

[2025-08-25 20:39:05.746 CEST] [136.975] [-13.4/-49.5 dBFS] [36.1 dB] [1.1 ppm]
GROUND_X (Ground station, On ground) -> AIRCRAFT (Aircraft): Command
AVLC type: I sseq: 2 rseq: 2 poll: 0
 X.25 Data: grp: 11 chan: 255 sseq: 0 rseq: 0 more: 0
  X.25 reasm status: skipped
  X.233 CLNP Data:
   Src NSAP: 47 00 27 01 53 49 54 00 59 55 4c 00 01 08 00 20 ff ba 45 00	"G.'.SIT.YUL.... ..E."
   Dst NSAP: 47 00 27 c1 53 55 49 00 xx xx xx 01 01 55 4c 38 30 58 31 00	"G.'.SUI.K....UL80X1."
   Lifetime: 20.0 sec
   Flags: SP E/R
   Segmentation:
    PDU Id: 0x2a1f
    Segment offset: 0
    PDU total length: 140
    CLNP reasm status: skipped
   Options:
    LRef: 0x40
    QoS maintenance: 0xd6
    Security:
     Reg ID: 06 04 2b 1b 00 00
     Info:
      Traffic type:
       Type: ATN system management
       Category: none
       Route policy: 0x00
    Priority: 0x0e
   IDRP Open: seq: 31 ack: 1 credit_offered: 4 credit_avail: 0
    Hold Time: 900 seconds
    Max. PDU size: 3000 octets
    Source RDI: 47 00 27 01 53 49 54 00 59 55 4c	"G.'.SIT.YUL"
    RIB Attribute Set:
     RibAtt #0:
      Security:
       Reg ID: 06 04 2b 1b 00 00
    Auth mechanism: simple checksum

[2025-08-25 20:39:09.858 CEST] [136.975] [-9.7/-49.4 dBFS] [39.7 dB] [1.1 ppm]
GROUND_X (Ground station, On ground) -> AIRCRAFT (Aircraft): Command
AVLC type: I sseq: 1 rseq: 2 poll: 0
 X.25 Call Accepted: grp: 11 chan: 255 src: 22677777 dst: 1116900402899
  Facilities:
   Max. packet size:
    From calling DTE: 256 bytes
    From called  DTE: 256 bytes
   Window size:
    From calling DTE: 4 packets
    From called  DTE: 4 packets
   Called line address modified: 0f
  Compression support: LREF, LREF-CAN
  M/I: 0
  ES-IS IS Hello: Hold Time: 65534 sec
   NET: 47 00 27 01 53 49 54 00 59 55 4c 00 01 08 00 20 ff ba 45 00	"G.'.SIT.YUL.... ..E."
   Options:
    ATN Data Link Capabilities: 01
    Mobile Subnetwork Capabilities:
     Permitted traffic: all
     Supported ATSC classes: A

[2025-08-25 20:39:09.858 CEST] [136.975] [-9.7/-49.4 dBFS] [39.7 dB] [1.1 ppm]
GROUND_X (Ground station, On ground) -> AIRCRAFT (Aircraft): Command
AVLC type: I sseq: 2 rseq: 2 poll: 0
 X.25 Data: grp: 11 chan: 255 sseq: 0 rseq: 0 more: 0
  X.25 reasm status: skipped
  X.233 CLNP Data:
   Src NSAP: 47 00 27 01 53 49 54 00 59 55 4c 00 01 08 00 20 ff ba 45 00	"G.'.SIT.YUL.... ..E."
   Dst NSAP: 47 00 27 c1 53 55 49 00 xx xx xx 01 01 55 4c 38 30 58 31 00	"G.'.SUI.K....UL80X1."
   Lifetime: 20.0 sec
   Flags: SP E/R
   Segmentation:
    PDU Id: 0x2a1f
    Segment offset: 0
    PDU total length: 140
    CLNP reasm status: skipped
   Options:
    LRef: 0x40
    QoS maintenance: 0xd6
    Security:
     Reg ID: 06 04 2b 1b 00 00
     Info:
      Traffic type:
       Type: ATN system management
       Category: none
       Route policy: 0x00
    Priority: 0x0e
   IDRP Open: seq: 31 ack: 1 credit_offered: 4 credit_avail: 0
    Hold Time: 900 seconds
    Max. PDU size: 3000 octets
    Source RDI: 47 00 27 01 53 49 54 00 59 55 4c	"G.'.SIT.YUL"
    RIB Attribute Set:
     RibAtt #0:
      Security:
       Reg ID: 06 04 2b 1b 00 00
    Auth mechanism: simple checksum

[2025-08-25 20:39:13.822 CEST] [136.975] [-9.6/-49.0 dBFS] [39.4 dB] [1.1 ppm]
GROUND_X (Ground station, On ground) -> AIRCRAFT (Aircraft): Command
AVLC type: I sseq: 1 rseq: 2 poll: 0
 X.25 Call Accepted: grp: 11 chan: 255 src: 22677777 dst: 1116900402899
  Facilities:
   Max. packet size:
    From calling DTE: 256 bytes
    From called  DTE: 256 bytes
   Window size:
    From calling DTE: 4 packets
    From called  DTE: 4 packets
   Called line address modified: 0f
  Compression support: LREF, LREF-CAN
  M/I: 0
  ES-IS IS Hello: Hold Time: 65534 sec
   NET: 47 00 27 01 53 49 54 00 59 55 4c 00 01 08 00 20 ff ba 45 00	"G.'.SIT.YUL.... ..E."
   Options:
    ATN Data Link Capabilities: 01
    Mobile Subnetwork Capabilities:
     Permitted traffic: all
     Supported ATSC classes: A

[2025-08-25 20:39:13.822 CEST] [136.975] [-9.6/-49.0 dBFS] [39.4 dB] [1.1 ppm]
GROUND_X (Ground station, On ground) -> AIRCRAFT (Aircraft): Command
AVLC type: I sseq: 2 rseq: 2 poll: 0
 X.25 Data: grp: 11 chan: 255 sseq: 0 rseq: 0 more: 0
  X.25 reasm status: skipped
  X.233 CLNP Data:
   Src NSAP: 47 00 27 01 53 49 54 00 59 55 4c 00 01 08 00 20 ff ba 45 00	"G.'.SIT.YUL.... ..E."
   Dst NSAP: 47 00 27 c1 53 55 49 00 xx xx xx 01 01 55 4c 38 30 58 31 00	"G.'.SUI.K....UL80X1."
   Lifetime: 20.0 sec
   Flags: SP E/R
   Segmentation:
    PDU Id: 0x2a1f
    Segment offset: 0
    PDU total length: 140
    CLNP reasm status: skipped
   Options:
    LRef: 0x40
    QoS maintenance: 0xd6
    Security:
     Reg ID: 06 04 2b 1b 00 00
     Info:
      Traffic type:
       Type: ATN system management
       Category: none
       Route policy: 0x00
    Priority: 0x0e
   IDRP Open: seq: 31 ack: 1 credit_offered: 4 credit_avail: 0
    Hold Time: 900 seconds
    Max. PDU size: 3000 octets
    Source RDI: 47 00 27 01 53 49 54 00 59 55 4c	"G.'.SIT.YUL"
    RIB Attribute Set:
     RibAtt #0:
      Security:
       Reg ID: 06 04 2b 1b 00 00
    Auth mechanism: simple checksum

[2025-08-25 20:39:18.088 CEST] [136.975] [-9.6/-49.1 dBFS] [39.4 dB] [1.0 ppm]
GROUND_X (Ground station, On ground) -> AIRCRAFT (Aircraft): Command
AVLC type: I sseq: 1 rseq: 2 poll: 0
 X.25 Call Accepted: grp: 11 chan: 255 src: 22677777 dst: 1116900402899
  Facilities:
   Max. packet size:
    From calling DTE: 256 bytes
    From called  DTE: 256 bytes
   Window size:
    From calling DTE: 4 packets
    From called  DTE: 4 packets
   Called line address modified: 0f
  Compression support: LREF, LREF-CAN
  M/I: 0
  ES-IS IS Hello: Hold Time: 65534 sec
   NET: 47 00 27 01 53 49 54 00 59 55 4c 00 01 08 00 20 ff ba 45 00	"G.'.SIT.YUL.... ..E."
   Options:
    ATN Data Link Capabilities: 01
    Mobile Subnetwork Capabilities:
     Permitted traffic: all
     Supported ATSC classes: A

[2025-08-25 20:39:18.088 CEST] [136.975] [-9.6/-49.1 dBFS] [39.4 dB] [1.0 ppm]
GROUND_X (Ground station, On ground) -> AIRCRAFT (Aircraft): Command
AVLC type: I sseq: 2 rseq: 2 poll: 0
 X.25 Data: grp: 11 chan: 255 sseq: 0 rseq: 0 more: 0
  X.25 reasm status: skipped
  X.233 CLNP Data:
   Src NSAP: 47 00 27 01 53 49 54 00 59 55 4c 00 01 08 00 20 ff ba 45 00	"G.'.SIT.YUL.... ..E."
   Dst NSAP: 47 00 27 c1 53 55 49 00 xx xx xx 01 01 55 4c 38 30 58 31 00	"G.'.SUI.K....UL80X1."
   Lifetime: 20.0 sec
   Flags: SP E/R
   Segmentation:
    PDU Id: 0x2a1f
    Segment offset: 0
    PDU total length: 140
    CLNP reasm status: skipped
   Options:
    LRef: 0x40
    QoS maintenance: 0xd6
    Security:
     Reg ID: 06 04 2b 1b 00 00
     Info:
      Traffic type:
       Type: ATN system management
       Category: none
       Route policy: 0x00
    Priority: 0x0e
   IDRP Open: seq: 31 ack: 1 credit_offered: 4 credit_avail: 0
    Hold Time: 900 seconds
    Max. PDU size: 3000 octets
    Source RDI: 47 00 27 01 53 49 54 00 59 55 4c	"G.'.SIT.YUL"
    RIB Attribute Set:
     RibAtt #0:
      Security:
       Reg ID: 06 04 2b 1b 00 00
    Auth mechanism: simple checksum

[2025-08-25 20:39:20.677 CEST] [136.975] [-9.7/-49.0 dBFS] [39.3 dB] [1.2 ppm]
GROUND_X (Ground station, On ground) -> AIRCRAFT (Aircraft): Command
AVLC type: I sseq: 3 rseq: 2 poll: 0
 X.25 Data: grp: 11 chan: 255 sseq: 1 rseq: 0 more: 0
  X.25 reasm status: skipped
  X.233 CLNP Data (compressed header):
   LRef: 0x40 Prio: 14 Flags: 0xf6
   Lifetime: 20.0 sec
   PDU Id: 0x2a7a
   IDRP Open: seq: 31 ack: 1 credit_offered: 4 credit_avail: 0
    Hold Time: 900 seconds
    Max. PDU size: 3000 octets
    Source RDI: 47 00 27 01 53 49 54 00 59 55 4c	"G.'.SIT.YUL"
    RIB Attribute Set:
     RibAtt #0:
      Security:
       Reg ID: 06 04 2b 1b 00 00
    Auth mechanism: simple checksum



[2025-08-25 20:39:25.858 CEST] [136.975] [-9.7/-49.1 dBFS] [39.4 dB] [1.1 ppm]
GROUND_X (Ground station, On ground) -> AIRCRAFT (Aircraft): Command
AVLC type: I sseq: 1 rseq: 2 poll: 0
 X.25 Call Accepted: grp: 11 chan: 255 src: 22677777 dst: 1116900402899
  Facilities:
   Max. packet size:
    From calling DTE: 256 bytes
    From called  DTE: 256 bytes
   Window size:
    From calling DTE: 4 packets
    From called  DTE: 4 packets
   Called line address modified: 0f
  Compression support: LREF, LREF-CAN
  M/I: 0
  ES-IS IS Hello: Hold Time: 65534 sec
   NET: 47 00 27 01 53 49 54 00 59 55 4c 00 01 08 00 20 ff ba 45 00	"G.'.SIT.YUL.... ..E."
   Options:
    ATN Data Link Capabilities: 01
    Mobile Subnetwork Capabilities:
     Permitted traffic: all
     Supported ATSC classes: A

[2025-08-25 20:39:25.858 CEST] [136.975] [-9.7/-49.1 dBFS] [39.4 dB] [1.1 ppm]
GROUND_X (Ground station, On ground) -> AIRCRAFT (Aircraft): Command
AVLC type: I sseq: 2 rseq: 2 poll: 0
 X.25 Data: grp: 11 chan: 255 sseq: 0 rseq: 0 more: 0
  X.25 reasm status: skipped
  X.233 CLNP Data:
   Src NSAP: 47 00 27 01 53 49 54 00 59 55 4c 00 01 08 00 20 ff ba 45 00	"G.'.SIT.YUL.... ..E."
   Dst NSAP: 47 00 27 c1 53 55 49 00 xx xx xx 01 01 55 4c 38 30 58 31 00	"G.'.SUI.K....UL80X1."
   Lifetime: 20.0 sec
   Flags: SP E/R
   Segmentation:
    PDU Id: 0x2a1f
    Segment offset: 0
    PDU total length: 140
    CLNP reasm status: skipped
   Options:
    LRef: 0x40
    QoS maintenance: 0xd6
    Security:
     Reg ID: 06 04 2b 1b 00 00
     Info:
      Traffic type:
       Type: ATN system management
       Category: none
       Route policy: 0x00
    Priority: 0x0e
   IDRP Open: seq: 31 ack: 1 credit_offered: 4 credit_avail: 0
    Hold Time: 900 seconds
    Max. PDU size: 3000 octets
    Source RDI: 47 00 27 01 53 49 54 00 59 55 4c	"G.'.SIT.YUL"
    RIB Attribute Set:
     RibAtt #0:
      Security:
       Reg ID: 06 04 2b 1b 00 00
    Auth mechanism: simple checksum

[2025-08-25 20:39:25.858 CEST] [136.975] [-9.7/-49.1 dBFS] [39.4 dB] [1.1 ppm]
GROUND_X (Ground station, On ground) -> AIRCRAFT (Aircraft): Command
AVLC type: I sseq: 3 rseq: 2 poll: 0
 X.25 Data: grp: 11 chan: 255 sseq: 1 rseq: 0 more: 0
  X.25 reasm status: skipped
  X.233 CLNP Data (compressed header):
   LRef: 0x40 Prio: 14 Flags: 0xf6
   Lifetime: 20.0 sec
   PDU Id: 0x2a7a
   IDRP Open: seq: 31 ack: 1 credit_offered: 4 credit_avail: 0
    Hold Time: 900 seconds
    Max. PDU size: 3000 octets
    Source RDI: 47 00 27 01 53 49 54 00 59 55 4c	"G.'.SIT.YUL"
    RIB Attribute Set:
     RibAtt #0:
      Security:
       Reg ID: 06 04 2b 1b 00 00
    Auth mechanism: simple checksum

[2025-08-25 20:39:33.937 CEST] [136.975] [-9.6/-49.5 dBFS] [39.9 dB] [1.0 ppm]
GROUND_X (Ground station, On ground) -> AIRCRAFT (Aircraft): Command
AVLC type: I sseq: 1 rseq: 2 poll: 0
 X.25 Call Accepted: grp: 11 chan: 255 src: 22677777 dst: 1116900402899
  Facilities:
   Max. packet size:
    From calling DTE: 256 bytes
    From called  DTE: 256 bytes
   Window size:
    From calling DTE: 4 packets
    From called  DTE: 4 packets
   Called line address modified: 0f
  Compression support: LREF, LREF-CAN
  M/I: 0
  ES-IS IS Hello: Hold Time: 65534 sec
   NET: 47 00 27 01 53 49 54 00 59 55 4c 00 01 08 00 20 ff ba 45 00	"G.'.SIT.YUL.... ..E."
   Options:
    ATN Data Link Capabilities: 01
    Mobile Subnetwork Capabilities:
     Permitted traffic: all
     Supported ATSC classes: A

[2025-08-25 20:39:33.937 CEST] [136.975] [-9.6/-49.5 dBFS] [39.9 dB] [1.0 ppm]
GROUND_X (Ground station, On ground) -> AIRCRAFT (Aircraft): Command
AVLC type: I sseq: 2 rseq: 2 poll: 0
 X.25 Data: grp: 11 chan: 255 sseq: 0 rseq: 0 more: 0
  X.25 reasm status: skipped
  X.233 CLNP Data:
   Src NSAP: 47 00 27 01 53 49 54 00 59 55 4c 00 01 08 00 20 ff ba 45 00	"G.'.SIT.YUL.... ..E."
   Dst NSAP: 47 00 27 c1 53 55 49 00 xx xx xx 01 01 55 4c 38 30 58 31 00	"G.'.SUI.K....UL80X1."
   Lifetime: 20.0 sec
   Flags: SP E/R
   Segmentation:
    PDU Id: 0x2a1f
    Segment offset: 0
    PDU total length: 140
    CLNP reasm status: skipped
   Options:
    LRef: 0x40
    QoS maintenance: 0xd6
    Security:
     Reg ID: 06 04 2b 1b 00 00
     Info:
      Traffic type:
       Type: ATN system management
       Category: none
       Route policy: 0x00
    Priority: 0x0e
   IDRP Open: seq: 31 ack: 1 credit_offered: 4 credit_avail: 0
    Hold Time: 900 seconds
    Max. PDU size: 3000 octets
    Source RDI: 47 00 27 01 53 49 54 00 59 55 4c	"G.'.SIT.YUL"
    RIB Attribute Set:
     RibAtt #0:
      Security:
       Reg ID: 06 04 2b 1b 00 00
    Auth mechanism: simple checksum

[2025-08-25 20:39:33.937 CEST] [136.975] [-9.6/-49.5 dBFS] [39.9 dB] [1.0 ppm]
GROUND_X (Ground station, On ground) -> AIRCRAFT (Aircraft): Command
AVLC type: I sseq: 3 rseq: 2 poll: 0
 X.25 Data: grp: 11 chan: 255 sseq: 1 rseq: 0 more: 0
  X.25 reasm status: skipped
  X.233 CLNP Data (compressed header):
   LRef: 0x40 Prio: 14 Flags: 0xf6
   Lifetime: 20.0 sec
   PDU Id: 0x2a7a
   IDRP Open: seq: 31 ack: 1 credit_offered: 4 credit_avail: 0
    Hold Time: 900 seconds
    Max. PDU size: 3000 octets
    Source RDI: 47 00 27 01 53 49 54 00 59 55 4c	"G.'.SIT.YUL"
    RIB Attribute Set:
     RibAtt #0:
      Security:
       Reg ID: 06 04 2b 1b 00 00
    Auth mechanism: simple checksum

[2025-08-25 20:39:35.613 CEST] [136.975] [-9.6/-49.1 dBFS] [39.5 dB] [1.2 ppm]
GROUND_X (Ground station, On ground) -> AIRCRAFT (Aircraft): Command
AVLC type: I sseq: 4 rseq: 2 poll: 1
 X.25 Data: grp: 11 chan: 255 sseq: 2 rseq: 0 more: 0
  X.25 reasm status: skipped
  X.233 CLNP Data (compressed header):
   LRef: 0x40 Prio: 14 Flags: 0xf6
   Lifetime: 20.0 sec
   PDU Id: 0x2af1
   IDRP Open: seq: 31 ack: 1 credit_offered: 4 credit_avail: 0
    Hold Time: 900 seconds
    Max. PDU size: 3000 octets
    Source RDI: 47 00 27 01 53 49 54 00 59 55 4c	"G.'.SIT.YUL"
    RIB Attribute Set:
     RibAtt #0:
      Security:
       Reg ID: 06 04 2b 1b 00 00
    Auth mechanism: simple checksum

[2025-08-25 20:40:04.565 CEST] [136.975] [-7.4/-49.3 dBFS] [41.9 dB] [0.9 ppm]
GROUND_Y (Ground station, On ground) -> FFFFFF (Aircraft): Command
AVLC type: U (XID) P/F: 0
 XID: Ground Station Information Frame
  Public params:
   Parameter set ID: 8885:1993
   Procedure classes: 00 01
   HDLC options: 20 a4 88
  VDL params:
   Parameter set ID: V
   AVLC specific options: 64
   Frequency support list:
    Ground station: xxxxxx
     Frequency: 136.875 MHz (VDL-M2, D8PSK, 31500 bps)
    Ground station: xxxxxx
     Frequency: 136.875 MHz (VDL-M2, D8PSK, 31500 bps)
   Timer T4: 00 02
   Airport coverage: xxxx
   ATN router NETs: 53 49 54 00 00 01	"SIT..."
   System mask: 200000
   Ground station location: xN yE

[2025-08-25 20:40:04.719 CEST] [136.975] [-7.4/-49.2 dBFS] [41.8 dB] [0.9 ppm]
GROUND_Y (Ground station, On ground) -> AIRCRAFT (Aircraft): Response
AVLC type: U (XID) P/F: 1
 XID: Link Establishment Response
  Public params:
   Parameter set ID: 8885:1993
   Procedure classes: 00 01
   HDLC options: 20 a4 88
  VDL params:
   Parameter set ID: V
   Connection management: 00
   XID sequencing: seq: 4 retry: 0
   AVLC specific options: 64
   Airport coverage: xxxx
   ATN router NETs: 53 49 54 00 00 01	"SIT..."
   System mask: 200000
   Ground station location: xN yE

[2025-08-25 20:40:05.479 CEST] [136.975] [1.6/-49.4 dBFS] [51.0 dB] [0.3 ppm]
AIRCRAFT (Aircraft, On ground) -> GROUND_Y (Ground station): Command
AVLC type: I sseq: 0 rseq: 0 poll: 0
 ACARS:
  Reassembly: skipped
  Reg: ..CPDLC Flight: HB0000
  Mode: 2 Label: Q0 Blk id: 2 More: 0 Ack: ! Msg num: M11A

[2025-08-25 20:40:05.633 CEST] [136.975] [-11.1/-49.1 dBFS] [38.0 dB] [1.0 ppm]
GROUND_Y (Ground station, On ground) -> AIRCRAFT (Aircraft): Command
AVLC type: I sseq: 0 rseq: 1 poll: 0
 ACARS:
  Reassembly: skipped
  Reg: ..CPDLC
  Mode: 2 Label: _d Blk id: A More: 0 Ack: 2

[2025-08-25 20:40:06.089 CEST] [136.975] [1.7/-49.3 dBFS] [51.0 dB] [0.4 ppm]
AIRCRAFT (Aircraft, On ground) -> GROUND_Y (Ground station): Command
AVLC type: I sseq: 1 rseq: 1 poll: 0
 X.25 Call Request: grp: 11 chan: 255 src: 22677777 dst: none
  Facilities:
   Fast Select: requested
   Called address extension: 8c 53 49 54 00 00 01	".SIT..."
  Compression support: LREF, LREF-CAN
  M/I: 0
  ES-IS IS Hello: Hold Time: 30 sec
   NET: 47 00 27 c1 53 55 49 00 xx xx xx 01 01 55 4c 38 30 58 31 00	"G.'.SUI.K....UL80X1."

[2025-08-25 20:40:06.241 CEST] [136.975] [-13.7/-49.3 dBFS] [35.7 dB] [2.5 ppm]
GROUND_Y (Ground station, On ground) -> FFFFFF (Aircraft): Command
AVLC type: U (DISC) P/F: 0

[2025-08-25 20:40:06.395 CEST] [136.975] [-11.1/-49.5 dBFS] [38.4 dB] [1.1 ppm]
GROUND_Y (Ground station, On ground) -> AIRCRAFT (Aircraft): Command
AVLC type: I sseq: 1 rseq: 2 poll: 0
 X.25 Call Accepted: grp: 11 chan: 255 src: 22677777 dst: 1116900402899
  Facilities:
   Max. packet size:
    From calling DTE: 256 bytes
    From called  DTE: 256 bytes
   Window size:
    From calling DTE: 4 packets
    From called  DTE: 4 packets
   Called line address modified: 0f
  Compression support: LREF, LREF-CAN
  M/I: 0
  ES-IS IS Hello: Hold Time: 65534 sec
   NET: 47 00 27 01 53 49 54 00 59 55 4c 00 01 08 00 20 ff ba 45 00	"G.'.SIT.YUL.... ..E."
   Options:
    ATN Data Link Capabilities: 01
    Mobile Subnetwork Capabilities:
     Permitted traffic: all
     Supported ATSC classes: A

[2025-08-25 20:40:06.545 CEST] [136.975] [-11.1/-49.6 dBFS] [38.4 dB] [0.9 ppm]
GROUND_Y (Ground station, On ground) -> AIRCRAFT (Aircraft): Command
AVLC type: I sseq: 2 rseq: 2 poll: 0
 X.25 Data: grp: 11 chan: 255 sseq: 0 rseq: 0 more: 0
  X.25 reasm status: skipped
  X.233 CLNP Data:
   Src NSAP: 47 00 27 01 53 49 54 00 59 55 4c 00 01 08 00 20 ff ba 45 00	"G.'.SIT.YUL.... ..E."
   Dst NSAP: 47 00 27 c1 53 55 49 00 xx xx xx 01 01 55 4c 38 30 58 31 00	"G.'.SUI.K....UL80X1."
   Lifetime: 20.0 sec
   Flags: SP E/R
   Segmentation:
    PDU Id: 0x2bc9
    Segment offset: 0
    PDU total length: 140
    CLNP reasm status: skipped
   Options:
    LRef: 0x40
    QoS maintenance: 0xd6
    Security:
     Reg ID: 06 04 2b 1b 00 00
     Info:
      Traffic type:
       Type: ATN system management
       Category: none
       Route policy: 0x00
    Priority: 0x0e
   IDRP Open: seq: 33 ack: 1 credit_offered: 4 credit_avail: 0
    Hold Time: 900 seconds
    Max. PDU size: 3000 octets
    Source RDI: 47 00 27 01 53 49 54 00 59 55 4c	"G.'.SIT.YUL"
    RIB Attribute Set:
     RibAtt #0:
      Security:
       Reg ID: 06 04 2b 1b 00 00
    Auth mechanism: simple checksum

[2025-08-25 20:40:09.593 CEST] [136.975] [-7.4/-49.6 dBFS] [42.2 dB] [1.0 ppm]
GROUND_Y (Ground station, On ground) -> AIRCRAFT (Aircraft): Command
AVLC type: I sseq: 1 rseq: 2 poll: 0
 X.25 Call Accepted: grp: 11 chan: 255 src: 22677777 dst: 1116900402899
  Facilities:
   Max. packet size:
    From calling DTE: 256 bytes
    From called  DTE: 256 bytes
   Window size:
    From calling DTE: 4 packets
    From called  DTE: 4 packets
   Called line address modified: 0f
  Compression support: LREF, LREF-CAN
  M/I: 0
  ES-IS IS Hello: Hold Time: 65534 sec
   NET: 47 00 27 01 53 49 54 00 59 55 4c 00 01 08 00 20 ff ba 45 00	"G.'.SIT.YUL.... ..E."
   Options:
    ATN Data Link Capabilities: 01
    Mobile Subnetwork Capabilities:
     Permitted traffic: all
     Supported ATSC classes: A

[2025-08-25 20:40:09.593 CEST] [136.975] [-7.4/-49.6 dBFS] [42.2 dB] [1.0 ppm]
GROUND_Y (Ground station, On ground) -> AIRCRAFT (Aircraft): Command
AVLC type: I sseq: 2 rseq: 2 poll: 0
 X.25 Data: grp: 11 chan: 255 sseq: 0 rseq: 0 more: 0
  X.25 reasm status: skipped
  X.233 CLNP Data:
   Src NSAP: 47 00 27 01 53 49 54 00 59 55 4c 00 01 08 00 20 ff ba 45 00	"G.'.SIT.YUL.... ..E."
   Dst NSAP: 47 00 27 c1 53 55 49 00 xx xx xx 01 01 55 4c 38 30 58 31 00	"G.'.SUI.K....UL80X1."
   Lifetime: 20.0 sec
   Flags: SP E/R
   Segmentation:
    PDU Id: 0x2bc9
    Segment offset: 0
    PDU total length: 140
    CLNP reasm status: skipped
   Options:
    LRef: 0x40
    QoS maintenance: 0xd6
    Security:
     Reg ID: 06 04 2b 1b 00 00
     Info:
      Traffic type:
       Type: ATN system management
       Category: none
       Route policy: 0x00
    Priority: 0x0e
   IDRP Open: seq: 33 ack: 1 credit_offered: 4 credit_avail: 0
    Hold Time: 900 seconds
    Max. PDU size: 3000 octets
    Source RDI: 47 00 27 01 53 49 54 00 59 55 4c	"G.'.SIT.YUL"
    RIB Attribute Set:
     RibAtt #0:
      Security:
       Reg ID: 06 04 2b 1b 00 00
    Auth mechanism: simple checksum

[2025-08-25 20:40:14.317 CEST] [136.975] [-7.3/-49.4 dBFS] [42.0 dB] [0.9 ppm]
GROUND_Y (Ground station, On ground) -> AIRCRAFT (Aircraft): Command
AVLC type: I sseq: 1 rseq: 2 poll: 0
 X.25 Call Accepted: grp: 11 chan: 255 src: 22677777 dst: 1116900402899
  Facilities:
   Max. packet size:
    From calling DTE: 256 bytes
    From called  DTE: 256 bytes
   Window size:
    From calling DTE: 4 packets
    From called  DTE: 4 packets
   Called line address modified: 0f
  Compression support: LREF, LREF-CAN
  M/I: 0
  ES-IS IS Hello: Hold Time: 65534 sec
   NET: 47 00 27 01 53 49 54 00 59 55 4c 00 01 08 00 20 ff ba 45 00	"G.'.SIT.YUL.... ..E."
   Options:
    ATN Data Link Capabilities: 01
    Mobile Subnetwork Capabilities:
     Permitted traffic: all
     Supported ATSC classes: A

[2025-08-25 20:40:14.317 CEST] [136.975] [-7.3/-49.4 dBFS] [42.0 dB] [0.9 ppm]
GROUND_Y (Ground station, On ground) -> AIRCRAFT (Aircraft): Command
AVLC type: I sseq: 2 rseq: 2 poll: 0
 X.25 Data: grp: 11 chan: 255 sseq: 0 rseq: 0 more: 0
  X.25 reasm status: skipped
  X.233 CLNP Data:
   Src NSAP: 47 00 27 01 53 49 54 00 59 55 4c 00 01 08 00 20 ff ba 45 00	"G.'.SIT.YUL.... ..E."
   Dst NSAP: 47 00 27 c1 53 55 49 00 xx xx xx 01 01 55 4c 38 30 58 31 00	"G.'.SUI.K....UL80X1."
   Lifetime: 20.0 sec
   Flags: SP E/R
   Segmentation:
    PDU Id: 0x2bc9
    Segment offset: 0
    PDU total length: 140
    CLNP reasm status: skipped
   Options:
    LRef: 0x40
    QoS maintenance: 0xd6
    Security:
     Reg ID: 06 04 2b 1b 00 00
     Info:
      Traffic type:
       Type: ATN system management
       Category: none
       Route policy: 0x00
    Priority: 0x0e
   IDRP Open: seq: 33 ack: 1 credit_offered: 4 credit_avail: 0
    Hold Time: 900 seconds
    Max. PDU size: 3000 octets
    Source RDI: 47 00 27 01 53 49 54 00 59 55 4c	"G.'.SIT.YUL"
    RIB Attribute Set:
     RibAtt #0:
      Security:
       Reg ID: 06 04 2b 1b 00 00
    Auth mechanism: simple checksum

[2025-08-25 20:40:18.739 CEST] [136.975] [-7.3/-48.9 dBFS] [41.7 dB] [1.1 ppm]
GROUND_Y (Ground station, On ground) -> AIRCRAFT (Aircraft): Command
AVLC type: I sseq: 1 rseq: 2 poll: 0
 X.25 Call Accepted: grp: 11 chan: 255 src: 22677777 dst: 1116900402899
  Facilities:
   Max. packet size:
    From calling DTE: 256 bytes
    From called  DTE: 256 bytes
   Window size:
    From calling DTE: 4 packets
    From called  DTE: 4 packets
   Called line address modified: 0f
  Compression support: LREF, LREF-CAN
  M/I: 0
  ES-IS IS Hello: Hold Time: 65534 sec
   NET: 47 00 27 01 53 49 54 00 59 55 4c 00 01 08 00 20 ff ba 45 00	"G.'.SIT.YUL.... ..E."
   Options:
    ATN Data Link Capabilities: 01
    Mobile Subnetwork Capabilities:
     Permitted traffic: all
     Supported ATSC classes: A

[2025-08-25 20:40:18.739 CEST] [136.975] [-7.3/-48.9 dBFS] [41.7 dB] [1.1 ppm]
GROUND_Y (Ground station, On ground) -> AIRCRAFT (Aircraft): Command
AVLC type: I sseq: 2 rseq: 2 poll: 0
 X.25 Data: grp: 11 chan: 255 sseq: 0 rseq: 0 more: 0
  X.25 reasm status: skipped
  X.233 CLNP Data:
   Src NSAP: 47 00 27 01 53 49 54 00 59 55 4c 00 01 08 00 20 ff ba 45 00	"G.'.SIT.YUL.... ..E."
   Dst NSAP: 47 00 27 c1 53 55 49 00 xx xx xx 01 01 55 4c 38 30 58 31 00	"G.'.SUI.K....UL80X1."
   Lifetime: 20.0 sec
   Flags: SP E/R
   Segmentation:
    PDU Id: 0x2bc9
    Segment offset: 0
    PDU total length: 140
    CLNP reasm status: skipped
   Options:
    LRef: 0x40
    QoS maintenance: 0xd6
    Security:
     Reg ID: 06 04 2b 1b 00 00
     Info:
      Traffic type:
       Type: ATN system management
       Category: none
       Route policy: 0x00
    Priority: 0x0e
   IDRP Open: seq: 33 ack: 1 credit_offered: 4 credit_avail: 0
    Hold Time: 900 seconds
    Max. PDU size: 3000 octets
    Source RDI: 47 00 27 01 53 49 54 00 59 55 4c	"G.'.SIT.YUL"
    RIB Attribute Set:
     RibAtt #0:
      Security:
       Reg ID: 06 04 2b 1b 00 00
    Auth mechanism: simple checksum

[2025-08-25 20:40:21.329 CEST] [136.975] [-7.4/-49.1 dBFS] [41.7 dB] [0.9 ppm]
GROUND_Y (Ground station, On ground) -> AIRCRAFT (Aircraft): Command
AVLC type: I sseq: 3 rseq: 2 poll: 0
 X.25 Data: grp: 11 chan: 255 sseq: 1 rseq: 0 more: 0
  X.25 reasm status: skipped
  X.233 CLNP Data (compressed header):
   LRef: 0x40 Prio: 14 Flags: 0xf6
   Lifetime: 20.0 sec
   PDU Id: 0x2c22
   IDRP Open: seq: 33 ack: 1 credit_offered: 4 credit_avail: 0
    Hold Time: 900 seconds
    Max. PDU size: 3000 octets
    Source RDI: 47 00 27 01 53 49 54 00 59 55 4c	"G.'.SIT.YUL"
    RIB Attribute Set:
     RibAtt #0:
      Security:
       Reg ID: 06 04 2b 1b 00 00
    Auth mechanism: simple checksum

[2025-08-25 20:40:24.983 CEST] [136.975] [-7.3/-49.5 dBFS] [42.2 dB] [1.1 ppm]
GROUND_Y (Ground station, On ground) -> AIRCRAFT (Aircraft): Command
AVLC type: I sseq: 1 rseq: 2 poll: 0
 X.25 Call Accepted: grp: 11 chan: 255 src: 22677777 dst: 1116900402899
  Facilities:
   Max. packet size:
    From calling DTE: 256 bytes
    From called  DTE: 256 bytes
   Window size:
    From calling DTE: 4 packets
    From called  DTE: 4 packets
   Called line address modified: 0f
  Compression support: LREF, LREF-CAN
  M/I: 0
  ES-IS IS Hello: Hold Time: 65534 sec
   NET: 47 00 27 01 53 49 54 00 59 55 4c 00 01 08 00 20 ff ba 45 00	"G.'.SIT.YUL.... ..E."
   Options:
    ATN Data Link Capabilities: 01
    Mobile Subnetwork Capabilities:
     Permitted traffic: all
     Supported ATSC classes: A

[2025-08-25 20:40:24.983 CEST] [136.975] [-7.3/-49.5 dBFS] [42.2 dB] [1.1 ppm]
GROUND_Y (Ground station, On ground) -> AIRCRAFT (Aircraft): Command
AVLC type: I sseq: 2 rseq: 2 poll: 0
 X.25 Data: grp: 11 chan: 255 sseq: 0 rseq: 0 more: 0
  X.25 reasm status: skipped
  X.233 CLNP Data:
   Src NSAP: 47 00 27 01 53 49 54 00 59 55 4c 00 01 08 00 20 ff ba 45 00	"G.'.SIT.YUL.... ..E."
   Dst NSAP: 47 00 27 c1 53 55 49 00 xx xx xx 01 01 55 4c 38 30 58 31 00	"G.'.SUI.K....UL80X1."
   Lifetime: 20.0 sec
   Flags: SP E/R
   Segmentation:
    PDU Id: 0x2bc9
    Segment offset: 0
    PDU total length: 140
    CLNP reasm status: skipped
   Options:
    LRef: 0x40
    QoS maintenance: 0xd6
    Security:
     Reg ID: 06 04 2b 1b 00 00
     Info:
      Traffic type:
       Type: ATN system management
       Category: none
       Route policy: 0x00
    Priority: 0x0e
   IDRP Open: seq: 33 ack: 1 credit_offered: 4 credit_avail: 0
    Hold Time: 900 seconds
    Max. PDU size: 3000 octets
    Source RDI: 47 00 27 01 53 49 54 00 59 55 4c	"G.'.SIT.YUL"
    RIB Attribute Set:
     RibAtt #0:
      Security:
       Reg ID: 06 04 2b 1b 00 00
    Auth mechanism: simple checksum

[2025-08-25 20:40:24.983 CEST] [136.975] [-7.3/-49.5 dBFS] [42.2 dB] [1.1 ppm]
GROUND_Y (Ground station, On ground) -> AIRCRAFT (Aircraft): Command
AVLC type: I sseq: 3 rseq: 2 poll: 0
 X.25 Data: grp: 11 chan: 255 sseq: 1 rseq: 0 more: 0
  X.25 reasm status: skipped
  X.233 CLNP Data (compressed header):
   LRef: 0x40 Prio: 14 Flags: 0xf6
   Lifetime: 20.0 sec
   PDU Id: 0x2c22
   IDRP Open: seq: 33 ack: 1 credit_offered: 4 credit_avail: 0
    Hold Time: 900 seconds
    Max. PDU size: 3000 octets
    Source RDI: 47 00 27 01 53 49 54 00 59 55 4c	"G.'.SIT.YUL"
    RIB Attribute Set:
     RibAtt #0:
      Security:
       Reg ID: 06 04 2b 1b 00 00
    Auth mechanism: simple checksum

[2025-08-25 20:40:30.623 CEST] [136.975] [-7.4/-49.4 dBFS] [42.0 dB] [0.9 ppm]
GROUND_Y (Ground station, On ground) -> AIRCRAFT (Aircraft): Command
AVLC type: I sseq: 1 rseq: 2 poll: 0
 X.25 Call Accepted: grp: 11 chan: 255 src: 22677777 dst: 1116900402899
  Facilities:
   Max. packet size:
    From calling DTE: 256 bytes
    From called  DTE: 256 bytes
   Window size:
    From calling DTE: 4 packets
    From called  DTE: 4 packets
   Called line address modified: 0f
  Compression support: LREF, LREF-CAN
  M/I: 0
  ES-IS IS Hello: Hold Time: 65534 sec
   NET: 47 00 27 01 53 49 54 00 59 55 4c 00 01 08 00 20 ff ba 45 00	"G.'.SIT.YUL.... ..E."
   Options:
    ATN Data Link Capabilities: 01
    Mobile Subnetwork Capabilities:
     Permitted traffic: all
     Supported ATSC classes: A

[2025-08-25 20:40:30.623 CEST] [136.975] [-7.4/-49.4 dBFS] [42.0 dB] [0.9 ppm]
GROUND_Y (Ground station, On ground) -> AIRCRAFT (Aircraft): Command
AVLC type: I sseq: 2 rseq: 2 poll: 0
 X.25 Data: grp: 11 chan: 255 sseq: 0 rseq: 0 more: 0
  X.25 reasm status: skipped
  X.233 CLNP Data:
   Src NSAP: 47 00 27 01 53 49 54 00 59 55 4c 00 01 08 00 20 ff ba 45 00	"G.'.SIT.YUL.... ..E."
   Dst NSAP: 47 00 27 c1 53 55 49 00 xx xx xx 01 01 55 4c 38 30 58 31 00	"G.'.SUI.K....UL80X1."
   Lifetime: 20.0 sec
   Flags: SP E/R
   Segmentation:
    PDU Id: 0x2bc9
    Segment offset: 0
    PDU total length: 140
    CLNP reasm status: skipped
   Options:
    LRef: 0x40
    QoS maintenance: 0xd6
    Security:
     Reg ID: 06 04 2b 1b 00 00
     Info:
      Traffic type:
       Type: ATN system management
       Category: none
       Route policy: 0x00
    Priority: 0x0e
   IDRP Open: seq: 33 ack: 1 credit_offered: 4 credit_avail: 0
    Hold Time: 900 seconds
    Max. PDU size: 3000 octets
    Source RDI: 47 00 27 01 53 49 54 00 59 55 4c	"G.'.SIT.YUL"
    RIB Attribute Set:
     RibAtt #0:
      Security:
       Reg ID: 06 04 2b 1b 00 00
    Auth mechanism: simple checksum

[2025-08-25 20:40:30.623 CEST] [136.975] [-7.4/-49.4 dBFS] [42.0 dB] [0.9 ppm]
GROUND_Y (Ground station, On ground) -> AIRCRAFT (Aircraft): Command
AVLC type: I sseq: 3 rseq: 2 poll: 0
 X.25 Data: grp: 11 chan: 255 sseq: 1 rseq: 0 more: 0
  X.25 reasm status: skipped
  X.233 CLNP Data (compressed header):
   LRef: 0x40 Prio: 14 Flags: 0xf6
   Lifetime: 20.0 sec
   PDU Id: 0x2c22
   IDRP Open: seq: 33 ack: 1 credit_offered: 4 credit_avail: 0
    Hold Time: 900 seconds
    Max. PDU size: 3000 octets
    Source RDI: 47 00 27 01 53 49 54 00 59 55 4c	"G.'.SIT.YUL"
    RIB Attribute Set:
     RibAtt #0:
      Security:
       Reg ID: 06 04 2b 1b 00 00
    Auth mechanism: simple checksum

[2025-08-25 20:40:36.414 CEST] [136.975] [-7.4/-49.1 dBFS] [41.7 dB] [1.1 ppm]
GROUND_Y (Ground station, On ground) -> AIRCRAFT (Aircraft): Command
AVLC type: I sseq: 4 rseq: 2 poll: 1
 X.25 Data: grp: 11 chan: 255 sseq: 2 rseq: 0 more: 0
  X.25 reasm status: skipped
  X.233 CLNP Data (compressed header):
   LRef: 0x40 Prio: 14 Flags: 0xf6
   Lifetime: 20.0 sec
   PDU Id: 0x2c7e
   IDRP Open: seq: 33 ack: 1 credit_offered: 4 credit_avail: 0
    Hold Time: 900 seconds
    Max. PDU size: 3000 octets
    Source RDI: 47 00 27 01 53 49 54 00 59 55 4c	"G.'.SIT.YUL"
    RIB Attribute Set:
     RibAtt #0:
      Security:
       Reg ID: 06 04 2b 1b 00 00
    Auth mechanism: simple checksum


[2025-08-25 20:41:12.224 CEST] [136.975] [-9.7/-49.1 dBFS] [39.3 dB] [1.0 ppm]
GROUND_X (Ground station, On ground) -> FFFFFF (Aircraft): Command
AVLC type: U (XID) P/F: 0
 XID: Ground Station Information Frame
  Public params:
   Parameter set ID: 8885:1993
   Procedure classes: 00 01
   HDLC options: 20 a4 88
  VDL params:
   Parameter set ID: V
   AVLC specific options: 64
   Frequency support list:
    Ground station: xxxxxx
     Frequency: 136.875 MHz (VDL-M2, D8PSK, 31500 bps)
    Ground station: xxxxxx
     Frequency: 136.875 MHz (VDL-M2, D8PSK, 31500 bps)
   Timer T4: 00 02
   Airport coverage: xxxx
   ATN router NETs: 53 49 54 00 00 01	"SIT..."
   System mask: 200000
   Ground station location: xN yE

[2025-08-25 20:41:12.377 CEST] [136.975] [-9.6/-48.8 dBFS] [39.1 dB] [0.9 ppm]
GROUND_X (Ground station, On ground) -> AIRCRAFT (Aircraft): Response
AVLC type: U (XID) P/F: 1
 XID: Link Establishment Response
  Public params:
   Parameter set ID: 8885:1993
   Procedure classes: 00 01
   HDLC options: 20 a4 88
  VDL params:
   Parameter set ID: V
   Connection management: 00
   XID sequencing: seq: 5 retry: 0
   AVLC specific options: 64
   Airport coverage: xxxx
   ATN router NETs: 53 49 54 00 00 01	"SIT..."
   System mask: 200000
   Ground station location: xN yE

[2025-08-25 20:41:13.138 CEST] [136.975] [-13.5/-48.9 dBFS] [35.5 dB] [1.2 ppm]
GROUND_X (Ground station, On ground) -> AIRCRAFT (Aircraft): Command
AVLC type: I sseq: 0 rseq: 1 poll: 0
 ACARS:
  Reassembly: skipped
  Reg: ..CPDLC
  Mode: 2 Label: _d Blk id: A More: 0 Ack: 3

[2025-08-25 20:41:13.746 CEST] [136.975] [-13.5/-49.3 dBFS] [35.9 dB] [0.9 ppm]
GROUND_X (Ground station, On ground) -> AIRCRAFT (Aircraft): Command
AVLC type: I sseq: 1 rseq: 2 poll: 0
 X.25 Call Accepted: grp: 11 chan: 255 src: 22677777 dst: 1116900402899
  Facilities:
   Max. packet size:
    From calling DTE: 256 bytes
    From called  DTE: 256 bytes
   Window size:
    From calling DTE: 4 packets
    From called  DTE: 4 packets
   Called line address modified: 0f
  Compression support: LREF, LREF-CAN
  M/I: 0
  ES-IS IS Hello: Hold Time: 65534 sec
   NET: 47 00 27 01 53 49 54 00 59 55 4c 00 01 08 00 20 ff ba 45 00	"G.'.SIT.YUL.... ..E."
   Options:
    ATN Data Link Capabilities: 01
    Mobile Subnetwork Capabilities:
     Permitted traffic: all
     Supported ATSC classes: A

[2025-08-25 20:41:13.748 CEST] [136.975] [-13.5/-49.2 dBFS] [35.7 dB] [1.1 ppm]
GROUND_X (Ground station, On ground) -> AIRCRAFT (Aircraft): Command
AVLC type: I sseq: 2 rseq: 2 poll: 0
 X.25 Data: grp: 11 chan: 255 sseq: 0 rseq: 0 more: 0
  X.25 reasm status: skipped
  X.233 CLNP Data:
   Src NSAP: 47 00 27 01 53 49 54 00 59 55 4c 00 01 08 00 20 ff ba 45 00	"G.'.SIT.YUL.... ..E."
   Dst NSAP: 47 00 27 c1 53 55 49 00 xx xx xx 01 01 55 4c 38 30 58 31 00	"G.'.SUI.K....UL80X1."
   Lifetime: 20.0 sec
   Flags: SP E/R
   Segmentation:
    PDU Id: 0x2d72
    Segment offset: 0
    PDU total length: 140
    CLNP reasm status: skipped
   Options:
    LRef: 0x40
    QoS maintenance: 0xd6
    Security:
     Reg ID: 06 04 2b 1b 00 00
     Info:
      Traffic type:
       Type: ATN system management
       Category: none
       Route policy: 0x00
    Priority: 0x0e
   IDRP Open: seq: 35 ack: 1 credit_offered: 4 credit_avail: 0
    Hold Time: 900 seconds
    Max. PDU size: 3000 octets
    Source RDI: 47 00 27 01 53 49 54 00 59 55 4c	"G.'.SIT.YUL"
    RIB Attribute Set:
     RibAtt #0:
      Security:
       Reg ID: 06 04 2b 1b 00 00
    Auth mechanism: simple checksum

[2025-08-25 20:41:14.053 CEST] [136.975] [1.9/-49.2 dBFS] [51.0 dB] [0.2 ppm]
AIRCRAFT (Aircraft, On ground) -> GROUND_X (Ground station): Command
AVLC type: I sseq: 2 rseq: 3 poll: 0
 X.25 Data: grp: 11 chan: 255 sseq: 0 rseq: 1 more: 0
  X.25 reasm status: skipped
  X.233 CLNP Data (compressed header):
   LRef: 0x40 Prio: 14 Flags: 0xf6
   Lifetime: 32.0 sec
   PDU Id: 0x25
   IDRP Open: seq: 1 ack: 35 credit_offered: 3 credit_avail: 4
    Hold Time: 900 seconds
    Max. PDU size: 1024 octets
    Source RDI: 47 00 27 c1 53 55 49 00 xx xx xx	"G.'.SUI.K.."
    RIB Attribute Set:
     RibAtt #0:
      Security:
       Reg ID: 06 04 2b 1b 00 00
    Auth mechanism: simple checksum

[2025-08-25 20:41:14.355 CEST] [136.975] [-13.5/-49.2 dBFS] [35.7 dB] [0.9 ppm]
GROUND_X (Ground station, On ground) -> AIRCRAFT (Aircraft): Command
AVLC type: I sseq: 3 rseq: 3 poll: 0
 X.25 Data: grp: 11 chan: 255 sseq: 1 rseq: 1 more: 0
  X.25 reasm status: skipped
  X.233 CLNP Data (compressed header):
   LRef: 0x40 Prio: 14 Flags: 0xf6
   Lifetime: 20.0 sec
   PDU Id: 0x2d75
   IDRP Keepalive: seq: 36 ack: 1 credit_offered: 4 credit_avail: 3

[2025-08-25 20:41:14.662 CEST] [136.975] [-16.1/-49.5 dBFS] [33.4 dB] [2.5 ppm]
GROUND_X (Ground station, On ground) -> FFFFFF (Aircraft): Command
AVLC type: U (DISC) P/F: 0

[2025-08-25 20:41:15.423 CEST] [136.975] [-13.4/-49.5 dBFS] [36.0 dB] [1.0 ppm]
GROUND_X (Ground station, On ground) -> AIRCRAFT (Aircraft): Command
AVLC type: I sseq: 4 rseq: 3 poll: 0
 X.25 Data: grp: 11 chan: 255 sseq: 2 rseq: 1 more: 0
  X.25 reasm status: skipped
  X.233 CLNP Data (compressed header):
   LRef: 0x40 Prio: 14 Flags: 0xf6
   Lifetime: 20.0 sec
   PDU Id: 0x2d76
   IDRP Update: seq: 36 ack: 1 credit_offered: 4 credit_avail: 2
    Route:
     ID: 5213
     Local preference: 0
    Security:
     Reg ID: 06 04 2b 1b 00 00
     Info:
      Supported ATSC classes: A
      Subnetwork type:
       Subnet: VDL
       Permitted traffic: all
    RD path:
     RD_SEQ:
      47 00 27 01 53 49 54 00 00 00 01 0b 47 00 27 01 53 49 54 00 59 55 4c	"G.'.SIT.....G.'.SIT.YUL"
      47 00 27 01 53 49 54 00 59 55 4c	"G.'.SIT.YUL"
    RD hop count: 2
    Capacity: 12
    Reachability info:
     Protocol: CLNP
     Prefix length: 32
     Dest. address prefix: 47 00 27 01 20 47 00 27 81	"G.'. G.'."

[2025-08-25 20:41:15.423 CEST] [136.975] [-13.4/-49.5 dBFS] [36.0 dB] [1.0 ppm]
GROUND_X (Ground station, On ground) -> AIRCRAFT (Aircraft): Response
AVLC type: S (Receive Ready) P/F: 0 rseq: 4

[2025-08-25 20:41:15.728 CEST] [136.975] [-9.7/-49.6 dBFS] [40.0 dB] [0.9 ppm]
GROUND_X (Ground station, On ground) -> AIRCRAFT (Aircraft): Command
AVLC type: I sseq: 5 rseq: 4 poll: 0
 X.25 Data: grp: 11 chan: 255 sseq: 3 rseq: 2 more: 0
  X.25 reasm status: skipped
  X.233 CLNP Data (compressed header):
   LRef: 0x40 Prio: 14 Flags: 0xf6
   Lifetime: 20.0 sec
   PDU Id: 0x2d8a
   IDRP Keepalive: seq: 37 ack: 2 credit_offered: 4 credit_avail: 2

[2025-08-25 20:41:17.708 CEST] [136.975] [-9.7/-49.2 dBFS] [39.6 dB] [1.0 ppm]
GROUND_X (Ground station, On ground) -> AIRCRAFT (Aircraft): Command
AVLC type: I sseq: 4 rseq: 4 poll: 0
 X.25 Data: grp: 11 chan: 255 sseq: 2 rseq: 1 more: 0
  X.25 reasm status: skipped
  X.233 CLNP Data (compressed header):
   LRef: 0x40 Prio: 14 Flags: 0xf6
   Lifetime: 20.0 sec
   PDU Id: 0x2d76
   IDRP Update: seq: 36 ack: 1 credit_offered: 4 credit_avail: 2
    Route:
     ID: 5213
     Local preference: 0
    Security:
     Reg ID: 06 04 2b 1b 00 00
     Info:
      Supported ATSC classes: A
      Subnetwork type:
       Subnet: VDL
       Permitted traffic: all
    RD path:
     RD_SEQ:
      47 00 27 01 53 49 54 00 00 00 01 0b 47 00 27 01 53 49 54 00 59 55 4c	"G.'.SIT.....G.'.SIT.YUL"
      47 00 27 01 53 49 54 00 59 55 4c	"G.'.SIT.YUL"
    RD hop count: 2
    Capacity: 12
    Reachability info:
     Protocol: CLNP
     Prefix length: 32
     Dest. address prefix: 47 00 27 01 20 47 00 27 81	"G.'. G.'."

[2025-08-25 20:41:17.708 CEST] [136.975] [-9.7/-49.2 dBFS] [39.6 dB] [1.0 ppm]
GROUND_X (Ground station, On ground) -> AIRCRAFT (Aircraft): Command
AVLC type: I sseq: 5 rseq: 4 poll: 0
 X.25 Data: grp: 11 chan: 255 sseq: 3 rseq: 2 more: 0
  X.25 reasm status: skipped
  X.233 CLNP Data (compressed header):
   LRef: 0x40 Prio: 14 Flags: 0xf6
   Lifetime: 20.0 sec
   PDU Id: 0x2d8a
   IDRP Keepalive: seq: 37 ack: 2 credit_offered: 4 credit_avail: 2


[2025-08-25 20:41:21.825 CEST] [136.975] [-9.8/-49.3 dBFS] [39.5 dB] [1.2 ppm]
GROUND_X (Ground station, On ground) -> AIRCRAFT (Aircraft): Command
AVLC type: I sseq: 4 rseq: 4 poll: 0
 X.25 Data: grp: 11 chan: 255 sseq: 2 rseq: 1 more: 0
  X.25 reasm status: skipped
  X.233 CLNP Data (compressed header):
   LRef: 0x40 Prio: 14 Flags: 0xf6
   Lifetime: 20.0 sec
   PDU Id: 0x2d76
   IDRP Update: seq: 36 ack: 1 credit_offered: 4 credit_avail: 2
    Route:
     ID: 5213
     Local preference: 0
    Security:
     Reg ID: 06 04 2b 1b 00 00
     Info:
      Supported ATSC classes: A
      Subnetwork type:
       Subnet: VDL
       Permitted traffic: all
    RD path:
     RD_SEQ:
      47 00 27 01 53 49 54 00 00 00 01 0b 47 00 27 01 53 49 54 00 59 55 4c	"G.'.SIT.....G.'.SIT.YUL"
      47 00 27 01 53 49 54 00 59 55 4c	"G.'.SIT.YUL"
    RD hop count: 2
    Capacity: 12
    Reachability info:
     Protocol: CLNP
     Prefix length: 32
     Dest. address prefix: 47 00 27 01 20 47 00 27 81	"G.'. G.'."

[2025-08-25 20:41:21.825 CEST] [136.975] [-9.8/-49.3 dBFS] [39.5 dB] [1.2 ppm]
GROUND_X (Ground station, On ground) -> AIRCRAFT (Aircraft): Command
AVLC type: I sseq: 5 rseq: 4 poll: 0
 X.25 Data: grp: 11 chan: 255 sseq: 3 rseq: 2 more: 0
  X.25 reasm status: skipped
  X.233 CLNP Data (compressed header):
   LRef: 0x40 Prio: 14 Flags: 0xf6
   Lifetime: 20.0 sec
   PDU Id: 0x2d8a
   IDRP Keepalive: seq: 37 ack: 2 credit_offered: 4 credit_avail: 2

[2025-08-25 20:41:26.549 CEST] [136.975] [-9.7/-48.9 dBFS] [39.2 dB] [1.2 ppm]
GROUND_X (Ground station, On ground) -> AIRCRAFT (Aircraft): Command
AVLC type: I sseq: 4 rseq: 4 poll: 0
 X.25 Data: grp: 11 chan: 255 sseq: 2 rseq: 1 more: 0
  X.25 reasm status: skipped
  X.233 CLNP Data (compressed header):
   LRef: 0x40 Prio: 14 Flags: 0xf6
   Lifetime: 20.0 sec
   PDU Id: 0x2d76
   IDRP Update: seq: 36 ack: 1 credit_offered: 4 credit_avail: 2
    Route:
     ID: 5213
     Local preference: 0
    Security:
     Reg ID: 06 04 2b 1b 00 00
     Info:
      Supported ATSC classes: A
      Subnetwork type:
       Subnet: VDL
       Permitted traffic: all
    RD path:
     RD_SEQ:
      47 00 27 01 53 49 54 00 00 00 01 0b 47 00 27 01 53 49 54 00 59 55 4c	"G.'.SIT.....G.'.SIT.YUL"
      47 00 27 01 53 49 54 00 59 55 4c	"G.'.SIT.YUL"
    RD hop count: 2
    Capacity: 12
    Reachability info:
     Protocol: CLNP
     Prefix length: 32
     Dest. address prefix: 47 00 27 01 20 47 00 27 81	"G.'. G.'."

[2025-08-25 20:41:26.549 CEST] [136.975] [-9.7/-48.9 dBFS] [39.2 dB] [1.2 ppm]
GROUND_X (Ground station, On ground) -> AIRCRAFT (Aircraft): Command
AVLC type: I sseq: 5 rseq: 4 poll: 0
 X.25 Data: grp: 11 chan: 255 sseq: 3 rseq: 2 more: 0
  X.25 reasm status: skipped
  X.233 CLNP Data (compressed header):
   LRef: 0x40 Prio: 14 Flags: 0xf6
   Lifetime: 20.0 sec
   PDU Id: 0x2d8a
   IDRP Keepalive: seq: 37 ack: 2 credit_offered: 4 credit_avail: 2

[2025-08-25 20:41:29.290 CEST] [136.975] [-9.7/-49.0 dBFS] [39.3 dB] [1.1 ppm]
GROUND_X (Ground station, On ground) -> AIRCRAFT (Aircraft): Command
AVLC type: I sseq: 6 rseq: 4 poll: 0
 X.25 Data: grp: 11 chan: 255 sseq: 4 rseq: 2 more: 0
  X.25 reasm status: skipped
  X.233 CLNP Data (compressed header):
   LRef: 0x40 Prio: 14 Flags: 0xf6
   Lifetime: 20.0 sec
   PDU Id: 0x2df1
   IDRP Update: seq: 36 ack: 1 credit_offered: 4 credit_avail: 2
    Route:
     ID: 5213
     Local preference: 0
    Security:
     Reg ID: 06 04 2b 1b 00 00
     Info:
      Supported ATSC classes: A
      Subnetwork type:
       Subnet: VDL
       Permitted traffic: all
    RD path:
     RD_SEQ:
      47 00 27 01 53 49 54 00 00 00 01 0b 47 00 27 01 53 49 54 00 59 55 4c	"G.'.SIT.....G.'.SIT.YUL"
      47 00 27 01 53 49 54 00 59 55 4c	"G.'.SIT.YUL"
    RD hop count: 2
    Capacity: 12
    Reachability info:
     Protocol: CLNP
     Prefix length: 32
     Dest. address prefix: 47 00 27 01 20 47 00 27 81	"G.'. G.'."

[2025-08-25 20:41:30.815 CEST] [136.975] [-9.7/-49.2 dBFS] [39.5 dB] [1.2 ppm]
GROUND_X (Ground station, On ground) -> AIRCRAFT (Aircraft): Command
AVLC type: I sseq: 4 rseq: 4 poll: 0
 X.25 Data: grp: 11 chan: 255 sseq: 2 rseq: 1 more: 0
  X.25 reasm status: skipped
  X.233 CLNP Data (compressed header):
   LRef: 0x40 Prio: 14 Flags: 0xf6
   Lifetime: 20.0 sec
   PDU Id: 0x2d76
   IDRP Update: seq: 36 ack: 1 credit_offered: 4 credit_avail: 2
    Route:
     ID: 5213
     Local preference: 0
    Security:
     Reg ID: 06 04 2b 1b 00 00
     Info:
      Supported ATSC classes: A
      Subnetwork type:
       Subnet: VDL
       Permitted traffic: all
    RD path:
     RD_SEQ:
      47 00 27 01 53 49 54 00 00 00 01 0b 47 00 27 01 53 49 54 00 59 55 4c	"G.'.SIT.....G.'.SIT.YUL"
      47 00 27 01 53 49 54 00 59 55 4c	"G.'.SIT.YUL"
    RD hop count: 2
    Capacity: 12
    Reachability info:
     Protocol: CLNP
     Prefix length: 32
     Dest. address prefix: 47 00 27 01 20 47 00 27 81	"G.'. G.'."

[2025-08-25 20:41:30.815 CEST] [136.975] [-9.7/-49.2 dBFS] [39.5 dB] [1.2 ppm]
GROUND_X (Ground station, On ground) -> AIRCRAFT (Aircraft): Command
AVLC type: I sseq: 5 rseq: 4 poll: 0
 X.25 Data: grp: 11 chan: 255 sseq: 3 rseq: 2 more: 0
  X.25 reasm status: skipped
  X.233 CLNP Data (compressed header):
   LRef: 0x40 Prio: 14 Flags: 0xf6
   Lifetime: 20.0 sec
   PDU Id: 0x2d8a
   IDRP Keepalive: seq: 37 ack: 2 credit_offered: 4 credit_avail: 2

[2025-08-25 20:41:30.815 CEST] [136.975] [-9.7/-49.2 dBFS] [39.5 dB] [1.2 ppm]
GROUND_X (Ground station, On ground) -> AIRCRAFT (Aircraft): Command
AVLC type: I sseq: 6 rseq: 4 poll: 0
 X.25 Data: grp: 11 chan: 255 sseq: 4 rseq: 2 more: 0
  X.25 reasm status: skipped
  X.233 CLNP Data (compressed header):
   LRef: 0x40 Prio: 14 Flags: 0xf6
   Lifetime: 20.0 sec
   PDU Id: 0x2df1
   IDRP Update: seq: 36 ack: 1 credit_offered: 4 credit_avail: 2
    Route:
     ID: 5213
     Local preference: 0
    Security:
     Reg ID: 06 04 2b 1b 00 00
     Info:
      Supported ATSC classes: A
      Subnetwork type:
       Subnet: VDL
       Permitted traffic: all
    RD path:
     RD_SEQ:
      47 00 27 01 53 49 54 00 00 00 01 0b 47 00 27 01 53 49 54 00 59 55 4c	"G.'.SIT.....G.'.SIT.YUL"
      47 00 27 01 53 49 54 00 59 55 4c	"G.'.SIT.YUL"
    RD hop count: 2
    Capacity: 12
    Reachability info:
     Protocol: CLNP
     Prefix length: 32
     Dest. address prefix: 47 00 27 01 20 47 00 27 81	"G.'. G.'."

[2025-08-25 20:41:34.931 CEST] [136.975] [-9.8/-49.0 dBFS] [39.2 dB] [1.2 ppm]
GROUND_X (Ground station, On ground) -> AIRCRAFT (Aircraft): Command
AVLC type: I sseq: 4 rseq: 4 poll: 0
 X.25 Data: grp: 11 chan: 255 sseq: 2 rseq: 1 more: 0
  X.25 reasm status: skipped
  X.233 CLNP Data (compressed header):
   LRef: 0x40 Prio: 14 Flags: 0xf6
   Lifetime: 20.0 sec
   PDU Id: 0x2d76
   IDRP Update: seq: 36 ack: 1 credit_offered: 4 credit_avail: 2
    Route:
     ID: 5213
     Local preference: 0
    Security:
     Reg ID: 06 04 2b 1b 00 00
     Info:
      Supported ATSC classes: A
      Subnetwork type:
       Subnet: VDL
       Permitted traffic: all
    RD path:
     RD_SEQ:
      47 00 27 01 53 49 54 00 00 00 01 0b 47 00 27 01 53 49 54 00 59 55 4c	"G.'.SIT.....G.'.SIT.YUL"
      47 00 27 01 53 49 54 00 59 55 4c	"G.'.SIT.YUL"
    RD hop count: 2
    Capacity: 12
    Reachability info:
     Protocol: CLNP
     Prefix length: 32
     Dest. address prefix: 47 00 27 01 20 47 00 27 81	"G.'. G.'."

[2025-08-25 20:41:34.931 CEST] [136.975] [-9.8/-49.0 dBFS] [39.2 dB] [1.2 ppm]
GROUND_X (Ground station, On ground) -> AIRCRAFT (Aircraft): Command
AVLC type: I sseq: 5 rseq: 4 poll: 0
 X.25 Data: grp: 11 chan: 255 sseq: 3 rseq: 2 more: 0
  X.25 reasm status: skipped
  X.233 CLNP Data (compressed header):
   LRef: 0x40 Prio: 14 Flags: 0xf6
   Lifetime: 20.0 sec
   PDU Id: 0x2d8a
   IDRP Keepalive: seq: 37 ack: 2 credit_offered: 4 credit_avail: 2

[2025-08-25 20:41:34.931 CEST] [136.975] [-9.8/-49.0 dBFS] [39.2 dB] [1.2 ppm]
GROUND_X (Ground station, On ground) -> AIRCRAFT (Aircraft): Command
AVLC type: I sseq: 6 rseq: 4 poll: 0
 X.25 Data: grp: 11 chan: 255 sseq: 4 rseq: 2 more: 0
  X.25 reasm status: skipped
  X.233 CLNP Data (compressed header):
   LRef: 0x40 Prio: 14 Flags: 0xf6
   Lifetime: 20.0 sec
   PDU Id: 0x2df1
   IDRP Update: seq: 36 ack: 1 credit_offered: 4 credit_avail: 2
    Route:
     ID: 5213
     Local preference: 0
    Security:
     Reg ID: 06 04 2b 1b 00 00
     Info:
      Supported ATSC classes: A
      Subnetwork type:
       Subnet: VDL
       Permitted traffic: all
    RD path:
     RD_SEQ:
      47 00 27 01 53 49 54 00 00 00 01 0b 47 00 27 01 53 49 54 00 59 55 4c	"G.'.SIT.....G.'.SIT.YUL"
      47 00 27 01 53 49 54 00 59 55 4c	"G.'.SIT.YUL"
    RD hop count: 2
    Capacity: 12
    Reachability info:
     Protocol: CLNP
     Prefix length: 32
     Dest. address prefix: 47 00 27 01 20 47 00 27 81	"G.'. G.'."

[2025-08-25 20:42:22.625 CEST] [136.975] [-7.3/-49.2 dBFS] [41.9 dB] [1.0 ppm]
GROUND_Y (Ground station, On ground) -> FFFFFF (Aircraft): Command
AVLC type: U (XID) P/F: 0
 XID: Ground Station Information Frame
  Public params:
   Parameter set ID: 8885:1993
   Procedure classes: 00 01
   HDLC options: 20 a4 88
  VDL params:
   Parameter set ID: V
   AVLC specific options: 64
   Frequency support list:
    Ground station: xxxxxx
     Frequency: 136.875 MHz (VDL-M2, D8PSK, 31500 bps)
    Ground station: xxxxxx
     Frequency: 136.875 MHz (VDL-M2, D8PSK, 31500 bps)
   Timer T4: 00 02
   Airport coverage: xxxx
   ATN router NETs: 53 49 54 00 00 01	"SIT..."
   System mask: 200000
   Ground station location: xN yE

[2025-08-25 20:42:22.931 CEST] [136.975] [-7.4/-49.2 dBFS] [41.9 dB] [1.0 ppm]
GROUND_Y (Ground station, On ground) -> AIRCRAFT (Aircraft): Response
AVLC type: U (XID) P/F: 1
 XID: Link Establishment Response
  Public params:
   Parameter set ID: 8885:1993
   Procedure classes: 00 01
   HDLC options: 20 a4 88
  VDL params:
   Parameter set ID: V
   Connection management: 00
   XID sequencing: seq: 6 retry: 0
   AVLC specific options: 64
   Airport coverage: xxxx
   ATN router NETs: 53 49 54 00 00 01	"SIT..."
   System mask: 200000
   Ground station location: xN yE

[2025-08-25 20:42:23.082 CEST] [136.975] [1.9/-49.4 dBFS] [51.2 dB] [0.2 ppm]
AIRCRAFT (Aircraft, On ground) -> GROUND_Y (Ground station): Command
AVLC type: I sseq: 0 rseq: 0 poll: 0
 ACARS:
  Reassembly: skipped
  Reg: ..CPDLC Flight: HB0000
  Mode: 2 Label: Q0 Blk id: 4 More: 0 Ack: ! Msg num: M13A

[2025-08-25 20:42:23.236 CEST] [136.975] [-11.2/-49.1 dBFS] [37.8 dB] [0.9 ppm]
GROUND_Y (Ground station, On ground) -> AIRCRAFT (Aircraft): Command
AVLC type: I sseq: 0 rseq: 1 poll: 0
 ACARS:
  Reassembly: skipped
  Reg: ..CPDLC
  Mode: 2 Label: _d Blk id: A More: 0 Ack: 4

[2025-08-25 20:42:23.387 CEST] [136.975] [1.8/-49.0 dBFS] [50.8 dB] [0.3 ppm]
AIRCRAFT (Aircraft, On ground) -> GROUND_Y (Ground station): Command
AVLC type: I sseq: 1 rseq: 1 poll: 0
 X.25 Call Request: grp: 11 chan: 255 src: 22677777 dst: none
  Facilities:
   Fast Select: requested
   Called address extension: 8c 53 49 54 00 00 01	".SIT..."
  Compression support: LREF, LREF-CAN
  M/I: 0
  ES-IS IS Hello: Hold Time: 30 sec
   NET: 47 00 27 c1 53 55 49 00 xx xx xx 01 01 55 4c 38 30 58 31 00	"G.'.SUI.K....UL80X1."

[2025-08-25 20:42:23.692 CEST] [136.975] [-11.2/-49.1 dBFS] [37.9 dB] [1.2 ppm]
GROUND_Y (Ground station, On ground) -> AIRCRAFT (Aircraft): Command
AVLC type: I sseq: 1 rseq: 2 poll: 0
 X.25 Call Accepted: grp: 11 chan: 255 src: 22677777 dst: 1116900402899
  Facilities:
   Max. packet size:
    From calling DTE: 256 bytes
    From called  DTE: 256 bytes
   Window size:
    From calling DTE: 4 packets
    From called  DTE: 4 packets
   Called line address modified: 0f
  Compression support: LREF, LREF-CAN
  M/I: 0
  ES-IS IS Hello: Hold Time: 65534 sec
   NET: 47 00 27 01 53 49 54 00 59 55 4c 00 01 08 00 20 ff ba 45 00	"G.'.SIT.YUL.... ..E."
   Options:
    ATN Data Link Capabilities: 01
    Mobile Subnetwork Capabilities:
     Permitted traffic: all
     Supported ATSC classes: A

[2025-08-25 20:42:23.843 CEST] [136.975] [-11.2/-49.2 dBFS] [38.0 dB] [0.9 ppm]
GROUND_Y (Ground station, On ground) -> AIRCRAFT (Aircraft): Command
AVLC type: I sseq: 2 rseq: 2 poll: 0
 X.25 Data: grp: 11 chan: 255 sseq: 0 rseq: 0 more: 0
  X.25 reasm status: skipped
  X.233 CLNP Data:
   Src NSAP: 47 00 27 01 53 49 54 00 59 55 4c 00 01 08 00 20 ff ba 45 00	"G.'.SIT.YUL.... ..E."
   Dst NSAP: 47 00 27 c1 53 55 49 00 xx xx xx 01 01 55 4c 38 30 58 31 00	"G.'.SUI.K....UL80X1."
   Lifetime: 20.0 sec
   Flags: SP E/R
   Segmentation:
    PDU Id: 0x2f58
    Segment offset: 0
    PDU total length: 140
    CLNP reasm status: skipped
   Options:
    LRef: 0x40
    QoS maintenance: 0xd6
    Security:
     Reg ID: 06 04 2b 1b 00 00
     Info:
      Traffic type:
       Type: ATN system management
       Category: none
       Route policy: 0x00
    Priority: 0x0e
   IDRP Open: seq: 38 ack: 2 credit_offered: 4 credit_avail: 0
    Hold Time: 900 seconds
    Max. PDU size: 3000 octets
    Source RDI: 47 00 27 01 53 49 54 00 59 55 4c	"G.'.SIT.YUL"
    RIB Attribute Set:
     RibAtt #0:
      Security:
       Reg ID: 06 04 2b 1b 00 00
    Auth mechanism: simple checksum

[2025-08-25 20:42:24.149 CEST] [136.975] [1.9/-49.1 dBFS] [51.0 dB] [0.2 ppm]
AIRCRAFT (Aircraft, On ground) -> GROUND_Y (Ground station): Command
AVLC type: I sseq: 2 rseq: 3 poll: 0
 X.25 Data: grp: 11 chan: 255 sseq: 0 rseq: 1 more: 0
  X.25 reasm status: skipped
  X.233 CLNP Data (compressed header):
   LRef: 0x40 Prio: 14 Flags: 0xf6
   Lifetime: 32.0 sec
   PDU Id: 0x27
   IDRP Open: seq: 1 ack: 38 credit_offered: 3 credit_avail: 4
    Hold Time: 900 seconds
    Max. PDU size: 1024 octets
    Source RDI: 47 00 27 c1 53 55 49 00 xx xx xx	"G.'.SUI.K.."
    RIB Attribute Set:
     RibAtt #0:
      Security:
       Reg ID: 06 04 2b 1b 00 00
    Auth mechanism: simple checksum

[2025-08-25 20:42:24.302 CEST] [136.975] [-15.6/-49.4 dBFS] [33.8 dB] [2.6 ppm]
GROUND_Y (Ground station, On ground) -> FFFFFF (Aircraft): Command
AVLC type: U (DISC) P/F: 0

[2025-08-25 20:42:24.303 CEST] [136.975] [-11.2/-49.4 dBFS] [38.2 dB] [1.1 ppm]
GROUND_Y (Ground station, On ground) -> AIRCRAFT (Aircraft): Command
AVLC type: I sseq: 3 rseq: 3 poll: 0
 X.25 Data: grp: 11 chan: 255 sseq: 1 rseq: 1 more: 0
  X.25 reasm status: skipped
  X.233 CLNP Data (compressed header):
   LRef: 0x40 Prio: 14 Flags: 0xf6
   Lifetime: 20.0 sec
   PDU Id: 0x2f5d
   IDRP Keepalive: seq: 39 ack: 1 credit_offered: 4 credit_avail: 3

[2025-08-25 20:42:24.452 CEST] [136.975] [-11.2/-49.3 dBFS] [38.1 dB] [0.9 ppm]
GROUND_Y (Ground station, On ground) -> AIRCRAFT (Aircraft): Command
AVLC type: I sseq: 4 rseq: 3 poll: 0
 X.25 Data: grp: 11 chan: 255 sseq: 2 rseq: 1 more: 0
  X.25 reasm status: skipped
  X.233 CLNP Data (compressed header):
   LRef: 0x40 Prio: 14 Flags: 0xf6
   Lifetime: 20.0 sec
   PDU Id: 0x2f60
   IDRP Update: seq: 39 ack: 1 credit_offered: 4 credit_avail: 2
    Route:
     ID: 5214
     Local preference: 0
    Security:
     Reg ID: 06 04 2b 1b 00 00
     Info:
      Supported ATSC classes: A
      Subnetwork type:
       Subnet: VDL
       Permitted traffic: all
    RD path:
     RD_SEQ:
      47 00 27 01 53 49 54 00 00 00 01 0b 47 00 27 01 53 49 54 00 59 55 4c	"G.'.SIT.....G.'.SIT.YUL"
      47 00 27 01 53 49 54 00 59 55 4c	"G.'.SIT.YUL"
    RD hop count: 2
    Capacity: 12
    Reachability info:
     Protocol: CLNP
     Prefix length: 32
     Dest. address prefix: 47 00 27 01 20 47 00 27 81	"G.'. G.'."

[2025-08-25 20:42:27.502 CEST] [136.975] [-7.4/-49.3 dBFS] [41.9 dB] [1.0 ppm]
GROUND_Y (Ground station, On ground) -> AIRCRAFT (Aircraft): Command
AVLC type: I sseq: 3 rseq: 3 poll: 0
 X.25 Data: grp: 11 chan: 255 sseq: 1 rseq: 1 more: 0
  X.25 reasm status: skipped
  X.233 CLNP Data (compressed header):
   LRef: 0x40 Prio: 14 Flags: 0xf6
   Lifetime: 20.0 sec
   PDU Id: 0x2f5d
   IDRP Keepalive: seq: 39 ack: 1 credit_offered: 4 credit_avail: 3

[2025-08-25 20:42:27.502 CEST] [136.975] [-7.4/-49.3 dBFS] [41.9 dB] [1.0 ppm]
GROUND_Y (Ground station, On ground) -> AIRCRAFT (Aircraft): Command
AVLC type: I sseq: 4 rseq: 3 poll: 0
 X.25 Data: grp: 11 chan: 255 sseq: 2 rseq: 1 more: 0
  X.25 reasm status: skipped
  X.233 CLNP Data (compressed header):
   LRef: 0x40 Prio: 14 Flags: 0xf6
   Lifetime: 20.0 sec
   PDU Id: 0x2f60
   IDRP Update: seq: 39 ack: 1 credit_offered: 4 credit_avail: 2
    Route:
     ID: 5214
     Local preference: 0
    Security:
     Reg ID: 06 04 2b 1b 00 00
     Info:
      Supported ATSC classes: A
      Subnetwork type:
       Subnet: VDL
       Permitted traffic: all
    RD path:
     RD_SEQ:
      47 00 27 01 53 49 54 00 00 00 01 0b 47 00 27 01 53 49 54 00 59 55 4c	"G.'.SIT.....G.'.SIT.YUL"
      47 00 27 01 53 49 54 00 59 55 4c	"G.'.SIT.YUL"
    RD hop count: 2
    Capacity: 12
    Reachability info:
     Protocol: CLNP
     Prefix length: 32
     Dest. address prefix: 47 00 27 01 20 47 00 27 81	"G.'. G.'."

[2025-08-25 20:42:31.921 CEST] [136.975] [-7.5/-49.5 dBFS] [42.0 dB] [0.9 ppm]
GROUND_Y (Ground station, On ground) -> AIRCRAFT (Aircraft): Command
AVLC type: I sseq: 3 rseq: 3 poll: 0
 X.25 Data: grp: 11 chan: 255 sseq: 1 rseq: 1 more: 0
  X.25 reasm status: skipped
  X.233 CLNP Data (compressed header):
   LRef: 0x40 Prio: 14 Flags: 0xf6
   Lifetime: 20.0 sec
   PDU Id: 0x2f5d
   IDRP Keepalive: seq: 39 ack: 1 credit_offered: 4 credit_avail: 3

[2025-08-25 20:42:31.921 CEST] [136.975] [-7.5/-49.5 dBFS] [42.0 dB] [0.9 ppm]
GROUND_Y (Ground station, On ground) -> AIRCRAFT (Aircraft): Command
AVLC type: I sseq: 4 rseq: 3 poll: 0
 X.25 Data: grp: 11 chan: 255 sseq: 2 rseq: 1 more: 0
  X.25 reasm status: skipped
  X.233 CLNP Data (compressed header):
   LRef: 0x40 Prio: 14 Flags: 0xf6
   Lifetime: 20.0 sec
   PDU Id: 0x2f60
   IDRP Update: seq: 39 ack: 1 credit_offered: 4 credit_avail: 2
    Route:
     ID: 5214
     Local preference: 0
    Security:
     Reg ID: 06 04 2b 1b 00 00
     Info:
      Supported ATSC classes: A
      Subnetwork type:
       Subnet: VDL
       Permitted traffic: all
    RD path:
     RD_SEQ:
      47 00 27 01 53 49 54 00 00 00 01 0b 47 00 27 01 53 49 54 00 59 55 4c	"G.'.SIT.....G.'.SIT.YUL"
      47 00 27 01 53 49 54 00 59 55 4c	"G.'.SIT.YUL"
    RD hop count: 2
    Capacity: 12
    Reachability info:
     Protocol: CLNP
     Prefix length: 32
     Dest. address prefix: 47 00 27 01 20 47 00 27 81	"G.'. G.'."



[2025-08-25 20:42:37.862 CEST] [136.975] [-7.5/-49.0 dBFS] [41.5 dB] [0.8 ppm]
GROUND_Y (Ground station, On ground) -> AIRCRAFT (Aircraft): Command
AVLC type: I sseq: 3 rseq: 3 poll: 0
 X.25 Data: grp: 11 chan: 255 sseq: 1 rseq: 1 more: 0
  X.25 reasm status: skipped
  X.233 CLNP Data (compressed header):
   LRef: 0x40 Prio: 14 Flags: 0xf6
   Lifetime: 20.0 sec
   PDU Id: 0x2f5d
   IDRP Keepalive: seq: 39 ack: 1 credit_offered: 4 credit_avail: 3

[2025-08-25 20:42:37.862 CEST] [136.975] [-7.5/-49.0 dBFS] [41.5 dB] [0.8 ppm]
GROUND_Y (Ground station, On ground) -> AIRCRAFT (Aircraft): Command
AVLC type: I sseq: 4 rseq: 3 poll: 0
 X.25 Data: grp: 11 chan: 255 sseq: 2 rseq: 1 more: 0
  X.25 reasm status: skipped
  X.233 CLNP Data (compressed header):
   LRef: 0x40 Prio: 14 Flags: 0xf6
   Lifetime: 20.0 sec
   PDU Id: 0x2f60
   IDRP Update: seq: 39 ack: 1 credit_offered: 4 credit_avail: 2
    Route:
     ID: 5214
     Local preference: 0
    Security:
     Reg ID: 06 04 2b 1b 00 00
     Info:
      Supported ATSC classes: A
      Subnetwork type:
       Subnet: VDL
       Permitted traffic: all
    RD path:
     RD_SEQ:
      47 00 27 01 53 49 54 00 00 00 01 0b 47 00 27 01 53 49 54 00 59 55 4c	"G.'.SIT.....G.'.SIT.YUL"
      47 00 27 01 53 49 54 00 59 55 4c	"G.'.SIT.YUL"
    RD hop count: 2
    Capacity: 12
    Reachability info:
     Protocol: CLNP
     Prefix length: 32
     Dest. address prefix: 47 00 27 01 20 47 00 27 81	"G.'. G.'."

[2025-08-25 20:42:39.236 CEST] [136.975] [-7.5/-49.0 dBFS] [41.5 dB] [1.2 ppm]
GROUND_Y (Ground station, On ground) -> AIRCRAFT (Aircraft): Command
AVLC type: I sseq: 5 rseq: 3 poll: 0
 X.25 Data: grp: 11 chan: 255 sseq: 3 rseq: 1 more: 0
  X.25 reasm status: skipped
  X.233 CLNP Data (compressed header):
   LRef: 0x40 Prio: 14 Flags: 0xf6
   Lifetime: 20.0 sec
   PDU Id: 0x2fc0
   IDRP Update: seq: 39 ack: 1 credit_offered: 4 credit_avail: 2
    Route:
     ID: 5214
     Local preference: 0
    Security:
     Reg ID: 06 04 2b 1b 00 00
     Info:
      Supported ATSC classes: A
      Subnetwork type:
       Subnet: VDL
       Permitted traffic: all
    RD path:
     RD_SEQ:
      47 00 27 01 53 49 54 00 00 00 01 0b 47 00 27 01 53 49 54 00 59 55 4c	"G.'.SIT.....G.'.SIT.YUL"
      47 00 27 01 53 49 54 00 59 55 4c	"G.'.SIT.YUL"
    RD hop count: 2
    Capacity: 12
    Reachability info:
     Protocol: CLNP
     Prefix length: 32
     Dest. address prefix: 47 00 27 01 20 47 00 27 81	"G.'. G.'."

[2025-08-25 20:42:43.653 CEST] [136.975] [-7.3/-48.9 dBFS] [41.6 dB] [1.0 ppm]
GROUND_Y (Ground station, On ground) -> AIRCRAFT (Aircraft): Command
AVLC type: I sseq: 3 rseq: 3 poll: 0
 X.25 Data: grp: 11 chan: 255 sseq: 1 rseq: 1 more: 0
  X.25 reasm status: skipped
  X.233 CLNP Data (compressed header):
   LRef: 0x40 Prio: 14 Flags: 0xf6
   Lifetime: 20.0 sec
   PDU Id: 0x2f5d
   IDRP Keepalive: seq: 39 ack: 1 credit_offered: 4 credit_avail: 3

[2025-08-25 20:42:43.653 CEST] [136.975] [-7.3/-48.9 dBFS] [41.6 dB] [1.0 ppm]
GROUND_Y (Ground station, On ground) -> AIRCRAFT (Aircraft): Command
AVLC type: I sseq: 4 rseq: 3 poll: 0
 X.25 Data: grp: 11 chan: 255 sseq: 2 rseq: 1 more: 0
  X.25 reasm status: skipped
  X.233 CLNP Data (compressed header):
   LRef: 0x40 Prio: 14 Flags: 0xf6
   Lifetime: 20.0 sec
   PDU Id: 0x2f60
   IDRP Update: seq: 39 ack: 1 credit_offered: 4 credit_avail: 2
    Route:
     ID: 5214
     Local preference: 0
    Security:
     Reg ID: 06 04 2b 1b 00 00
     Info:
      Supported ATSC classes: A
      Subnetwork type:
       Subnet: VDL
       Permitted traffic: all
    RD path:
     RD_SEQ:
      47 00 27 01 53 49 54 00 00 00 01 0b 47 00 27 01 53 49 54 00 59 55 4c	"G.'.SIT.....G.'.SIT.YUL"
      47 00 27 01 53 49 54 00 59 55 4c	"G.'.SIT.YUL"
    RD hop count: 2
    Capacity: 12
    Reachability info:
     Protocol: CLNP
     Prefix length: 32
     Dest. address prefix: 47 00 27 01 20 47 00 27 81	"G.'. G.'."

[2025-08-25 20:42:43.653 CEST] [136.975] [-7.3/-48.9 dBFS] [41.6 dB] [1.0 ppm]
GROUND_Y (Ground station, On ground) -> AIRCRAFT (Aircraft): Command
AVLC type: I sseq: 5 rseq: 3 poll: 0
 X.25 Data: grp: 11 chan: 255 sseq: 3 rseq: 1 more: 0
  X.25 reasm status: skipped
  X.233 CLNP Data (compressed header):
   LRef: 0x40 Prio: 14 Flags: 0xf6
   Lifetime: 20.0 sec
   PDU Id: 0x2fc0
   IDRP Update: seq: 39 ack: 1 credit_offered: 4 credit_avail: 2
    Route:
     ID: 5214
     Local preference: 0
    Security:
     Reg ID: 06 04 2b 1b 00 00
     Info:
      Supported ATSC classes: A
      Subnetwork type:
       Subnet: VDL
       Permitted traffic: all
    RD path:
     RD_SEQ:
      47 00 27 01 53 49 54 00 00 00 01 0b 47 00 27 01 53 49 54 00 59 55 4c	"G.'.SIT.....G.'.SIT.YUL"
      47 00 27 01 53 49 54 00 59 55 4c	"G.'.SIT.YUL"
    RD hop count: 2
    Capacity: 12
    Reachability info:
     Protocol: CLNP
     Prefix length: 32
     Dest. address prefix: 47 00 27 01 20 47 00 27 81	"G.'. G.'."

[2025-08-25 20:42:51.882 CEST] [136.975] [-7.4/-49.4 dBFS] [42.0 dB] [1.0 ppm]
GROUND_Y (Ground station, On ground) -> AIRCRAFT (Aircraft): Command
AVLC type: I sseq: 3 rseq: 3 poll: 0
 X.25 Data: grp: 11 chan: 255 sseq: 1 rseq: 1 more: 0
  X.25 reasm status: skipped
  X.233 CLNP Data (compressed header):
   LRef: 0x40 Prio: 14 Flags: 0xf6
   Lifetime: 20.0 sec
   PDU Id: 0x2f5d
   IDRP Keepalive: seq: 39 ack: 1 credit_offered: 4 credit_avail: 3

[2025-08-25 20:42:51.882 CEST] [136.975] [-7.4/-49.4 dBFS] [42.0 dB] [1.0 ppm]
GROUND_Y (Ground station, On ground) -> AIRCRAFT (Aircraft): Command
AVLC type: I sseq: 4 rseq: 3 poll: 0
 X.25 Data: grp: 11 chan: 255 sseq: 2 rseq: 1 more: 0
  X.25 reasm status: skipped
  X.233 CLNP Data (compressed header):
   LRef: 0x40 Prio: 14 Flags: 0xf6
   Lifetime: 20.0 sec
   PDU Id: 0x2f60
   IDRP Update: seq: 39 ack: 1 credit_offered: 4 credit_avail: 2
    Route:
     ID: 5214
     Local preference: 0
    Security:
     Reg ID: 06 04 2b 1b 00 00
     Info:
      Supported ATSC classes: A
      Subnetwork type:
       Subnet: VDL
       Permitted traffic: all
    RD path:
     RD_SEQ:
      47 00 27 01 53 49 54 00 00 00 01 0b 47 00 27 01 53 49 54 00 59 55 4c	"G.'.SIT.....G.'.SIT.YUL"
      47 00 27 01 53 49 54 00 59 55 4c	"G.'.SIT.YUL"
    RD hop count: 2
    Capacity: 12
    Reachability info:
     Protocol: CLNP
     Prefix length: 32
     Dest. address prefix: 47 00 27 01 20 47 00 27 81	"G.'. G.'."

[2025-08-25 20:42:51.882 CEST] [136.975] [-7.4/-49.4 dBFS] [42.0 dB] [1.0 ppm]
GROUND_Y (Ground station, On ground) -> AIRCRAFT (Aircraft): Command
AVLC type: I sseq: 5 rseq: 3 poll: 0
 X.25 Data: grp: 11 chan: 255 sseq: 3 rseq: 1 more: 0
  X.25 reasm status: skipped
  X.233 CLNP Data (compressed header):
   LRef: 0x40 Prio: 14 Flags: 0xf6
   Lifetime: 20.0 sec
   PDU Id: 0x2fc0
   IDRP Update: seq: 39 ack: 1 credit_offered: 4 credit_avail: 2
    Route:
     ID: 5214
     Local preference: 0
    Security:
     Reg ID: 06 04 2b 1b 00 00
     Info:
      Supported ATSC classes: A
      Subnetwork type:
       Subnet: VDL
       Permitted traffic: all
    RD path:
     RD_SEQ:
      47 00 27 01 53 49 54 00 00 00 01 0b 47 00 27 01 53 49 54 00 59 55 4c	"G.'.SIT.....G.'.SIT.YUL"
      47 00 27 01 53 49 54 00 59 55 4c	"G.'.SIT.YUL"
    RD hop count: 2
    Capacity: 12
    Reachability info:
     Protocol: CLNP
     Prefix length: 32
     Dest. address prefix: 47 00 27 01 20 47 00 27 81	"G.'. G.'."

[2025-08-25 20:42:54.320 CEST] [136.975] [-7.4/-49.5 dBFS] [42.0 dB] [0.9 ppm]
GROUND_Y (Ground station, On ground) -> AIRCRAFT (Aircraft): Command
AVLC type: I sseq: 6 rseq: 3 poll: 1
 X.25 Data: grp: 11 chan: 255 sseq: 4 rseq: 1 more: 0
  X.25 reasm status: skipped
  X.233 CLNP Data (compressed header):
   LRef: 0x40 Prio: 14 Flags: 0xf6
   Lifetime: 20.0 sec
   PDU Id: 0x3023
   IDRP Update: seq: 39 ack: 1 credit_offered: 4 credit_avail: 2
    Route:
     ID: 5214
     Local preference: 0
    Security:
     Reg ID: 06 04 2b 1b 00 00
     Info:
      Supported ATSC classes: A
      Subnetwork type:
       Subnet: VDL
       Permitted traffic: all
    RD path:
     RD_SEQ:
      47 00 27 01 53 49 54 00 00 00 01 0b 47 00 27 01 53 49 54 00 59 55 4c	"G.'.SIT.....G.'.SIT.YUL"
      47 00 27 01 53 49 54 00 59 55 4c	"G.'.SIT.YUL"
    RD hop count: 2
    Capacity: 12
    Reachability info:
     Protocol: CLNP
     Prefix length: 32
     Dest. address prefix: 47 00 27 01 20 47 00 27 81	"G.'. G.'."



[2025-08-25 20:43:19.160 CEST] [136.975] [-9.7/-49.4 dBFS] [39.7 dB] [1.1 ppm]
GROUND_X (Ground station, On ground) -> FFFFFF (Aircraft): Command
AVLC type: U (XID) P/F: 0
 XID: Ground Station Information Frame
  Public params:
   Parameter set ID: 8885:1993
   Procedure classes: 00 01
   HDLC options: 20 a4 88
  VDL params:
   Parameter set ID: V
   AVLC specific options: 64
   Frequency support list:
    Ground station: xxxxxx
     Frequency: 136.875 MHz (VDL-M2, D8PSK, 31500 bps)
    Ground station: xxxxxx
     Frequency: 136.875 MHz (VDL-M2, D8PSK, 31500 bps)
   Timer T4: 00 02
   Airport coverage: xxxx
   ATN router NETs: 53 49 54 00 00 01	"SIT..."
   System mask: 200000
   Ground station location: xN yE

[2025-08-25 20:43:19.618 CEST] [136.975] [-9.8/-48.9 dBFS] [39.1 dB] [1.1 ppm]
GROUND_X (Ground station, On ground) -> AIRCRAFT (Aircraft): Response
AVLC type: U (XID) P/F: 1
 XID: Link Establishment Response
  Public params:
   Parameter set ID: 8885:1993
   Procedure classes: 00 01
   HDLC options: 20 a4 88
  VDL params:
   Parameter set ID: V
   Connection management: 00
   XID sequencing: seq: 7 retry: 0
   AVLC specific options: 64
   Airport coverage: xxxx
   ATN router NETs: 53 49 54 00 00 01	"SIT..."
   System mask: 200000
   Ground station location: xN yE

[2025-08-25 20:43:19.768 CEST] [136.975] [1.8/-49.0 dBFS] [50.9 dB] [0.1 ppm]
AIRCRAFT (Aircraft, On ground) -> GROUND_X (Ground station): Command
AVLC type: I sseq: 0 rseq: 0 poll: 0
 ACARS:
  Reassembly: skipped
  Reg: ..CPDLC Flight: HB0000
  Mode: 2 Label: Q0 Blk id: 5 More: 0 Ack: ! Msg num: M14A

[2025-08-25 20:43:20.227 CEST] [136.975] [-13.6/-49.2 dBFS] [35.6 dB] [1.2 ppm]
GROUND_X (Ground station, On ground) -> AIRCRAFT (Aircraft): Command
AVLC type: I sseq: 0 rseq: 1 poll: 0
 ACARS:
  Reassembly: skipped
  Reg: ..CPDLC
  Mode: 2 Label: _d Blk id: A More: 0 Ack: 5

[2025-08-25 20:43:20.530 CEST] [136.975] [1.8/-49.4 dBFS] [51.2 dB] [0.0 ppm]
AIRCRAFT (Aircraft, On ground) -> GROUND_X (Ground station): Command
AVLC type: I sseq: 1 rseq: 1 poll: 0
 X.25 Call Request: grp: 11 chan: 255 src: 22677777 dst: none
  Facilities:
   Fast Select: requested
   Called address extension: 8c 53 49 54 00 00 01	".SIT..."
  Compression support: LREF, LREF-CAN
  M/I: 0
  ES-IS IS Hello: Hold Time: 30 sec
   NET: 47 00 27 c1 53 55 49 00 xx xx xx 01 01 55 4c 38 30 58 31 00	"G.'.SUI.K....UL80X1."

[2025-08-25 20:43:20.835 CEST] [136.975] [-13.5/-49.1 dBFS] [35.6 dB] [1.1 ppm]
GROUND_X (Ground station, On ground) -> AIRCRAFT (Aircraft): Command
AVLC type: I sseq: 1 rseq: 2 poll: 0
 X.25 Call Accepted: grp: 11 chan: 255 src: 22677777 dst: 1116900402899
  Facilities:
   Max. packet size:
    From calling DTE: 256 bytes
    From called  DTE: 256 bytes
   Window size:
    From calling DTE: 4 packets
    From called  DTE: 4 packets
   Called line address modified: 0f
  Compression support: LREF, LREF-CAN
  M/I: 0
  ES-IS IS Hello: Hold Time: 65534 sec
   NET: 47 00 27 01 53 49 54 00 59 55 4c 00 01 08 00 20 ff ba 45 00	"G.'.SIT.YUL.... ..E."
   Options:
    ATN Data Link Capabilities: 01
    Mobile Subnetwork Capabilities:
     Permitted traffic: all
     Supported ATSC classes: A

[2025-08-25 20:43:20.837 CEST] [136.975] [-13.6/-49.3 dBFS] [35.8 dB] [1.2 ppm]
GROUND_X (Ground station, On ground) -> AIRCRAFT (Aircraft): Command
AVLC type: I sseq: 2 rseq: 2 poll: 0
 X.25 Data: grp: 11 chan: 255 sseq: 0 rseq: 0 more: 0
  X.25 reasm status: skipped
  X.233 CLNP Data:
   Src NSAP: 47 00 27 01 53 49 54 00 59 55 4c 00 01 08 00 20 ff ba 45 00	"G.'.SIT.YUL.... ..E."
   Dst NSAP: 47 00 27 c1 53 55 49 00 xx xx xx 01 01 55 4c 38 30 58 31 00	"G.'.SUI.K....UL80X1."
   Lifetime: 20.0 sec
   Flags: SP E/R
   Segmentation:
    PDU Id: 0x30c7
    Segment offset: 0
    PDU total length: 140
    CLNP reasm status: skipped
   Options:
    LRef: 0x40
    QoS maintenance: 0xd6
    Security:
     Reg ID: 06 04 2b 1b 00 00
     Info:
      Traffic type:
       Type: ATN system management
       Category: none
       Route policy: 0x00
    Priority: 0x0e
   IDRP Open: seq: 41 ack: 1 credit_offered: 4 credit_avail: 0
    Hold Time: 900 seconds
    Max. PDU size: 3000 octets
    Source RDI: 47 00 27 01 53 49 54 00 59 55 4c	"G.'.SIT.YUL"
    RIB Attribute Set:
     RibAtt #0:
      Security:
       Reg ID: 06 04 2b 1b 00 00
    Auth mechanism: simple checksum

[2025-08-25 20:43:21.598 CEST] [136.975] [-13.5/-49.4 dBFS] [35.9 dB] [1.1 ppm]
GROUND_X (Ground station, On ground) -> AIRCRAFT (Aircraft): Command
AVLC type: I sseq: 3 rseq: 3 poll: 0
 X.25 Data: grp: 11 chan: 255 sseq: 1 rseq: 1 more: 0
  X.25 reasm status: skipped
  X.233 CLNP Data (compressed header):
   LRef: 0x40 Prio: 14 Flags: 0xf6
   Lifetime: 20.0 sec
   PDU Id: 0x30d2
   IDRP Keepalive: seq: 42 ack: 1 credit_offered: 4 credit_avail: 3

[2025-08-25 20:43:21.599 CEST] [136.975] [-13.5/-49.2 dBFS] [35.7 dB] [1.0 ppm]
GROUND_X (Ground station, On ground) -> AIRCRAFT (Aircraft): Command
AVLC type: I sseq: 4 rseq: 3 poll: 0
 X.25 Data: grp: 11 chan: 255 sseq: 2 rseq: 1 more: 0
  X.25 reasm status: skipped
  X.233 CLNP Data (compressed header):
   LRef: 0x40 Prio: 14 Flags: 0xf6
   Lifetime: 20.0 sec
   PDU Id: 0x30d3
   IDRP Update: seq: 42 ack: 1 credit_offered: 4 credit_avail: 2
    Route:
     ID: 5215
     Local preference: 0
    Security:
     Reg ID: 06 04 2b 1b 00 00
     Info:
      Supported ATSC classes: A
      Subnetwork type:
       Subnet: VDL
       Permitted traffic: all
    RD path:
     RD_SEQ:
      47 00 27 01 53 49 54 00 00 00 01 0b 47 00 27 01 53 49 54 00 59 55 4c	"G.'.SIT.....G.'.SIT.YUL"
      47 00 27 01 53 49 54 00 59 55 4c	"G.'.SIT.YUL"
    RD hop count: 2
    Capacity: 12
    Reachability info:
     Protocol: CLNP
     Prefix length: 32
     Dest. address prefix: 47 00 27 01 20 47 00 27 81	"G.'. G.'."

[2025-08-25 20:43:21.749 CEST] [136.975] [-16.3/-49.0 dBFS] [32.7 dB] [2.5 ppm]
GROUND_X (Ground station, On ground) -> FFFFFF (Aircraft): Command
AVLC type: U (DISC) P/F: 0

[2025-08-25 20:43:26.015 CEST] [136.975] [-9.8/-49.5 dBFS] [39.7 dB] [1.0 ppm]
GROUND_X (Ground station, On ground) -> AIRCRAFT (Aircraft): Command
AVLC type: I sseq: 3 rseq: 3 poll: 0
 X.25 Data: grp: 11 chan: 255 sseq: 1 rseq: 1 more: 0
  X.25 reasm status: skipped
  X.233 CLNP Data (compressed header):
   LRef: 0x40 Prio: 14 Flags: 0xf6
   Lifetime: 20.0 sec
   PDU Id: 0x30d2
   IDRP Keepalive: seq: 42 ack: 1 credit_offered: 4 credit_avail: 3

[2025-08-25 20:43:26.015 CEST] [136.975] [-9.8/-49.5 dBFS] [39.7 dB] [1.0 ppm]
GROUND_X (Ground station, On ground) -> AIRCRAFT (Aircraft): Command
AVLC type: I sseq: 4 rseq: 3 poll: 0
 X.25 Data: grp: 11 chan: 255 sseq: 2 rseq: 1 more: 0
  X.25 reasm status: skipped
  X.233 CLNP Data (compressed header):
   LRef: 0x40 Prio: 14 Flags: 0xf6
   Lifetime: 20.0 sec
   PDU Id: 0x30d3
   IDRP Update: seq: 42 ack: 1 credit_offered: 4 credit_avail: 2
    Route:
     ID: 5215
     Local preference: 0
    Security:
     Reg ID: 06 04 2b 1b 00 00
     Info:
      Supported ATSC classes: A
      Subnetwork type:
       Subnet: VDL
       Permitted traffic: all
    RD path:
     RD_SEQ:
      47 00 27 01 53 49 54 00 00 00 01 0b 47 00 27 01 53 49 54 00 59 55 4c	"G.'.SIT.....G.'.SIT.YUL"
      47 00 27 01 53 49 54 00 59 55 4c	"G.'.SIT.YUL"
    RD hop count: 2
    Capacity: 12
    Reachability info:
     Protocol: CLNP
     Prefix length: 32
     Dest. address prefix: 47 00 27 01 20 47 00 27 81	"G.'. G.'."

[2025-08-25 20:43:29.825 CEST] [136.975] [-9.8/-48.9 dBFS] [39.1 dB] [1.2 ppm]
GROUND_X (Ground station, On ground) -> AIRCRAFT (Aircraft): Command
AVLC type: I sseq: 3 rseq: 3 poll: 0
 X.25 Data: grp: 11 chan: 255 sseq: 1 rseq: 1 more: 0
  X.25 reasm status: skipped
  X.233 CLNP Data (compressed header):
   LRef: 0x40 Prio: 14 Flags: 0xf6
   Lifetime: 20.0 sec
   PDU Id: 0x30d2
   IDRP Keepalive: seq: 42 ack: 1 credit_offered: 4 credit_avail: 3

[2025-08-25 20:43:29.825 CEST] [136.975] [-9.8/-48.9 dBFS] [39.1 dB] [1.2 ppm]
GROUND_X (Ground station, On ground) -> AIRCRAFT (Aircraft): Command
AVLC type: I sseq: 4 rseq: 3 poll: 0
 X.25 Data: grp: 11 chan: 255 sseq: 2 rseq: 1 more: 0
  X.25 reasm status: skipped
  X.233 CLNP Data (compressed header):
   LRef: 0x40 Prio: 14 Flags: 0xf6
   Lifetime: 20.0 sec
   PDU Id: 0x30d3
   IDRP Update: seq: 42 ack: 1 credit_offered: 4 credit_avail: 2
    Route:
     ID: 5215
     Local preference: 0
    Security:
     Reg ID: 06 04 2b 1b 00 00
     Info:
      Supported ATSC classes: A
      Subnetwork type:
       Subnet: VDL
       Permitted traffic: all
    RD path:
     RD_SEQ:
      47 00 27 01 53 49 54 00 00 00 01 0b 47 00 27 01 53 49 54 00 59 55 4c	"G.'.SIT.....G.'.SIT.YUL"
      47 00 27 01 53 49 54 00 59 55 4c	"G.'.SIT.YUL"
    RD hop count: 2
    Capacity: 12
    Reachability info:
     Protocol: CLNP
     Prefix length: 32
     Dest. address prefix: 47 00 27 01 20 47 00 27 81	"G.'. G.'."

[2025-08-25 20:43:35.007 CEST] [136.975] [-9.8/-49.1 dBFS] [39.3 dB] [1.1 ppm]
GROUND_X (Ground station, On ground) -> AIRCRAFT (Aircraft): Command
AVLC type: I sseq: 3 rseq: 3 poll: 0
 X.25 Data: grp: 11 chan: 255 sseq: 1 rseq: 1 more: 0
  X.25 reasm status: skipped
  X.233 CLNP Data (compressed header):
   LRef: 0x40 Prio: 14 Flags: 0xf6
   Lifetime: 20.0 sec
   PDU Id: 0x30d2
   IDRP Keepalive: seq: 42 ack: 1 credit_offered: 4 credit_avail: 3

[2025-08-25 20:43:35.007 CEST] [136.975] [-9.8/-49.1 dBFS] [39.3 dB] [1.1 ppm]
GROUND_X (Ground station, On ground) -> AIRCRAFT (Aircraft): Command
AVLC type: I sseq: 4 rseq: 3 poll: 0
 X.25 Data: grp: 11 chan: 255 sseq: 2 rseq: 1 more: 0
  X.25 reasm status: skipped
  X.233 CLNP Data (compressed header):
   LRef: 0x40 Prio: 14 Flags: 0xf6
   Lifetime: 20.0 sec
   PDU Id: 0x30d3
   IDRP Update: seq: 42 ack: 1 credit_offered: 4 credit_avail: 2
    Route:
     ID: 5215
     Local preference: 0
    Security:
     Reg ID: 06 04 2b 1b 00 00
     Info:
      Supported ATSC classes: A
      Subnetwork type:
       Subnet: VDL
       Permitted traffic: all
    RD path:
     RD_SEQ:
      47 00 27 01 53 49 54 00 00 00 01 0b 47 00 27 01 53 49 54 00 59 55 4c	"G.'.SIT.....G.'.SIT.YUL"
      47 00 27 01 53 49 54 00 59 55 4c	"G.'.SIT.YUL"
    RD hop count: 2
    Capacity: 12
    Reachability info:
     Protocol: CLNP
     Prefix length: 32
     Dest. address prefix: 47 00 27 01 20 47 00 27 81	"G.'. G.'."

[2025-08-25 20:43:36.531 CEST] [136.975] [-9.8/-49.0 dBFS] [39.1 dB] [0.9 ppm]
GROUND_X (Ground station, On ground) -> AIRCRAFT (Aircraft): Command
AVLC type: I sseq: 5 rseq: 3 poll: 0
 X.25 Data: grp: 11 chan: 255 sseq: 3 rseq: 1 more: 0
  X.25 reasm status: skipped
  X.233 CLNP Data (compressed header):
   LRef: 0x40 Prio: 14 Flags: 0xf6
   Lifetime: 20.0 sec
   PDU Id: 0x3140
   IDRP Update: seq: 42 ack: 1 credit_offered: 4 credit_avail: 2
    Route:
     ID: 5215
     Local preference: 0
    Security:
     Reg ID: 06 04 2b 1b 00 00
     Info:
      Supported ATSC classes: A
      Subnetwork type:
       Subnet: VDL
       Permitted traffic: all
    RD path:
     RD_SEQ:
      47 00 27 01 53 49 54 00 00 00 01 0b 47 00 27 01 53 49 54 00 59 55 4c	"G.'.SIT.....G.'.SIT.YUL"
      47 00 27 01 53 49 54 00 59 55 4c	"G.'.SIT.YUL"
    RD hop count: 2
    Capacity: 12
    Reachability info:
     Protocol: CLNP
     Prefix length: 32
     Dest. address prefix: 47 00 27 01 20 47 00 27 81	"G.'. G.'."

[2025-08-25 20:43:42.626 CEST] [136.975] [-9.8/-49.4 dBFS] [39.7 dB] [1.2 ppm]
GROUND_X (Ground station, On ground) -> AIRCRAFT (Aircraft): Command
AVLC type: I sseq: 3 rseq: 3 poll: 0
 X.25 Data: grp: 11 chan: 255 sseq: 1 rseq: 1 more: 0
  X.25 reasm status: skipped
  X.233 CLNP Data (compressed header):
   LRef: 0x40 Prio: 14 Flags: 0xf6
   Lifetime: 20.0 sec
   PDU Id: 0x30d2
   IDRP Keepalive: seq: 42 ack: 1 credit_offered: 4 credit_avail: 3

[2025-08-25 20:43:42.626 CEST] [136.975] [-9.8/-49.4 dBFS] [39.7 dB] [1.2 ppm]
GROUND_X (Ground station, On ground) -> AIRCRAFT (Aircraft): Command
AVLC type: I sseq: 4 rseq: 3 poll: 0
 X.25 Data: grp: 11 chan: 255 sseq: 2 rseq: 1 more: 0
  X.25 reasm status: skipped
  X.233 CLNP Data (compressed header):
   LRef: 0x40 Prio: 14 Flags: 0xf6
   Lifetime: 20.0 sec
   PDU Id: 0x30d3
   IDRP Update: seq: 42 ack: 1 credit_offered: 4 credit_avail: 2
    Route:
     ID: 5215
     Local preference: 0
    Security:
     Reg ID: 06 04 2b 1b 00 00
     Info:
      Supported ATSC classes: A
      Subnetwork type:
       Subnet: VDL
       Permitted traffic: all
    RD path:
     RD_SEQ:
      47 00 27 01 53 49 54 00 00 00 01 0b 47 00 27 01 53 49 54 00 59 55 4c	"G.'.SIT.....G.'.SIT.YUL"
      47 00 27 01 53 49 54 00 59 55 4c	"G.'.SIT.YUL"
    RD hop count: 2
    Capacity: 12
    Reachability info:
     Protocol: CLNP
     Prefix length: 32
     Dest. address prefix: 47 00 27 01 20 47 00 27 81	"G.'. G.'."

[2025-08-25 20:43:42.626 CEST] [136.975] [-9.8/-49.4 dBFS] [39.7 dB] [1.2 ppm]
GROUND_X (Ground station, On ground) -> AIRCRAFT (Aircraft): Command
AVLC type: I sseq: 5 rseq: 3 poll: 0
 X.25 Data: grp: 11 chan: 255 sseq: 3 rseq: 1 more: 0
  X.25 reasm status: skipped
  X.233 CLNP Data (compressed header):
   LRef: 0x40 Prio: 14 Flags: 0xf6
   Lifetime: 20.0 sec
   PDU Id: 0x3140
   IDRP Update: seq: 42 ack: 1 credit_offered: 4 credit_avail: 2
    Route:
     ID: 5215
     Local preference: 0
    Security:
     Reg ID: 06 04 2b 1b 00 00
     Info:
      Supported ATSC classes: A
      Subnetwork type:
       Subnet: VDL
       Permitted traffic: all
    RD path:
     RD_SEQ:
      47 00 27 01 53 49 54 00 00 00 01 0b 47 00 27 01 53 49 54 00 59 55 4c	"G.'.SIT.....G.'.SIT.YUL"
      47 00 27 01 53 49 54 00 59 55 4c	"G.'.SIT.YUL"
    RD hop count: 2
    Capacity: 12
    Reachability info:
     Protocol: CLNP
     Prefix length: 32
     Dest. address prefix: 47 00 27 01 20 47 00 27 81	"G.'. G.'."

[2025-08-25 20:43:49.940 CEST] [136.975] [-9.7/-49.3 dBFS] [39.6 dB] [0.9 ppm]
GROUND_X (Ground station, On ground) -> AIRCRAFT (Aircraft): Command
AVLC type: I sseq: 3 rseq: 3 poll: 0
 X.25 Data: grp: 11 chan: 255 sseq: 1 rseq: 1 more: 0
  X.25 reasm status: skipped
  X.233 CLNP Data (compressed header):
   LRef: 0x40 Prio: 14 Flags: 0xf6
   Lifetime: 20.0 sec
   PDU Id: 0x30d2
   IDRP Keepalive: seq: 42 ack: 1 credit_offered: 4 credit_avail: 3

[2025-08-25 20:43:49.940 CEST] [136.975] [-9.7/-49.3 dBFS] [39.6 dB] [0.9 ppm]
GROUND_X (Ground station, On ground) -> AIRCRAFT (Aircraft): Command
AVLC type: I sseq: 4 rseq: 3 poll: 0
 X.25 Data: grp: 11 chan: 255 sseq: 2 rseq: 1 more: 0
  X.25 reasm status: skipped
  X.233 CLNP Data (compressed header):
   LRef: 0x40 Prio: 14 Flags: 0xf6
   Lifetime: 20.0 sec
   PDU Id: 0x30d3
   IDRP Update: seq: 42 ack: 1 credit_offered: 4 credit_avail: 2
    Route:
     ID: 5215
     Local preference: 0
    Security:
     Reg ID: 06 04 2b 1b 00 00
     Info:
      Supported ATSC classes: A
      Subnetwork type:
       Subnet: VDL
       Permitted traffic: all
    RD path:
     RD_SEQ:
      47 00 27 01 53 49 54 00 00 00 01 0b 47 00 27 01 53 49 54 00 59 55 4c	"G.'.SIT.....G.'.SIT.YUL"
      47 00 27 01 53 49 54 00 59 55 4c	"G.'.SIT.YUL"
    RD hop count: 2
    Capacity: 12
    Reachability info:
     Protocol: CLNP
     Prefix length: 32
     Dest. address prefix: 47 00 27 01 20 47 00 27 81	"G.'. G.'."

[2025-08-25 20:43:49.940 CEST] [136.975] [-9.7/-49.3 dBFS] [39.6 dB] [0.9 ppm]
GROUND_X (Ground station, On ground) -> AIRCRAFT (Aircraft): Command
AVLC type: I sseq: 5 rseq: 3 poll: 0
 X.25 Data: grp: 11 chan: 255 sseq: 3 rseq: 1 more: 0
  X.25 reasm status: skipped
  X.233 CLNP Data (compressed header):
   LRef: 0x40 Prio: 14 Flags: 0xf6
   Lifetime: 20.0 sec
   PDU Id: 0x3140
   IDRP Update: seq: 42 ack: 1 credit_offered: 4 credit_avail: 2
    Route:
     ID: 5215
     Local preference: 0
    Security:
     Reg ID: 06 04 2b 1b 00 00
     Info:
      Supported ATSC classes: A
      Subnetwork type:
       Subnet: VDL
       Permitted traffic: all
    RD path:
     RD_SEQ:
      47 00 27 01 53 49 54 00 00 00 01 0b 47 00 27 01 53 49 54 00 59 55 4c	"G.'.SIT.....G.'.SIT.YUL"
      47 00 27 01 53 49 54 00 59 55 4c	"G.'.SIT.YUL"
    RD hop count: 2
    Capacity: 12
    Reachability info:
     Protocol: CLNP
     Prefix length: 32
     Dest. address prefix: 47 00 27 01 20 47 00 27 81	"G.'. G.'."

[2025-08-25 20:43:51.466 CEST] [136.975] [-9.7/-48.9 dBFS] [39.1 dB] [0.9 ppm]
GROUND_X (Ground station, On ground) -> AIRCRAFT (Aircraft): Command
AVLC type: I sseq: 6 rseq: 3 poll: 1
 X.25 Data: grp: 11 chan: 255 sseq: 4 rseq: 1 more: 0
  X.25 reasm status: skipped
  X.233 CLNP Data (compressed header):
   LRef: 0x40 Prio: 14 Flags: 0xf6
   Lifetime: 20.0 sec
   PDU Id: 0x31b2
   IDRP Update: seq: 42 ack: 1 credit_offered: 4 credit_avail: 2
    Route:
     ID: 5215
     Local preference: 0
    Security:
     Reg ID: 06 04 2b 1b 00 00
     Info:
      Supported ATSC classes: A
      Subnetwork type:
       Subnet: VDL
       Permitted traffic: all
    RD path:
     RD_SEQ:
      47 00 27 01 53 49 54 00 00 00 01 0b 47 00 27 01 53 49 54 00 59 55 4c	"G.'.SIT.....G.'.SIT.YUL"
      47 00 27 01 53 49 54 00 59 55 4c	"G.'.SIT.YUL"
    RD hop count: 2
    Capacity: 12
    Reachability info:
     Protocol: CLNP
     Prefix length: 32
     Dest. address prefix: 47 00 27 01 20 47 00 27 81	"G.'. G.'."



[2025-08-25 20:44:30.626 CEST] [136.975] [-7.3/-49.2 dBFS] [42.0 dB] [1.1 ppm]
GROUND_Y (Ground station, On ground) -> FFFFFF (Aircraft): Command
AVLC type: U (XID) P/F: 0
 XID: Ground Station Information Frame
  Public params:
   Parameter set ID: 8885:1993
   Procedure classes: 00 01
   HDLC options: 20 a4 88
  VDL params:
   Parameter set ID: V
   AVLC specific options: 64
   Frequency support list:
    Ground station: xxxxxx
     Frequency: 136.875 MHz (VDL-M2, D8PSK, 31500 bps)
    Ground station: xxxxxx
     Frequency: 136.875 MHz (VDL-M2, D8PSK, 31500 bps)
   Timer T4: 00 02
   Airport coverage: xxxx
   ATN router NETs: 53 49 54 00 00 01	"SIT..."
   System mask: 200000
   Ground station location: xN yE

[2025-08-25 20:44:30.627 CEST] [136.975] [1.8/-49.2 dBFS] [51.0 dB] [0.2 ppm]
AIRCRAFT (Aircraft, On ground) -> GROUND_Y (Ground station): Command
AVLC type: U (XID) P/F: 1
 XID: Link Establishment
  Public params:
   Parameter set ID: 8885:1993
   HDLC options: 20 84 80
   Procedure classes: 00 01
  VDL params:
   Parameter set ID: V
   Connection management: 00
   XID sequencing: seq: 0 retry: 0
   AVLC specific options: 64
   Modulation support: VDL-M2, D8PSK, 31500 bps
   Aircraft location: xN yE 0 ft

[2025-08-25 20:44:30.779 CEST] [136.975] [-7.4/-49.1 dBFS] [41.8 dB] [0.9 ppm]
GROUND_Y (Ground station, On ground) -> AIRCRAFT (Aircraft): Response
AVLC type: U (XID) P/F: 1
 XID: Link Establishment Response
  Public params:
   Parameter set ID: 8885:1993
   Procedure classes: 00 01
   HDLC options: 20 a4 88
  VDL params:
   Parameter set ID: V
   Connection management: 00
   XID sequencing: seq: 0 retry: 0
   AVLC specific options: 64
   Airport coverage: xxxx
   ATN router NETs: 53 49 54 00 00 01	"SIT..."
   System mask: 200000
   Ground station location: xN yE

[2025-08-25 20:44:30.780 CEST] [136.975] [1.9/-49.3 dBFS] [51.2 dB] [0.3 ppm]
AIRCRAFT (Aircraft, On ground) -> GROUND_Y (Ground station): Command
AVLC type: I sseq: 0 rseq: 0 poll: 0
 ACARS:
  Reassembly: skipped
  Reg: ..CPDLC Flight: HB0000
  Mode: 2 Label: Q0 Blk id: 6 More: 0 Ack: ! Msg num: M15A

[2025-08-25 20:44:31.085 CEST] [136.975] [-11.3/-49.4 dBFS] [38.1 dB] [1.2 ppm]
GROUND_Y (Ground station, On ground) -> AIRCRAFT (Aircraft): Command
AVLC type: I sseq: 0 rseq: 1 poll: 0
 ACARS:
  Reassembly: skipped
  Reg: ..CPDLC
  Mode: 2 Label: _d Blk id: A More: 0 Ack: 6

[2025-08-25 20:44:31.691 CEST] [136.975] [-11.1/-49.3 dBFS] [38.2 dB] [1.2 ppm]
GROUND_Y (Ground station, On ground) -> AIRCRAFT (Aircraft): Command
AVLC type: I sseq: 1 rseq: 2 poll: 0
 X.25 Call Accepted: grp: 11 chan: 255 src: 22677777 dst: 1116900402899
  Facilities:
   Max. packet size:
    From calling DTE: 256 bytes
    From called  DTE: 256 bytes
   Window size:
    From calling DTE: 4 packets
    From called  DTE: 4 packets
   Called line address modified: 0f
  Compression support: LREF, LREF-CAN
  M/I: 0
  ES-IS IS Hello: Hold Time: 65534 sec
   NET: 47 00 27 01 53 49 54 00 59 55 4c 00 01 08 00 20 ff ba 45 00	"G.'.SIT.YUL.... ..E."
   Options:
    ATN Data Link Capabilities: 01
    Mobile Subnetwork Capabilities:
     Permitted traffic: all
     Supported ATSC classes: A

[2025-08-25 20:44:32.151 CEST] [136.975] [1.8/-49.0 dBFS] [50.8 dB] [0.2 ppm]
AIRCRAFT (Aircraft, On ground) -> GROUND_Y (Ground station): Response
AVLC type: S (Receive Ready) P/F: 0 rseq: 2

[2025-08-25 20:44:34.741 CEST] [136.975] [-7.4/-49.2 dBFS] [41.8 dB] [1.1 ppm]
GROUND_Y (Ground station, On ground) -> AIRCRAFT (Aircraft): Command
AVLC type: I sseq: 2 rseq: 2 poll: 0
 X.25 Data: grp: 11 chan: 255 sseq: 0 rseq: 0 more: 0
  X.25 reasm status: skipped
  X.233 CLNP Data:
   Src NSAP: 47 00 27 01 53 49 54 00 59 55 4c 00 01 08 00 20 ff ba 45 00	"G.'.SIT.YUL.... ..E."
   Dst NSAP: 47 00 27 c1 53 55 49 00 xx xx xx 01 01 55 4c 38 30 58 31 00	"G.'.SUI.K....UL80X1."
   Lifetime: 20.0 sec
   Flags: SP E/R
   Segmentation:
    PDU Id: 0x32e7
    Segment offset: 0
    PDU total length: 140
    CLNP reasm status: skipped
   Options:
    LRef: 0x40
    QoS maintenance: 0xd6
    Security:
     Reg ID: 06 04 2b 1b 00 00
     Info:
      Traffic type:
       Type: ATN system management
       Category: none
       Route policy: 0x00
    Priority: 0x0e
   IDRP Open: seq: 44 ack: 1 credit_offered: 4 credit_avail: 0
    Hold Time: 900 seconds
    Max. PDU size: 3000 octets
    Source RDI: 47 00 27 01 53 49 54 00 59 55 4c	"G.'.SIT.YUL"
    RIB Attribute Set:
     RibAtt #0:
      Security:
       Reg ID: 06 04 2b 1b 00 00
    Auth mechanism: simple checksum

[2025-08-25 20:44:34.741 CEST] [136.975] [-7.4/-49.2 dBFS] [41.8 dB] [1.1 ppm]
GROUND_Y (Ground station, On ground) -> AIRCRAFT (Aircraft): Command
AVLC type: I sseq: 2 rseq: 2 poll: 0
 X.25 Data: grp: 11 chan: 255 sseq: 0 rseq: 0 more: 0
  X.25 reasm status: skipped
  X.233 CLNP Data:
   Src NSAP: 47 00 27 01 53 49 54 00 59 55 4c 00 01 08 00 20 ff ba 45 00	"G.'.SIT.YUL.... ..E."
   Dst NSAP: 47 00 27 c1 53 55 49 00 xx xx xx 01 01 55 4c 38 30 58 31 00	"G.'.SUI.K....UL80X1."
   Lifetime: 20.0 sec
   Flags: SP E/R
   Segmentation:
    PDU Id: 0x32e7
    Segment offset: 0
    PDU total length: 140
    CLNP reasm status: skipped
   Options:
    LRef: 0x40
    QoS maintenance: 0xd6
    Security:
     Reg ID: 06 04 2b 1b 00 00
     Info:
      Traffic type:
       Type: ATN system management
       Category: none
       Route policy: 0x00
    Priority: 0x0e
   IDRP Open: seq: 44 ack: 1 credit_offered: 4 credit_avail: 0
    Hold Time: 900 seconds
    Max. PDU size: 3000 octets
    Source RDI: 47 00 27 01 53 49 54 00 59 55 4c	"G.'.SIT.YUL"
    RIB Attribute Set:
     RibAtt #0:
      Security:
       Reg ID: 06 04 2b 1b 00 00
    Auth mechanism: simple checksum

[2025-08-25 20:44:34.893 CEST] [136.975] [1.8/-48.9 dBFS] [50.7 dB] [0.0 ppm]
AIRCRAFT (Aircraft, On ground) -> GROUND_Y (Ground station): Response
AVLC type: S (Receive Ready) P/F: 0 rseq: 3

[2025-08-25 20:44:35.198 CEST] [136.975] [1.8/-48.7 dBFS] [50.6 dB] [0.2 ppm]
AIRCRAFT (Aircraft, On ground) -> GROUND_Y (Ground station): Command
AVLC type: I sseq: 2 rseq: 3 poll: 0
 X.25 Data: grp: 11 chan: 255 sseq: 0 rseq: 1 more: 0
  X.25 reasm status: skipped
  X.233 CLNP Data (compressed header):
   LRef: 0x40 Prio: 14 Flags: 0xf6
   Lifetime: 32.0 sec
   PDU Id: 0x2a
   IDRP Open: seq: 1 ack: 44 credit_offered: 3 credit_avail: 4
    Hold Time: 900 seconds
    Max. PDU size: 1024 octets
    Source RDI: 47 00 27 c1 53 55 49 00 xx xx xx	"G.'.SUI.K.."
    RIB Attribute Set:
     RibAtt #0:
      Security:
       Reg ID: 06 04 2b 1b 00 00
    Auth mechanism: simple checksum

[2025-08-25 20:44:35.352 CEST] [136.975] [-11.3/-49.2 dBFS] [37.9 dB] [0.9 ppm]
GROUND_Y (Ground station, On ground) -> AIRCRAFT (Aircraft): Command
AVLC type: I sseq: 3 rseq: 3 poll: 0
 X.25 Data: grp: 11 chan: 255 sseq: 1 rseq: 1 more: 0
  X.25 reasm status: skipped
  X.233 CLNP Data (compressed header):
   LRef: 0x40 Prio: 14 Flags: 0xf6
   Lifetime: 20.0 sec
   PDU Id: 0x3309
   IDRP Keepalive: seq: 45 ack: 1 credit_offered: 4 credit_avail: 3

[2025-08-25 20:44:35.501 CEST] [136.975] [-11.3/-49.2 dBFS] [38.0 dB] [1.0 ppm]
GROUND_Y (Ground station, On ground) -> AIRCRAFT (Aircraft): Command
AVLC type: I sseq: 4 rseq: 3 poll: 0
 X.25 Data: grp: 11 chan: 255 sseq: 2 rseq: 1 more: 0
  X.25 reasm status: skipped
  X.233 CLNP Data (compressed header):
   LRef: 0x40 Prio: 14 Flags: 0xf6
   Lifetime: 20.0 sec
   PDU Id: 0x330a
   IDRP Update: seq: 45 ack: 1 credit_offered: 4 credit_avail: 2
    Route:
     ID: 5216
     Local preference: 0
    Security:
     Reg ID: 06 04 2b 1b 00 00
     Info:
      Supported ATSC classes: A
      Subnetwork type:
       Subnet: VDL
       Permitted traffic: all
    RD path:
     RD_SEQ:
      47 00 27 01 53 49 54 00 00 00 01 0b 47 00 27 01 53 49 54 00 59 55 4c	"G.'.SIT.....G.'.SIT.YUL"
      47 00 27 01 53 49 54 00 59 55 4c	"G.'.SIT.YUL"
    RD hop count: 2
    Capacity: 12
    Reachability info:
     Protocol: CLNP
     Prefix length: 32
     Dest. address prefix: 47 00 27 01 20 47 00 27 81	"G.'. G.'."

[2025-08-25 20:44:35.805 CEST] [136.975] [1.8/-49.3 dBFS] [51.0 dB] [0.2 ppm]
AIRCRAFT (Aircraft, On ground) -> GROUND_Y (Ground station): Command
AVLC type: I sseq: 3 rseq: 5 poll: 0
 X.25 Data: grp: 11 chan: 255 sseq: 1 rseq: 2 more: 0
  X.25 reasm status: skipped
  X.233 CLNP Data (compressed header):
   LRef: 0x40 Prio: 14 Flags: 0xf6
   Lifetime: 32.0 sec
   PDU Id: 0x2b
   IDRP Update: seq: 2 ack: 44 credit_offered: 3 credit_avail: 3
    Route:
     ID: 12
     Local preference: 0
    Security:
     Reg ID: 06 04 2b 1b 00 00
     Info:
      Supported ATSC classes: all
      Subnetwork type:
       Subnet: VDL
       Permitted traffic: all
    RD path:
     RD_SEQ:
      47 00 27 c1 53 55 49 00 xx xx xx	"G.'.SUI.K.."
    RD hop count: 1
    Capacity: 13
    Reachability info:
     Protocol: CLNP
     Prefix length: 88
     Dest. address prefix: 47 00 27 c1 53 55 49 00 xx xx xx	"G.'.SUI.K.."

[2025-08-25 20:44:36.568 CEST] [136.975] [-11.3/-49.3 dBFS] [38.0 dB] [1.0 ppm]
GROUND_Y (Ground station, On ground) -> AIRCRAFT (Aircraft): Response
AVLC type: S (Receive Ready) P/F: 0 rseq: 4

[2025-08-25 20:44:36.568 CEST] [136.975] [-16.8/-49.3 dBFS] [32.5 dB] [2.8 ppm]
GROUND_X (Ground station, On ground) -> FFFFFF (Aircraft): Command
AVLC type: U (DISC) P/F: 0

[2025-08-25 20:44:36.874 CEST] [136.975] [-7.5/-49.1 dBFS] [41.6 dB] [1.1 ppm]
GROUND_Y (Ground station, On ground) -> AIRCRAFT (Aircraft): Command
AVLC type: I sseq: 5 rseq: 4 poll: 0
 X.25 Data: grp: 11 chan: 255 sseq: 3 rseq: 2 more: 0
  X.25 reasm status: skipped
  X.233 CLNP Data (compressed header):
   LRef: 0x40 Prio: 14 Flags: 0xf6
   Lifetime: 20.0 sec
   PDU Id: 0x331c
   IDRP Keepalive: seq: 46 ack: 2 credit_offered: 4 credit_avail: 2

[2025-08-25 20:44:36.874 CEST] [136.975] [1.9/-49.1 dBFS] [51.0 dB] [0.0 ppm]
AIRCRAFT (Aircraft, On ground) -> GROUND_Y (Ground station): Command
AVLC type: I sseq: 4 rseq: 5 poll: 0
 X.25 Data: grp: 11 chan: 255 sseq: 2 rseq: 3 more: 0
  X.25 reasm status: skipped
  X.233 CLNP Data (compressed header):
   LRef: 0x40 Prio: 14 Flags: 0xf6
   Lifetime: 32.0 sec
   PDU Id: 0x2c
   IDRP Keepalive: seq: 3 ack: 45 credit_offered: 3 credit_avail: 3

[2025-08-25 20:44:37.485 CEST] [136.975] [1.8/-49.1 dBFS] [50.9 dB] [0.3 ppm]
AIRCRAFT (Aircraft, On ground) -> GROUND_Y (Ground station): Response
AVLC type: S (Receive Ready) P/F: 0 rseq: 6

[2025-08-25 20:44:37.634 CEST] [136.975] [-7.5/-49.0 dBFS] [41.6 dB] [1.0 ppm]
GROUND_Y (Ground station, On ground) -> AIRCRAFT (Aircraft): Response
AVLC type: S (Receive Ready) P/F: 0 rseq: 5

[2025-08-25 20:44:37.939 CEST] [136.975] [1.8/-49.2 dBFS] [51.1 dB] [0.4 ppm]
AIRCRAFT (Aircraft, On ground) -> GROUND_Y (Ground station): Command
AVLC type: I sseq: 5 rseq: 6 poll: 0
 X.25 Data: grp: 11 chan: 255 sseq: 3 rseq: 4 more: 0
  X.25 reasm status: skipped
  X.233 CLNP Data:
   Src NSAP: 47 00 27 c1 53 55 49 00 xx xx xx 01 01 55 4c 38 30 58 31 01	"G.'.SUI.K....UL80X1."
   Dst NSAP: 47 00 27 81 83 65 75 00 11 50 59 00 01 00 00 47 47 31 31 01	"G.'..eu..PY....GG11."
   Lifetime: 32.0 sec
   Flags: SP
   Segmentation:
    PDU Id: 0x2d
    Segment offset: 0
    PDU total length: 123
    CLNP reasm status: skipped
   Options:
    LRef: 0x00
    QoS maintenance: 0xd6
    Security:
     Reg ID: 06 04 2b 1b 00 00
     Info:
      Traffic type:
       Type: ATN operational
       Category: ATSC
       Route policy: 0x01
    Priority: 0x08
   X.224 COTP Connect Request:
    src_ref: 0x0034 dst_ref: 0x0000
    Initial Credit: 1
    Protocol class: 4
    Options: 00 (use normal PDU formats)
    TPDU size (bytes): 1024
    Called/responding transport selector: 01 01
    Calling transport selector: 63 6d
    Priority: 6
    Additional options: 0x00
    Ack time (ms): 1000
    Inactivity timer (ms): 360000
    Checksum: 73 34
    ATN checksum: 42 8e 57 2f

[2025-08-25 20:44:37.941 CEST] [136.975] [-12.6/-49.2 dBFS] [36.6 dB] [2.5 ppm]
GROUND_Y (Ground station, On ground) -> FFFFFF (Aircraft): Command
AVLC type: U (DISC) P/F: 0

[2025-08-25 20:44:37.941 CEST] [136.975] [-7.4/-49.2 dBFS] [41.8 dB] [1.1 ppm]
GROUND_Y (Ground station, On ground) -> AIRCRAFT (Aircraft): Command
AVLC type: I sseq: 6 rseq: 6 poll: 0
 X.25 Receive Ready: grp: 11 chan: 255 rseq: 4

[2025-08-25 20:44:41.901 CEST] [136.975] [-7.5/-49.2 dBFS] [41.7 dB] [1.2 ppm]
GROUND_Y (Ground station, On ground) -> AIRCRAFT (Aircraft): Command
AVLC type: I sseq: 6 rseq: 6 poll: 0
 X.25 Receive Ready: grp: 11 chan: 255 rseq: 4

[2025-08-25 20:44:46.625 CEST] [136.975] [-7.4/-49.1 dBFS] [41.7 dB] [0.9 ppm]
GROUND_Y (Ground station, On ground) -> AIRCRAFT (Aircraft): Command
AVLC type: I sseq: 6 rseq: 6 poll: 0
 X.25 Receive Ready: grp: 11 chan: 255 rseq: 4

[2025-08-25 20:44:51.047 CEST] [136.975] [-7.4/-49.4 dBFS] [42.1 dB] [1.0 ppm]
GROUND_Y (Ground station, On ground) -> AIRCRAFT (Aircraft): Command
AVLC type: I sseq: 6 rseq: 6 poll: 0
 X.25 Receive Ready: grp: 11 chan: 255 rseq: 4

[2025-08-25 20:44:51.197 CEST] [136.975] [-7.3/-49.4 dBFS] [42.0 dB] [0.9 ppm]
GROUND_Y (Ground station, On ground) -> AIRCRAFT (Aircraft): Command
AVLC type: I sseq: 7 rseq: 6 poll: 0
 X.25 Data: grp: 11 chan: 255 sseq: 4 rseq: 4 more: 0
  X.25 reasm status: skipped
  X.233 CLNP Data (compressed header):
   LRef: 0x0 Prio: 8 Flags: 0xd6
   Lifetime: 18.5 sec
   PDU Id: 0x118c
   X.224 COTP Connect Confirm:
    src_ref: 0x01f1 dst_ref: 0x0034
    Initial Credit: 1
    Protocol class: 4
    Options: 00 (use normal PDU formats)
    TPDU size (bytes): 1024
    Called/responding transport selector: 01 01
    Calling transport selector: 63 6d
    Priority: 6
    Ack time (ms): 1000
    Inactivity timer (ms): 360000
    Additional options: 0x00
    ATN checksum: f0 f6 3e 18

[2025-08-25 20:44:56.834 CEST] [136.975] [-7.4/-49.0 dBFS] [41.5 dB] [0.9 ppm]
GROUND_Y (Ground station, On ground) -> AIRCRAFT (Aircraft): Command
AVLC type: I sseq: 6 rseq: 6 poll: 0
 X.25 Receive Ready: grp: 11 chan: 255 rseq: 4

[2025-08-25 20:44:56.834 CEST] [136.975] [-7.4/-49.0 dBFS] [41.5 dB] [0.9 ppm]
GROUND_Y (Ground station, On ground) -> AIRCRAFT (Aircraft): Command
AVLC type: I sseq: 7 rseq: 6 poll: 0
 X.25 Data: grp: 11 chan: 255 sseq: 4 rseq: 4 more: 0
  X.25 reasm status: skipped
  X.233 CLNP Data (compressed header):
   LRef: 0x0 Prio: 8 Flags: 0xd6
   Lifetime: 18.5 sec
   PDU Id: 0x118c
   X.224 COTP Connect Confirm:
    src_ref: 0x01f1 dst_ref: 0x0034
    Initial Credit: 1
    Protocol class: 4
    Options: 00 (use normal PDU formats)
    TPDU size (bytes): 1024
    Called/responding transport selector: 01 01
    Calling transport selector: 63 6d
    Priority: 6
    Ack time (ms): 1000
    Inactivity timer (ms): 360000
    Additional options: 0x00
    ATN checksum: f0 f6 3e 18

[2025-08-25 20:45:04.150 CEST] [136.975] [-7.4/-49.1 dBFS] [41.7 dB] [1.1 ppm]
GROUND_Y (Ground station, On ground) -> AIRCRAFT (Aircraft): Command
AVLC type: I sseq: 6 rseq: 6 poll: 0
 X.25 Receive Ready: grp: 11 chan: 255 rseq: 4

[2025-08-25 20:45:04.150 CEST] [136.975] [-7.4/-49.1 dBFS] [41.7 dB] [1.1 ppm]
GROUND_Y (Ground station, On ground) -> AIRCRAFT (Aircraft): Command
AVLC type: I sseq: 7 rseq: 6 poll: 0
 X.25 Data: grp: 11 chan: 255 sseq: 4 rseq: 4 more: 0
  X.25 reasm status: skipped
  X.233 CLNP Data (compressed header):
   LRef: 0x0 Prio: 8 Flags: 0xd6
   Lifetime: 18.5 sec
   PDU Id: 0x118c
   X.224 COTP Connect Confirm:
    src_ref: 0x01f1 dst_ref: 0x0034
    Initial Credit: 1
    Protocol class: 4
    Options: 00 (use normal PDU formats)
    TPDU size (bytes): 1024
    Called/responding transport selector: 01 01
    Calling transport selector: 63 6d
    Priority: 6
    Ack time (ms): 1000
    Inactivity timer (ms): 360000
    Additional options: 0x00
    ATN checksum: f0 f6 3e 18


[2025-08-25 20:45:21.215 CEST] [136.975] [-9.8/-49.4 dBFS] [39.7 dB] [1.1 ppm]
GROUND_X (Ground station, On ground) -> FFFFFF (Aircraft): Command
AVLC type: U (XID) P/F: 0
 XID: Ground Station Information Frame
  Public params:
   Parameter set ID: 8885:1993
   Procedure classes: 00 01
   HDLC options: 20 a4 88
  VDL params:
   Parameter set ID: V
   AVLC specific options: 64
   Frequency support list:
    Ground station: xxxxxx
     Frequency: 136.875 MHz (VDL-M2, D8PSK, 31500 bps)
    Ground station: xxxxxx
     Frequency: 136.875 MHz (VDL-M2, D8PSK, 31500 bps)
   Timer T4: 00 02
   Airport coverage: xxxx
   ATN router NETs: 53 49 54 00 00 01	"SIT..."
   System mask: 200000
   Ground station location: xN yE

[2025-08-25 20:45:21.368 CEST] [136.975] [1.8/-49.2 dBFS] [51.0 dB] [0.3 ppm]
AIRCRAFT (Aircraft, On ground) -> GROUND_X (Ground station): Command
AVLC type: U (XID) P/F: 1
 XID: Link Establishment
  Public params:
   Parameter set ID: 8885:1993
   HDLC options: 20 84 80
   Procedure classes: 00 01
  VDL params:
   Parameter set ID: V
   Connection management: 00
   XID sequencing: seq: 1 retry: 0
   AVLC specific options: 64
   Modulation support: VDL-M2, D8PSK, 31500 bps
   Aircraft location: xN yE 0 ft

[2025-08-25 20:45:21.520 CEST] [136.975] [-9.8/-49.0 dBFS] [39.2 dB] [1.1 ppm]
GROUND_X (Ground station, On ground) -> AIRCRAFT (Aircraft): Response
AVLC type: U (XID) P/F: 1
 XID: Link Establishment Response
  Public params:
   Parameter set ID: 8885:1993
   Procedure classes: 00 01
   HDLC options: 20 a4 88
  VDL params:
   Parameter set ID: V
   Connection management: 00
   XID sequencing: seq: 1 retry: 0
   AVLC specific options: 64
   Airport coverage: xxxx
   ATN router NETs: 53 49 54 00 00 01	"SIT..."
   System mask: 200000
   Ground station location: xN yE

[2025-08-25 20:45:21.521 CEST] [136.975] [1.8/-49.1 dBFS] [50.9 dB] [0.3 ppm]
AIRCRAFT (Aircraft, On ground) -> GROUND_X (Ground station): Command
AVLC type: I sseq: 0 rseq: 0 poll: 0
 ACARS:
  Reassembly: skipped
  Reg: ..CPDLC Flight: HB0000
  Mode: 2 Label: Q0 Blk id: 7 More: 0 Ack: ! Msg num: M16A

[2025-08-25 20:45:22.132 CEST] [136.975] [-13.6/-49.2 dBFS] [35.6 dB] [1.0 ppm]
GROUND_X (Ground station, On ground) -> AIRCRAFT (Aircraft): Command
AVLC type: I sseq: 0 rseq: 1 poll: 0
 ACARS:
  Reassembly: skipped
  Reg: ..CPDLC
  Mode: 2 Label: _d Blk id: A More: 0 Ack: 7

[2025-08-25 20:45:22.589 CEST] [136.975] [-13.6/-49.1 dBFS] [35.5 dB] [1.1 ppm]
GROUND_X (Ground station, On ground) -> AIRCRAFT (Aircraft): Command
AVLC type: I sseq: 1 rseq: 2 poll: 0
 X.25 Call Accepted: grp: 11 chan: 255 src: 22677777 dst: 1116900402899
  Facilities:
   Max. packet size:
    From calling DTE: 256 bytes
    From called  DTE: 256 bytes
   Window size:
    From calling DTE: 4 packets
    From called  DTE: 4 packets
   Called line address modified: 0f
  Compression support: LREF, LREF-CAN
  M/I: 0
  ES-IS IS Hello: Hold Time: 65534 sec
   NET: 47 00 27 01 53 49 54 00 59 55 4c 00 01 08 00 20 ff ba 45 00	"G.'.SIT.YUL.... ..E."
   Options:
    ATN Data Link Capabilities: 01
    Mobile Subnetwork Capabilities:
     Permitted traffic: all
     Supported ATSC classes: A

[2025-08-25 20:45:22.739 CEST] [136.975] [-13.6/-49.1 dBFS] [35.5 dB] [0.9 ppm]
GROUND_X (Ground station, On ground) -> AIRCRAFT (Aircraft): Command
AVLC type: I sseq: 2 rseq: 2 poll: 0
 X.25 Data: grp: 11 chan: 255 sseq: 0 rseq: 0 more: 0
  X.25 reasm status: skipped
  X.233 CLNP Data:
   Src NSAP: 47 00 27 01 53 49 54 00 59 55 4c 00 01 08 00 20 ff ba 45 00	"G.'.SIT.YUL.... ..E."
   Dst NSAP: 47 00 27 c1 53 55 49 00 xx xx xx 01 01 55 4c 38 30 58 31 00	"G.'.SUI.K....UL80X1."
   Lifetime: 20.0 sec
   Flags: SP E/R
   Segmentation:
    PDU Id: 0x3464
    Segment offset: 0
    PDU total length: 140
    CLNP reasm status: skipped
   Options:
    LRef: 0x40
    QoS maintenance: 0xd6
    Security:
     Reg ID: 06 04 2b 1b 00 00
     Info:
      Traffic type:
       Type: ATN system management
       Category: none
       Route policy: 0x00
    Priority: 0x0e
   IDRP Open: seq: 47 ack: 2 credit_offered: 4 credit_avail: 0
    Hold Time: 900 seconds
    Max. PDU size: 3000 octets
    Source RDI: 47 00 27 01 53 49 54 00 59 55 4c	"G.'.SIT.YUL"
    RIB Attribute Set:
     RibAtt #0:
      Security:
       Reg ID: 06 04 2b 1b 00 00
    Auth mechanism: simple checksum

[2025-08-25 20:45:23.349 CEST] [136.975] [-13.6/-48.9 dBFS] [35.3 dB] [1.2 ppm]
GROUND_X (Ground station, On ground) -> AIRCRAFT (Aircraft): Command
AVLC type: I sseq: 3 rseq: 3 poll: 0
 X.25 Data: grp: 11 chan: 255 sseq: 1 rseq: 1 more: 0
  X.25 reasm status: skipped
  X.233 CLNP Data (compressed header):
   LRef: 0x40 Prio: 14 Flags: 0xf6
   Lifetime: 20.0 sec
   PDU Id: 0x3469
   IDRP Keepalive: seq: 48 ack: 1 credit_offered: 4 credit_avail: 3

[2025-08-25 20:45:23.350 CEST] [136.975] [-13.6/-48.7 dBFS] [35.0 dB] [1.2 ppm]
GROUND_X (Ground station, On ground) -> AIRCRAFT (Aircraft): Command
AVLC type: I sseq: 4 rseq: 3 poll: 0
 X.25 Data: grp: 11 chan: 255 sseq: 2 rseq: 1 more: 0
  X.25 reasm status: skipped
  X.233 CLNP Data (compressed header):
   LRef: 0x40 Prio: 14 Flags: 0xf6
   Lifetime: 20.0 sec
   PDU Id: 0x346c
   IDRP Update: seq: 48 ack: 1 credit_offered: 4 credit_avail: 2
    Route:
     ID: 5217
     Local preference: 0
    Security:
     Reg ID: 06 04 2b 1b 00 00
     Info:
      Supported ATSC classes: A
      Subnetwork type:
       Subnet: VDL
       Permitted traffic: all
    RD path:
     RD_SEQ:
      47 00 27 01 53 49 54 00 00 00 01 0b 47 00 27 01 53 49 54 00 59 55 4c	"G.'.SIT.....G.'.SIT.YUL"
      47 00 27 01 53 49 54 00 59 55 4c	"G.'.SIT.YUL"
    RD hop count: 2
    Capacity: 12
    Reachability info:
     Protocol: CLNP
     Prefix length: 32
     Dest. address prefix: 47 00 27 01 20 47 00 27 81	"G.'. G.'."

[2025-08-25 20:45:23.807 CEST] [136.975] [1.8/-48.6 dBFS] [50.4 dB] [0.3 ppm]
AIRCRAFT (Aircraft, On ground) -> GROUND_X (Ground station): Command
AVLC type: I sseq: 3 rseq: 5 poll: 0
 X.25 Data: grp: 11 chan: 255 sseq: 1 rseq: 2 more: 0
  X.25 reasm status: skipped
  X.233 CLNP Data (compressed header):
   LRef: 0x40 Prio: 14 Flags: 0xf6
   Lifetime: 32.0 sec
   PDU Id: 0x2f
   IDRP Update: seq: 2 ack: 47 credit_offered: 3 credit_avail: 3
    Route:
     ID: 13
     Local preference: 0
    Security:
     Reg ID: 06 04 2b 1b 00 00
     Info:
      Supported ATSC classes: all
      Subnetwork type:
       Subnet: VDL
       Permitted traffic: all
    RD path:
     RD_SEQ:
      47 00 27 c1 53 55 49 00 xx xx xx	"G.'.SUI.K.."
    RD hop count: 1
    Capacity: 13
    Reachability info:
     Protocol: CLNP
     Prefix length: 88
     Dest. address prefix: 47 00 27 c1 53 55 49 00 xx xx xx	"G.'.SUI.K.."

[2025-08-25 20:45:24.568 CEST] [136.975] [-13.6/-49.3 dBFS] [35.8 dB] [1.0 ppm]
GROUND_X (Ground station, On ground) -> AIRCRAFT (Aircraft): Response
AVLC type: S (Receive Ready) P/F: 0 rseq: 4

[2025-08-25 20:45:24.874 CEST] [136.975] [1.8/-49.2 dBFS] [51.0 dB] [0.2 ppm]
AIRCRAFT (Aircraft, On ground) -> GROUND_X (Ground station): Command
AVLC type: I sseq: 4 rseq: 5 poll: 0
 X.25 Data: grp: 11 chan: 255 sseq: 2 rseq: 3 more: 0
  X.25 reasm status: skipped
  X.233 CLNP Data (compressed header):
   LRef: 0x40 Prio: 14 Flags: 0xf6
   Lifetime: 32.0 sec
   PDU Id: 0x30
   IDRP Keepalive: seq: 3 ack: 48 credit_offered: 3 credit_avail: 3

[2025-08-25 20:45:25.025 CEST] [136.975] [-9.8/-49.1 dBFS] [39.4 dB] [1.1 ppm]
GROUND_X (Ground station, On ground) -> AIRCRAFT (Aircraft): Command
AVLC type: I sseq: 5 rseq: 5 poll: 0
 X.25 Receive Ready: grp: 11 chan: 255 rseq: 3

[2025-08-25 20:45:25.027 CEST] [136.975] [-13.6/-49.1 dBFS] [35.5 dB] [1.1 ppm]
GROUND_X (Ground station, On ground) -> AIRCRAFT (Aircraft): Command
AVLC type: I sseq: 6 rseq: 5 poll: 0
 X.25 Data: grp: 11 chan: 255 sseq: 3 rseq: 3 more: 0
  X.25 reasm status: skipped
  X.233 CLNP Data (compressed header):
   LRef: 0x40 Prio: 14 Flags: 0xf6
   Lifetime: 20.0 sec
   PDU Id: 0x3476
   IDRP Keepalive: seq: 49 ack: 2 credit_offered: 4 credit_avail: 2

[2025-08-25 20:45:25.179 CEST] [136.975] [-15.0/-49.2 dBFS] [34.2 dB] [2.6 ppm]
GROUND_X (Ground station, On ground) -> FFFFFF (Aircraft): Command
AVLC type: U (DISC) P/F: 0

[2025-08-25 20:45:29.750 CEST] [136.975] [-9.8/-49.3 dBFS] [39.5 dB] [0.9 ppm]
GROUND_X (Ground station, On ground) -> AIRCRAFT (Aircraft): Command
AVLC type: I sseq: 5 rseq: 5 poll: 0
 X.25 Receive Ready: grp: 11 chan: 255 rseq: 3

[2025-08-25 20:45:29.750 CEST] [136.975] [-9.8/-49.3 dBFS] [39.5 dB] [0.9 ppm]
GROUND_X (Ground station, On ground) -> AIRCRAFT (Aircraft): Command
AVLC type: I sseq: 6 rseq: 5 poll: 0
 X.25 Data: grp: 11 chan: 255 sseq: 3 rseq: 3 more: 0
  X.25 reasm status: skipped
  X.233 CLNP Data (compressed header):
   LRef: 0x40 Prio: 14 Flags: 0xf6
   Lifetime: 20.0 sec
   PDU Id: 0x3476
   IDRP Keepalive: seq: 49 ack: 2 credit_offered: 4 credit_avail: 2

[2025-08-25 20:45:33.865 CEST] [136.975] [-9.6/-49.2 dBFS] [39.6 dB] [1.2 ppm]
GROUND_X (Ground station, On ground) -> AIRCRAFT (Aircraft): Command
AVLC type: I sseq: 5 rseq: 5 poll: 0
 X.25 Receive Ready: grp: 11 chan: 255 rseq: 3

[2025-08-25 20:45:33.865 CEST] [136.975] [-9.6/-49.2 dBFS] [39.6 dB] [1.2 ppm]
GROUND_X (Ground station, On ground) -> AIRCRAFT (Aircraft): Command
AVLC type: I sseq: 6 rseq: 5 poll: 0
 X.25 Data: grp: 11 chan: 255 sseq: 3 rseq: 3 more: 0
  X.25 reasm status: skipped
  X.233 CLNP Data (compressed header):
   LRef: 0x40 Prio: 14 Flags: 0xf6
   Lifetime: 20.0 sec
   PDU Id: 0x3476
   IDRP Keepalive: seq: 49 ack: 2 credit_offered: 4 credit_avail: 2

[2025-08-25 20:45:39.653 CEST] [136.975] [-9.7/-49.3 dBFS] [39.6 dB] [1.0 ppm]
GROUND_X (Ground station, On ground) -> AIRCRAFT (Aircraft): Command
AVLC type: I sseq: 5 rseq: 5 poll: 0
 X.25 Receive Ready: grp: 11 chan: 255 rseq: 3

[2025-08-25 20:45:39.653 CEST] [136.975] [-9.7/-49.3 dBFS] [39.6 dB] [1.0 ppm]
GROUND_X (Ground station, On ground) -> AIRCRAFT (Aircraft): Command
AVLC type: I sseq: 6 rseq: 5 poll: 0
 X.25 Data: grp: 11 chan: 255 sseq: 3 rseq: 3 more: 0
  X.25 reasm status: skipped
  X.233 CLNP Data (compressed header):
   LRef: 0x40 Prio: 14 Flags: 0xf6
   Lifetime: 20.0 sec
   PDU Id: 0x3476
   IDRP Keepalive: seq: 49 ack: 2 credit_offered: 4 credit_avail: 2

[2025-08-25 20:45:46.055 CEST] [136.975] [-9.8/-48.8 dBFS] [38.9 dB] [1.0 ppm]
GROUND_X (Ground station, On ground) -> AIRCRAFT (Aircraft): Command
AVLC type: I sseq: 5 rseq: 5 poll: 0
 X.25 Receive Ready: grp: 11 chan: 255 rseq: 3

[2025-08-25 20:45:46.055 CEST] [136.975] [-9.8/-48.8 dBFS] [38.9 dB] [1.0 ppm]
GROUND_X (Ground station, On ground) -> AIRCRAFT (Aircraft): Command
AVLC type: I sseq: 6 rseq: 5 poll: 0
 X.25 Data: grp: 11 chan: 255 sseq: 3 rseq: 3 more: 0
  X.25 reasm status: skipped
  X.233 CLNP Data (compressed header):
   LRef: 0x40 Prio: 14 Flags: 0xf6
   Lifetime: 20.0 sec
   PDU Id: 0x3476
   IDRP Keepalive: seq: 49 ack: 2 credit_offered: 4 credit_avail: 2

[2025-08-25 20:45:54.435 CEST] [136.975] [-9.6/-49.4 dBFS] [39.8 dB] [1.2 ppm]
GROUND_X (Ground station, On ground) -> AIRCRAFT (Aircraft): Command
AVLC type: I sseq: 5 rseq: 5 poll: 0
 X.25 Receive Ready: grp: 11 chan: 255 rseq: 3

[2025-08-25 20:45:54.435 CEST] [136.975] [-9.6/-49.4 dBFS] [39.8 dB] [1.2 ppm]
GROUND_X (Ground station, On ground) -> AIRCRAFT (Aircraft): Command
AVLC type: I sseq: 6 rseq: 5 poll: 0
 X.25 Data: grp: 11 chan: 255 sseq: 3 rseq: 3 more: 0
  X.25 reasm status: skipped
  X.233 CLNP Data (compressed header):
   LRef: 0x40 Prio: 14 Flags: 0xf6
   Lifetime: 20.0 sec
   PDU Id: 0x3476
   IDRP Keepalive: seq: 49 ack: 2 credit_offered: 4 credit_avail: 2



[2025-08-25 20:46:41.672 CEST] [136.975] [-7.3/-49.0 dBFS] [41.7 dB] [1.2 ppm]
GROUND_Y (Ground station, On ground) -> FFFFFF (Aircraft): Command
AVLC type: U (XID) P/F: 0
 XID: Ground Station Information Frame
  Public params:
   Parameter set ID: 8885:1993
   Procedure classes: 00 01
   HDLC options: 20 a4 88
  VDL params:
   Parameter set ID: V
   AVLC specific options: 64
   Frequency support list:
    Ground station: xxxxxx
     Frequency: 136.875 MHz (VDL-M2, D8PSK, 31500 bps)
    Ground station: xxxxxx
     Frequency: 136.875 MHz (VDL-M2, D8PSK, 31500 bps)
   Timer T4: 00 02
   Airport coverage: xxxx
   ATN router NETs: 53 49 54 00 00 01	"SIT..."
   System mask: 200000
   Ground station location: xN yE

[2025-08-25 20:46:41.674 CEST] [136.975] [1.7/-48.9 dBFS] [50.6 dB] [0.3 ppm]
AIRCRAFT (Aircraft, On ground) -> GROUND_Y (Ground station): Command
AVLC type: U (XID) P/F: 1
 XID: Link Establishment
  Public params:
   Parameter set ID: 8885:1993
   HDLC options: 20 84 80
   Procedure classes: 00 01
  VDL params:
   Parameter set ID: V
   Connection management: 00
   XID sequencing: seq: 2 retry: 0
   AVLC specific options: 64
   Modulation support: VDL-M2, D8PSK, 31500 bps
   Aircraft location: xN yE 0 ft

[2025-08-25 20:46:41.827 CEST] [136.975] [-9.4/-49.0 dBFS] [39.6 dB] [1.2 ppm]
GROUND_Y (Ground station, On ground) -> AIRCRAFT (Aircraft): Response
AVLC type: U (XID) P/F: 1
 XID: Link Establishment Response
  Public params:
   Parameter set ID: 8885:1993
   Procedure classes: 00 01
   HDLC options: 20 a4 88
  VDL params:
   Parameter set ID: V
   Connection management: 00
   XID sequencing: seq: 2 retry: 0
   AVLC specific options: 64
   Airport coverage: xxxx
   ATN router NETs: 53 49 54 00 00 01	"SIT..."
   System mask: 200000
   Ground station location: xN yE

[2025-08-25 20:46:42.133 CEST] [136.975] [1.8/-49.5 dBFS] [51.3 dB] [0.1 ppm]
AIRCRAFT (Aircraft, On ground) -> GROUND_Y (Ground station): Command
AVLC type: I sseq: 0 rseq: 0 poll: 0
 ACARS:
  Reassembly: skipped
  Reg: ..CPDLC Flight: HB0000
  Mode: 2 Label: Q0 Blk id: 8 More: 0 Ack: ! Msg num: M17A

[2025-08-25 20:46:42.436 CEST] [136.975] [-11.2/-49.3 dBFS] [38.2 dB] [1.2 ppm]
GROUND_Y (Ground station, On ground) -> AIRCRAFT (Aircraft): Command
AVLC type: I sseq: 0 rseq: 1 poll: 0
 ACARS:
  Reassembly: skipped
  Reg: ..CPDLC
  Mode: 2 Label: _d Blk id: A More: 0 Ack: 8

[2025-08-25 20:46:42.588 CEST] [136.975] [1.8/-49.2 dBFS] [51.0 dB] [0.3 ppm]
AIRCRAFT (Aircraft, On ground) -> GROUND_Y (Ground station): Command
AVLC type: I sseq: 1 rseq: 1 poll: 0
 X.25 Call Request: grp: 11 chan: 255 src: 22677777 dst: none
  Facilities:
   Fast Select: requested
   Called address extension: 8c 53 49 54 00 00 01	".SIT..."
  Compression support: LREF, LREF-CAN
  M/I: 0
  ES-IS IS Hello: Hold Time: 30 sec
   NET: 47 00 27 c1 53 55 49 00 xx xx xx 01 01 55 4c 38 30 58 31 00	"G.'.SUI.K....UL80X1."

[2025-08-25 20:46:42.894 CEST] [136.975] [-11.1/-49.1 dBFS] [38.0 dB] [1.2 ppm]
GROUND_Y (Ground station, On ground) -> AIRCRAFT (Aircraft): Command
AVLC type: I sseq: 1 rseq: 2 poll: 0
 X.25 Call Accepted: grp: 11 chan: 255 src: 22677777 dst: 1116900402899
  Facilities:
   Max. packet size:
    From calling DTE: 256 bytes
    From called  DTE: 256 bytes
   Window size:
    From calling DTE: 4 packets
    From called  DTE: 4 packets
   Called line address modified: 0f
  Compression support: LREF, LREF-CAN
  M/I: 0
  ES-IS IS Hello: Hold Time: 65534 sec
   NET: 47 00 27 01 53 49 54 00 59 55 4c 00 01 08 00 20 ff ba 45 00	"G.'.SIT.YUL.... ..E."
   Options:
    ATN Data Link Capabilities: 01
    Mobile Subnetwork Capabilities:
     Permitted traffic: all
     Supported ATSC classes: A

[2025-08-25 20:46:43.504 CEST] [136.975] [1.8/-49.3 dBFS] [51.1 dB] [0.2 ppm]
AIRCRAFT (Aircraft, On ground) -> GROUND_Y (Ground station): Response
AVLC type: S (Receive Ready) P/F: 0 rseq: 2

[2025-08-25 20:46:43.806 CEST] [136.975] [-10.9/-48.9 dBFS] [38.0 dB] [2.4 ppm]
GROUND_Y (Ground station, On ground) -> FFFFFF (Aircraft): Command
AVLC type: U (DISC) P/F: 0

[2025-08-25 20:46:47.008 CEST] [136.975] [-7.3/-49.1 dBFS] [41.8 dB] [1.0 ppm]
GROUND_Y (Ground station, On ground) -> AIRCRAFT (Aircraft): Command
AVLC type: I sseq: 2 rseq: 2 poll: 0
 X.25 Data: grp: 11 chan: 255 sseq: 0 rseq: 0 more: 0
  X.25 reasm status: skipped
  X.233 CLNP Data:
   Src NSAP: 47 00 27 01 53 49 54 00 59 55 4c 00 01 08 00 20 ff ba 45 00	"G.'.SIT.YUL.... ..E."
   Dst NSAP: 47 00 27 c1 53 55 49 00 xx xx xx 01 01 55 4c 38 30 58 31 00	"G.'.SUI.K....UL80X1."
   Lifetime: 20.0 sec
   Flags: SP E/R
   Segmentation:
    PDU Id: 0x3682
    Segment offset: 0
    PDU total length: 140
    CLNP reasm status: skipped
   Options:
    LRef: 0x40
    QoS maintenance: 0xd6
    Security:
     Reg ID: 06 04 2b 1b 00 00
     Info:
      Traffic type:
       Type: ATN system management
       Category: none
       Route policy: 0x00
    Priority: 0x0e
   IDRP Open: seq: 50 ack: 2 credit_offered: 4 credit_avail: 0
    Hold Time: 900 seconds
    Max. PDU size: 3000 octets
    Source RDI: 47 00 27 01 53 49 54 00 59 55 4c	"G.'.SIT.YUL"
    RIB Attribute Set:
     RibAtt #0:
      Security:
       Reg ID: 06 04 2b 1b 00 00
    Auth mechanism: simple checksum

[2025-08-25 20:46:47.008 CEST] [136.975] [-7.3/-49.1 dBFS] [41.8 dB] [1.0 ppm]
GROUND_Y (Ground station, On ground) -> AIRCRAFT (Aircraft): Command
AVLC type: I sseq: 2 rseq: 2 poll: 0
 X.25 Data: grp: 11 chan: 255 sseq: 0 rseq: 0 more: 0
  X.25 reasm status: skipped
  X.233 CLNP Data:
   Src NSAP: 47 00 27 01 53 49 54 00 59 55 4c 00 01 08 00 20 ff ba 45 00	"G.'.SIT.YUL.... ..E."
   Dst NSAP: 47 00 27 c1 53 55 49 00 xx xx xx 01 01 55 4c 38 30 58 31 00	"G.'.SUI.K....UL80X1."
   Lifetime: 20.0 sec
   Flags: SP E/R
   Segmentation:
    PDU Id: 0x3682
    Segment offset: 0
    PDU total length: 140
    CLNP reasm status: skipped
   Options:
    LRef: 0x40
    QoS maintenance: 0xd6
    Security:
     Reg ID: 06 04 2b 1b 00 00
     Info:
      Traffic type:
       Type: ATN system management
       Category: none
       Route policy: 0x00
    Priority: 0x0e
   IDRP Open: seq: 50 ack: 2 credit_offered: 4 credit_avail: 0
    Hold Time: 900 seconds
    Max. PDU size: 3000 octets
    Source RDI: 47 00 27 01 53 49 54 00 59 55 4c	"G.'.SIT.YUL"
    RIB Attribute Set:
     RibAtt #0:
      Security:
       Reg ID: 06 04 2b 1b 00 00
    Auth mechanism: simple checksum

[2025-08-25 20:46:50.816 CEST] [136.975] [-7.4/-49.1 dBFS] [41.8 dB] [1.2 ppm]
GROUND_Y (Ground station, On ground) -> AIRCRAFT (Aircraft): Command
AVLC type: I sseq: 2 rseq: 2 poll: 0
 X.25 Data: grp: 11 chan: 255 sseq: 0 rseq: 0 more: 0
  X.25 reasm status: skipped
  X.233 CLNP Data:
   Src NSAP: 47 00 27 01 53 49 54 00 59 55 4c 00 01 08 00 20 ff ba 45 00	"G.'.SIT.YUL.... ..E."
   Dst NSAP: 47 00 27 c1 53 55 49 00 xx xx xx 01 01 55 4c 38 30 58 31 00	"G.'.SUI.K....UL80X1."
   Lifetime: 20.0 sec
   Flags: SP E/R
   Segmentation:
    PDU Id: 0x3682
    Segment offset: 0
    PDU total length: 140
    CLNP reasm status: skipped
   Options:
    LRef: 0x40
    QoS maintenance: 0xd6
    Security:
     Reg ID: 06 04 2b 1b 00 00
     Info:
      Traffic type:
       Type: ATN system management
       Category: none
       Route policy: 0x00
    Priority: 0x0e
   IDRP Open: seq: 50 ack: 2 credit_offered: 4 credit_avail: 0
    Hold Time: 900 seconds
    Max. PDU size: 3000 octets
    Source RDI: 47 00 27 01 53 49 54 00 59 55 4c	"G.'.SIT.YUL"
    RIB Attribute Set:
     RibAtt #0:
      Security:
       Reg ID: 06 04 2b 1b 00 00
    Auth mechanism: simple checksum


[2025-08-25 20:46:54.168 CEST] [136.975] [-7.4/-49.6 dBFS] [42.2 dB] [1.1 ppm]
GROUND_Y (Ground station, On ground) -> AIRCRAFT (Aircraft): Command
AVLC type: I sseq: 2 rseq: 2 poll: 0
 X.25 Data: grp: 11 chan: 255 sseq: 0 rseq: 0 more: 0
  X.25 reasm status: skipped
  X.233 CLNP Data:
   Src NSAP: 47 00 27 01 53 49 54 00 59 55 4c 00 01 08 00 20 ff ba 45 00	"G.'.SIT.YUL.... ..E."
   Dst NSAP: 47 00 27 c1 53 55 49 00 xx xx xx 01 01 55 4c 38 30 58 31 00	"G.'.SUI.K....UL80X1."
   Lifetime: 20.0 sec
   Flags: SP E/R
   Segmentation:
    PDU Id: 0x3682
    Segment offset: 0
    PDU total length: 140
    CLNP reasm status: skipped
   Options:
    LRef: 0x40
    QoS maintenance: 0xd6
    Security:
     Reg ID: 06 04 2b 1b 00 00
     Info:
      Traffic type:
       Type: ATN system management
       Category: none
       Route policy: 0x00
    Priority: 0x0e
   IDRP Open: seq: 50 ack: 2 credit_offered: 4 credit_avail: 0
    Hold Time: 900 seconds
    Max. PDU size: 3000 octets
    Source RDI: 47 00 27 01 53 49 54 00 59 55 4c	"G.'.SIT.YUL"
    RIB Attribute Set:
     RibAtt #0:
      Security:
       Reg ID: 06 04 2b 1b 00 00
    Auth mechanism: simple checksum

[2025-08-25 20:46:54.930 CEST] [136.975] [-10.7/-49.2 dBFS] [38.5 dB] [2.5 ppm]
GROUND_X (Ground station, On ground) -> FFFFFF (Aircraft): Command
AVLC type: U (DISC) P/F: 0

[2025-08-25 20:46:57.828 CEST] [136.975] [-7.4/-49.4 dBFS] [42.0 dB] [1.1 ppm]
GROUND_Y (Ground station, On ground) -> AIRCRAFT (Aircraft): Command
AVLC type: I sseq: 3 rseq: 2 poll: 0
 X.25 Data: grp: 11 chan: 255 sseq: 1 rseq: 0 more: 0
  X.25 reasm status: skipped
  X.233 CLNP Data (compressed header):
   LRef: 0x40 Prio: 14 Flags: 0xf6
   Lifetime: 20.0 sec
   PDU Id: 0x36f4
   IDRP Open: seq: 50 ack: 2 credit_offered: 4 credit_avail: 0
    Hold Time: 900 seconds
    Max. PDU size: 3000 octets
    Source RDI: 47 00 27 01 53 49 54 00 59 55 4c	"G.'.SIT.YUL"
    RIB Attribute Set:
     RibAtt #0:
      Security:
       Reg ID: 06 04 2b 1b 00 00
    Auth mechanism: simple checksum

[2025-08-25 20:47:00.875 CEST] [136.975] [-7.5/-49.3 dBFS] [41.8 dB] [0.9 ppm]
GROUND_Y (Ground station, On ground) -> AIRCRAFT (Aircraft): Command
AVLC type: I sseq: 2 rseq: 2 poll: 0
 X.25 Data: grp: 11 chan: 255 sseq: 0 rseq: 0 more: 0
  X.25 reasm status: skipped
  X.233 CLNP Data:
   Src NSAP: 47 00 27 01 53 49 54 00 59 55 4c 00 01 08 00 20 ff ba 45 00	"G.'.SIT.YUL.... ..E."
   Dst NSAP: 47 00 27 c1 53 55 49 00 xx xx xx 01 01 55 4c 38 30 58 31 00	"G.'.SUI.K....UL80X1."
   Lifetime: 20.0 sec
   Flags: SP E/R
   Segmentation:
    PDU Id: 0x3682
    Segment offset: 0
    PDU total length: 140
    CLNP reasm status: skipped
   Options:
    LRef: 0x40
    QoS maintenance: 0xd6
    Security:
     Reg ID: 06 04 2b 1b 00 00
     Info:
      Traffic type:
       Type: ATN system management
       Category: none
       Route policy: 0x00
    Priority: 0x0e
   IDRP Open: seq: 50 ack: 2 credit_offered: 4 credit_avail: 0
    Hold Time: 900 seconds
    Max. PDU size: 3000 octets
    Source RDI: 47 00 27 01 53 49 54 00 59 55 4c	"G.'.SIT.YUL"
    RIB Attribute Set:
     RibAtt #0:
      Security:
       Reg ID: 06 04 2b 1b 00 00
    Auth mechanism: simple checksum

[2025-08-25 20:47:00.875 CEST] [136.975] [-7.5/-49.3 dBFS] [41.8 dB] [0.9 ppm]
GROUND_Y (Ground station, On ground) -> AIRCRAFT (Aircraft): Command
AVLC type: I sseq: 3 rseq: 2 poll: 0
 X.25 Data: grp: 11 chan: 255 sseq: 1 rseq: 0 more: 0
  X.25 reasm status: skipped
  X.233 CLNP Data (compressed header):
   LRef: 0x40 Prio: 14 Flags: 0xf6
   Lifetime: 20.0 sec
   PDU Id: 0x36f4
   IDRP Open: seq: 50 ack: 2 credit_offered: 4 credit_avail: 0
    Hold Time: 900 seconds
    Max. PDU size: 3000 octets
    Source RDI: 47 00 27 01 53 49 54 00 59 55 4c	"G.'.SIT.YUL"
    RIB Attribute Set:
     RibAtt #0:
      Security:
       Reg ID: 06 04 2b 1b 00 00
    Auth mechanism: simple checksum

[2025-08-25 20:47:09.103 CEST] [136.975] [-7.5/-49.2 dBFS] [41.6 dB] [1.2 ppm]
GROUND_Y (Ground station, On ground) -> AIRCRAFT (Aircraft): Command
AVLC type: I sseq: 2 rseq: 2 poll: 0
 X.25 Data: grp: 11 chan: 255 sseq: 0 rseq: 0 more: 0
  X.25 reasm status: skipped
  X.233 CLNP Data:
   Src NSAP: 47 00 27 01 53 49 54 00 59 55 4c 00 01 08 00 20 ff ba 45 00	"G.'.SIT.YUL.... ..E."
   Dst NSAP: 47 00 27 c1 53 55 49 00 xx xx xx 01 01 55 4c 38 30 58 31 00	"G.'.SUI.K....UL80X1."
   Lifetime: 20.0 sec
   Flags: SP E/R
   Segmentation:
    PDU Id: 0x3682
    Segment offset: 0
    PDU total length: 140
    CLNP reasm status: skipped
   Options:
    LRef: 0x40
    QoS maintenance: 0xd6
    Security:
     Reg ID: 06 04 2b 1b 00 00
     Info:
      Traffic type:
       Type: ATN system management
       Category: none
       Route policy: 0x00
    Priority: 0x0e
   IDRP Open: seq: 50 ack: 2 credit_offered: 4 credit_avail: 0
    Hold Time: 900 seconds
    Max. PDU size: 3000 octets
    Source RDI: 47 00 27 01 53 49 54 00 59 55 4c	"G.'.SIT.YUL"
    RIB Attribute Set:
     RibAtt #0:
      Security:
       Reg ID: 06 04 2b 1b 00 00
    Auth mechanism: simple checksum

[2025-08-25 20:47:09.103 CEST] [136.975] [-7.5/-49.2 dBFS] [41.6 dB] [1.2 ppm]
GROUND_Y (Ground station, On ground) -> AIRCRAFT (Aircraft): Command
AVLC type: I sseq: 3 rseq: 2 poll: 0
 X.25 Data: grp: 11 chan: 255 sseq: 1 rseq: 0 more: 0
  X.25 reasm status: skipped
  X.233 CLNP Data (compressed header):
   LRef: 0x40 Prio: 14 Flags: 0xf6
   Lifetime: 20.0 sec
   PDU Id: 0x36f4
   IDRP Open: seq: 50 ack: 2 credit_offered: 4 credit_avail: 0
    Hold Time: 900 seconds
    Max. PDU size: 3000 octets
    Source RDI: 47 00 27 01 53 49 54 00 59 55 4c	"G.'.SIT.YUL"
    RIB Attribute Set:
     RibAtt #0:
      Security:
       Reg ID: 06 04 2b 1b 00 00
    Auth mechanism: simple checksum

[2025-08-25 20:47:12.911 CEST] [136.975] [-7.5/-49.2 dBFS] [41.6 dB] [0.9 ppm]
GROUND_Y (Ground station, On ground) -> AIRCRAFT (Aircraft): Command
AVLC type: I sseq: 4 rseq: 2 poll: 0
 X.25 Data: grp: 11 chan: 255 sseq: 2 rseq: 0 more: 0
  X.25 reasm status: skipped
  X.233 CLNP Data (compressed header):
   LRef: 0x40 Prio: 14 Flags: 0xf6
   Lifetime: 20.0 sec
   PDU Id: 0x3747
   IDRP Open: seq: 50 ack: 2 credit_offered: 4 credit_avail: 0
    Hold Time: 900 seconds
    Max. PDU size: 3000 octets
    Source RDI: 47 00 27 01 53 49 54 00 59 55 4c	"G.'.SIT.YUL"
    RIB Attribute Set:
     RibAtt #0:
      Security:
       Reg ID: 06 04 2b 1b 00 00
    Auth mechanism: simple checksum

[2025-08-25 20:47:32.263 CEST] [136.975] [-9.8/-49.4 dBFS] [39.5 dB] [0.9 ppm]
GROUND_X (Ground station, On ground) -> FFFFFF (Aircraft): Command
AVLC type: U (XID) P/F: 0
 XID: Ground Station Information Frame
  Public params:
   Parameter set ID: 8885:1993
   Procedure classes: 00 01
   HDLC options: 20 a4 88
  VDL params:
   Parameter set ID: V
   AVLC specific options: 64
   Frequency support list:
    Ground station: xxxxxx
     Frequency: 136.875 MHz (VDL-M2, D8PSK, 31500 bps)
    Ground station: xxxxxx
     Frequency: 136.875 MHz (VDL-M2, D8PSK, 31500 bps)
   Timer T4: 00 02
   Airport coverage: xxxx
   ATN router NETs: 53 49 54 00 00 01	"SIT..."
   System mask: 200000
   Ground station location: xN yE

[2025-08-25 20:47:32.265 CEST] [136.975] [1.9/-49.2 dBFS] [51.1 dB] [0.1 ppm]
AIRCRAFT (Aircraft, On ground) -> GROUND_X (Ground station): Command
AVLC type: U (XID) P/F: 1
 XID: Link Establishment
  Public params:
   Parameter set ID: 8885:1993
   HDLC options: 20 84 80
   Procedure classes: 00 01
  VDL params:
   Parameter set ID: V
   Connection management: 00
   XID sequencing: seq: 3 retry: 0
   AVLC specific options: 64
   Modulation support: VDL-M2, D8PSK, 31500 bps
   Aircraft location: xN yE 0 ft

[2025-08-25 20:47:32.417 CEST] [136.975] [-13.7/-49.1 dBFS] [35.4 dB] [1.2 ppm]
GROUND_X (Ground station, On ground) -> AIRCRAFT (Aircraft): Response
AVLC type: U (XID) P/F: 1
 XID: Link Establishment Response
  Public params:
   Parameter set ID: 8885:1993
   Procedure classes: 00 01
   HDLC options: 20 a4 88
  VDL params:
   Parameter set ID: V
   Connection management: 00
   XID sequencing: seq: 3 retry: 0
   AVLC specific options: 64
   Airport coverage: xxxx
   ATN router NETs: 53 49 54 00 00 01	"SIT..."
   System mask: 200000
   Ground station location: xN yE

[2025-08-25 20:47:32.721 CEST] [136.975] [1.8/-49.1 dBFS] [50.8 dB] [0.2 ppm]
AIRCRAFT (Aircraft, On ground) -> GROUND_X (Ground station): Command
AVLC type: I sseq: 0 rseq: 0 poll: 0
 ACARS:
  Reassembly: skipped
  Reg: ..CPDLC Flight: HB0000
  Mode: 2 Label: Q0 Blk id: 9 More: 0 Ack: ! Msg num: M18A

[2025-08-25 20:47:33.178 CEST] [136.975] [-13.7/-49.3 dBFS] [35.6 dB] [1.1 ppm]
GROUND_X (Ground station, On ground) -> AIRCRAFT (Aircraft): Command
AVLC type: I sseq: 0 rseq: 1 poll: 0
 ACARS:
  Reassembly: skipped
  Reg: ..CPDLC
  Mode: 2 Label: _d Blk id: A More: 0 Ack: 9

[2025-08-25 20:47:33.482 CEST] [136.975] [1.8/-49.3 dBFS] [51.1 dB] [0.2 ppm]
AIRCRAFT (Aircraft, On ground) -> GROUND_X (Ground station): Command
AVLC type: I sseq: 1 rseq: 1 poll: 0
 X.25 Call Request: grp: 11 chan: 255 src: 22677777 dst: none
  Facilities:
   Fast Select: requested
   Called address extension: 8c 53 49 54 00 00 01	".SIT..."
  Compression support: LREF, LREF-CAN
  M/I: 0
  ES-IS IS Hello: Hold Time: 30 sec
   NET: 47 00 27 c1 53 55 49 00 xx xx xx 01 01 55 4c 38 30 58 31 00	"G.'.SUI.K....UL80X1."

[2025-08-25 20:47:33.789 CEST] [136.975] [-13.6/-49.5 dBFS] [35.8 dB] [0.9 ppm]
GROUND_X (Ground station, On ground) -> AIRCRAFT (Aircraft): Command
AVLC type: I sseq: 1 rseq: 2 poll: 0
 X.25 Call Accepted: grp: 11 chan: 255 src: 22677777 dst: 1116900402899
  Facilities:
   Max. packet size:
    From calling DTE: 256 bytes
    From called  DTE: 256 bytes
   Window size:
    From calling DTE: 4 packets
    From called  DTE: 4 packets
   Called line address modified: 0f
  Compression support: LREF, LREF-CAN
  M/I: 0
  ES-IS IS Hello: Hold Time: 65534 sec
   NET: 47 00 27 01 53 49 54 00 59 55 4c 00 01 08 00 20 ff ba 45 00	"G.'.SIT.YUL.... ..E."
   Options:
    ATN Data Link Capabilities: 01
    Mobile Subnetwork Capabilities:
     Permitted traffic: all
     Supported ATSC classes: A

[2025-08-25 20:47:34.399 CEST] [136.975] [1.9/-49.2 dBFS] [51.0 dB] [0.2 ppm]
AIRCRAFT (Aircraft, On ground) -> GROUND_X (Ground station): Response
AVLC type: S (Receive Ready) P/F: 0 rseq: 2

[2025-08-25 20:47:34.853 CEST] [136.975] [-13.5/-49.5 dBFS] [36.0 dB] [2.6 ppm]
GROUND_X (Ground station, On ground) -> FFFFFF (Aircraft): Command
AVLC type: U (DISC) P/F: 0

[2025-08-25 20:47:37.139 CEST] [136.975] [-9.8/-49.4 dBFS] [39.6 dB] [1.2 ppm]
GROUND_X (Ground station, On ground) -> AIRCRAFT (Aircraft): Command
AVLC type: I sseq: 2 rseq: 2 poll: 0
 X.25 Data: grp: 11 chan: 255 sseq: 0 rseq: 0 more: 0
  X.25 reasm status: skipped
  X.233 CLNP Data:
   Src NSAP: 47 00 27 01 53 49 54 00 59 55 4c 00 01 08 00 20 ff ba 45 00	"G.'.SIT.YUL.... ..E."
   Dst NSAP: 47 00 27 c1 53 55 49 00 xx xx xx 01 01 55 4c 38 30 58 31 00	"G.'.SUI.K....UL80X1."
   Lifetime: 20.0 sec
   Flags: SP E/R
   Segmentation:
    PDU Id: 0x37c4
    Segment offset: 0
    PDU total length: 140
    CLNP reasm status: skipped
   Options:
    LRef: 0x40
    QoS maintenance: 0xd6
    Security:
     Reg ID: 06 04 2b 1b 00 00
     Info:
      Traffic type:
       Type: ATN system management
       Category: none
       Route policy: 0x00
    Priority: 0x0e
   IDRP Open: seq: 52 ack: 2 credit_offered: 4 credit_avail: 0
    Hold Time: 900 seconds
    Max. PDU size: 3000 octets
    Source RDI: 47 00 27 01 53 49 54 00 59 55 4c	"G.'.SIT.YUL"
    RIB Attribute Set:
     RibAtt #0:
      Security:
       Reg ID: 06 04 2b 1b 00 00
    Auth mechanism: simple checksum

[2025-08-25 20:47:37.139 CEST] [136.975] [-9.8/-49.4 dBFS] [39.6 dB] [1.2 ppm]
GROUND_X (Ground station, On ground) -> AIRCRAFT (Aircraft): Command
AVLC type: I sseq: 2 rseq: 2 poll: 0
 X.25 Data: grp: 11 chan: 255 sseq: 0 rseq: 0 more: 0
  X.25 reasm status: skipped
  X.233 CLNP Data:
   Src NSAP: 47 00 27 01 53 49 54 00 59 55 4c 00 01 08 00 20 ff ba 45 00	"G.'.SIT.YUL.... ..E."
   Dst NSAP: 47 00 27 c1 53 55 49 00 xx xx xx 01 01 55 4c 38 30 58 31 00	"G.'.SUI.K....UL80X1."
   Lifetime: 20.0 sec
   Flags: SP E/R
   Segmentation:
    PDU Id: 0x37c4
    Segment offset: 0
    PDU total length: 140
    CLNP reasm status: skipped
   Options:
    LRef: 0x40
    QoS maintenance: 0xd6
    Security:
     Reg ID: 06 04 2b 1b 00 00
     Info:
      Traffic type:
       Type: ATN system management
       Category: none
       Route policy: 0x00
    Priority: 0x0e
   IDRP Open: seq: 52 ack: 2 credit_offered: 4 credit_avail: 0
    Hold Time: 900 seconds
    Max. PDU size: 3000 octets
    Source RDI: 47 00 27 01 53 49 54 00 59 55 4c	"G.'.SIT.YUL"
    RIB Attribute Set:
     RibAtt #0:
      Security:
       Reg ID: 06 04 2b 1b 00 00
    Auth mechanism: simple checksum

[2025-08-25 20:47:41.711 CEST] [136.975] [-9.8/-49.4 dBFS] [39.6 dB] [1.2 ppm]
GROUND_X (Ground station, On ground) -> AIRCRAFT (Aircraft): Command
AVLC type: I sseq: 2 rseq: 2 poll: 0
 X.25 Data: grp: 11 chan: 255 sseq: 0 rseq: 0 more: 0
  X.25 reasm status: skipped
  X.233 CLNP Data:
   Src NSAP: 47 00 27 01 53 49 54 00 59 55 4c 00 01 08 00 20 ff ba 45 00	"G.'.SIT.YUL.... ..E."
   Dst NSAP: 47 00 27 c1 53 55 49 00 xx xx xx 01 01 55 4c 38 30 58 31 00	"G.'.SUI.K....UL80X1."
   Lifetime: 20.0 sec
   Flags: SP E/R
   Segmentation:
    PDU Id: 0x37c4
    Segment offset: 0
    PDU total length: 140
    CLNP reasm status: skipped
   Options:
    LRef: 0x40
    QoS maintenance: 0xd6
    Security:
     Reg ID: 06 04 2b 1b 00 00
     Info:
      Traffic type:
       Type: ATN system management
       Category: none
       Route policy: 0x00
    Priority: 0x0e
   IDRP Open: seq: 52 ack: 2 credit_offered: 4 credit_avail: 0
    Hold Time: 900 seconds
    Max. PDU size: 3000 octets
    Source RDI: 47 00 27 01 53 49 54 00 59 55 4c	"G.'.SIT.YUL"
    RIB Attribute Set:
     RibAtt #0:
      Security:
       Reg ID: 06 04 2b 1b 00 00
    Auth mechanism: simple checksum

[2025-08-25 20:47:47.351 CEST] [136.975] [-9.8/-49.3 dBFS] [39.5 dB] [1.2 ppm]
GROUND_X (Ground station, On ground) -> AIRCRAFT (Aircraft): Command
AVLC type: I sseq: 2 rseq: 2 poll: 0
 X.25 Data: grp: 11 chan: 255 sseq: 0 rseq: 0 more: 0
  X.25 reasm status: skipped
  X.233 CLNP Data:
   Src NSAP: 47 00 27 01 53 49 54 00 59 55 4c 00 01 08 00 20 ff ba 45 00	"G.'.SIT.YUL.... ..E."
   Dst NSAP: 47 00 27 c1 53 55 49 00 xx xx xx 01 01 55 4c 38 30 58 31 00	"G.'.SUI.K....UL80X1."
   Lifetime: 20.0 sec
   Flags: SP E/R
   Segmentation:
    PDU Id: 0x37c4
    Segment offset: 0
    PDU total length: 140
    CLNP reasm status: skipped
   Options:
    LRef: 0x40
    QoS maintenance: 0xd6
    Security:
     Reg ID: 06 04 2b 1b 00 00
     Info:
      Traffic type:
       Type: ATN system management
       Category: none
       Route policy: 0x00
    Priority: 0x0e
   IDRP Open: seq: 52 ack: 2 credit_offered: 4 credit_avail: 0
    Hold Time: 900 seconds
    Max. PDU size: 3000 octets
    Source RDI: 47 00 27 01 53 49 54 00 59 55 4c	"G.'.SIT.YUL"
    RIB Attribute Set:
     RibAtt #0:
      Security:
       Reg ID: 06 04 2b 1b 00 00
    Auth mechanism: simple checksum

[2025-08-25 20:47:48.720 CEST] [136.975] [-9.8/-49.4 dBFS] [39.6 dB] [1.1 ppm]
GROUND_X (Ground station, On ground) -> AIRCRAFT (Aircraft): Command
AVLC type: I sseq: 3 rseq: 2 poll: 0
 X.25 Data: grp: 11 chan: 255 sseq: 1 rseq: 0 more: 0
  X.25 reasm status: skipped
  X.233 CLNP Data (compressed header):
   LRef: 0x40 Prio: 14 Flags: 0xf6
   Lifetime: 20.0 sec
   PDU Id: 0x382d
   IDRP Open: seq: 52 ack: 2 credit_offered: 4 credit_avail: 0
    Hold Time: 900 seconds
    Max. PDU size: 3000 octets
    Source RDI: 47 00 27 01 53 49 54 00 59 55 4c	"G.'.SIT.YUL"
    RIB Attribute Set:
     RibAtt #0:
      Security:
       Reg ID: 06 04 2b 1b 00 00
    Auth mechanism: simple checksum

[2025-08-25 20:47:53.749 CEST] [136.975] [-9.8/-49.1 dBFS] [39.3 dB] [1.0 ppm]
GROUND_X (Ground station, On ground) -> AIRCRAFT (Aircraft): Command
AVLC type: I sseq: 2 rseq: 2 poll: 0
 X.25 Data: grp: 11 chan: 255 sseq: 0 rseq: 0 more: 0
  X.25 reasm status: skipped
  X.233 CLNP Data:
   Src NSAP: 47 00 27 01 53 49 54 00 59 55 4c 00 01 08 00 20 ff ba 45 00	"G.'.SIT.YUL.... ..E."
   Dst NSAP: 47 00 27 c1 53 55 49 00 xx xx xx 01 01 55 4c 38 30 58 31 00	"G.'.SUI.K....UL80X1."
   Lifetime: 20.0 sec
   Flags: SP E/R
   Segmentation:
    PDU Id: 0x37c4
    Segment offset: 0
    PDU total length: 140
    CLNP reasm status: skipped
   Options:
    LRef: 0x40
    QoS maintenance: 0xd6
    Security:
     Reg ID: 06 04 2b 1b 00 00
     Info:
      Traffic type:
       Type: ATN system management
       Category: none
       Route policy: 0x00
    Priority: 0x0e
   IDRP Open: seq: 52 ack: 2 credit_offered: 4 credit_avail: 0
    Hold Time: 900 seconds
    Max. PDU size: 3000 octets
    Source RDI: 47 00 27 01 53 49 54 00 59 55 4c	"G.'.SIT.YUL"
    RIB Attribute Set:
     RibAtt #0:
      Security:
       Reg ID: 06 04 2b 1b 00 00
    Auth mechanism: simple checksum

[2025-08-25 20:47:53.749 CEST] [136.975] [-9.8/-49.1 dBFS] [39.3 dB] [1.0 ppm]
GROUND_X (Ground station, On ground) -> AIRCRAFT (Aircraft): Command
AVLC type: I sseq: 3 rseq: 2 poll: 0
 X.25 Data: grp: 11 chan: 255 sseq: 1 rseq: 0 more: 0
  X.25 reasm status: skipped
  X.233 CLNP Data (compressed header):
   LRef: 0x40 Prio: 14 Flags: 0xf6
   Lifetime: 20.0 sec
   PDU Id: 0x382d
   IDRP Open: seq: 52 ack: 2 credit_offered: 4 credit_avail: 0
    Hold Time: 900 seconds
    Max. PDU size: 3000 octets
    Source RDI: 47 00 27 01 53 49 54 00 59 55 4c	"G.'.SIT.YUL"
    RIB Attribute Set:
     RibAtt #0:
      Security:
       Reg ID: 06 04 2b 1b 00 00
    Auth mechanism: simple checksum


[2025-08-25 20:48:01.828 CEST] [136.975] [-9.8/-49.0 dBFS] [39.2 dB] [1.0 ppm]
GROUND_X (Ground station, On ground) -> AIRCRAFT (Aircraft): Command
AVLC type: I sseq: 2 rseq: 2 poll: 0
 X.25 Data: grp: 11 chan: 255 sseq: 0 rseq: 0 more: 0
  X.25 reasm status: skipped
  X.233 CLNP Data:
   Src NSAP: 47 00 27 01 53 49 54 00 59 55 4c 00 01 08 00 20 ff ba 45 00	"G.'.SIT.YUL.... ..E."
   Dst NSAP: 47 00 27 c1 53 55 49 00 xx xx xx 01 01 55 4c 38 30 58 31 00	"G.'.SUI.K....UL80X1."
   Lifetime: 20.0 sec
   Flags: SP E/R
   Segmentation:
    PDU Id: 0x37c4
    Segment offset: 0
    PDU total length: 140
    CLNP reasm status: skipped
   Options:
    LRef: 0x40
    QoS maintenance: 0xd6
    Security:
     Reg ID: 06 04 2b 1b 00 00
     Info:
      Traffic type:
       Type: ATN system management
       Category: none
       Route policy: 0x00
    Priority: 0x0e
   IDRP Open: seq: 52 ack: 2 credit_offered: 4 credit_avail: 0
    Hold Time: 900 seconds
    Max. PDU size: 3000 octets
    Source RDI: 47 00 27 01 53 49 54 00 59 55 4c	"G.'.SIT.YUL"
    RIB Attribute Set:
     RibAtt #0:
      Security:
       Reg ID: 06 04 2b 1b 00 00
    Auth mechanism: simple checksum

[2025-08-25 20:48:01.828 CEST] [136.975] [-9.8/-49.0 dBFS] [39.2 dB] [1.0 ppm]
GROUND_X (Ground station, On ground) -> AIRCRAFT (Aircraft): Command
AVLC type: I sseq: 3 rseq: 2 poll: 0
 X.25 Data: grp: 11 chan: 255 sseq: 1 rseq: 0 more: 0
  X.25 reasm status: skipped
  X.233 CLNP Data (compressed header):
   LRef: 0x40 Prio: 14 Flags: 0xf6
   Lifetime: 20.0 sec
   PDU Id: 0x382d
   IDRP Open: seq: 52 ack: 2 credit_offered: 4 credit_avail: 0
    Hold Time: 900 seconds
    Max. PDU size: 3000 octets
    Source RDI: 47 00 27 01 53 49 54 00 59 55 4c	"G.'.SIT.YUL"
    RIB Attribute Set:
     RibAtt #0:
      Security:
       Reg ID: 06 04 2b 1b 00 00
    Auth mechanism: simple checksum

[2025-08-25 20:48:43.580 CEST] [136.975] [-7.4/-49.4 dBFS] [42.1 dB] [1.2 ppm]
GROUND_Y (Ground station, On ground) -> FFFFFF (Aircraft): Command
AVLC type: U (XID) P/F: 0
 XID: Ground Station Information Frame
  Public params:
   Parameter set ID: 8885:1993
   Procedure classes: 00 01
   HDLC options: 20 a4 88
  VDL params:
   Parameter set ID: V
   AVLC specific options: 64
   Frequency support list:
    Ground station: xxxxxx
     Frequency: 136.875 MHz (VDL-M2, D8PSK, 31500 bps)
    Ground station: xxxxxx
     Frequency: 136.875 MHz (VDL-M2, D8PSK, 31500 bps)
   Timer T4: 00 02
   Airport coverage: xxxx
   ATN router NETs: 53 49 54 00 00 01	"SIT..."
   System mask: 200000
   Ground station location: xN yE

[2025-08-25 20:48:43.730 CEST] [136.975] [1.8/-49.3 dBFS] [51.1 dB] [0.2 ppm]
AIRCRAFT (Aircraft, On ground) -> GROUND_Y (Ground station): Command
AVLC type: U (XID) P/F: 1
 XID: Link Establishment
  Public params:
   Parameter set ID: 8885:1993
   HDLC options: 20 84 80
   Procedure classes: 00 01
  VDL params:
   Parameter set ID: V
   Connection management: 00
   XID sequencing: seq: 4 retry: 0
   AVLC specific options: 64
   Modulation support: VDL-M2, D8PSK, 31500 bps
   Aircraft location: xN yE 0 ft

[2025-08-25 20:48:43.732 CEST] [136.975] [-7.4/-49.2 dBFS] [41.9 dB] [1.0 ppm]
GROUND_Y (Ground station, On ground) -> AIRCRAFT (Aircraft): Response
AVLC type: U (XID) P/F: 1
 XID: Link Establishment Response
  Public params:
   Parameter set ID: 8885:1993
   Procedure classes: 00 01
   HDLC options: 20 a4 88
  VDL params:
   Parameter set ID: V
   Connection management: 00
   XID sequencing: seq: 4 retry: 0
   AVLC specific options: 64
   Airport coverage: xxxx
   ATN router NETs: 53 49 54 00 00 01	"SIT..."
   System mask: 200000
   Ground station location: xN yE

[2025-08-25 20:48:44.038 CEST] [136.975] [1.9/-49.3 dBFS] [51.1 dB] [0.0 ppm]
AIRCRAFT (Aircraft, On ground) -> GROUND_Y (Ground station): Command
AVLC type: I sseq: 0 rseq: 0 poll: 0
 ACARS:
  Reassembly: skipped
  Reg: ..CPDLC Flight: HB0000
  Mode: 2 Label: Q0 Blk id: 0 More: 0 Ack: ! Msg num: M19A

[2025-08-25 20:48:44.341 CEST] [136.975] [-11.1/-49.1 dBFS] [37.9 dB] [0.9 ppm]
GROUND_Y (Ground station, On ground) -> AIRCRAFT (Aircraft): Command
AVLC type: I sseq: 0 rseq: 1 poll: 0
 ACARS:
  Reassembly: skipped
  Reg: ..CPDLC
  Mode: 2 Label: _d Blk id: A More: 0 Ack: 0

[2025-08-25 20:48:44.950 CEST] [136.975] [1.8/-49.2 dBFS] [50.9 dB] [0.2 ppm]
AIRCRAFT (Aircraft, On ground) -> GROUND_Y (Ground station): Command
AVLC type: I sseq: 1 rseq: 1 poll: 0
 X.25 Call Request: grp: 11 chan: 255 src: 22677777 dst: none
  Facilities:
   Fast Select: requested
   Called address extension: 8c 53 49 54 00 00 01	".SIT..."
  Compression support: LREF, LREF-CAN
  M/I: 0
  ES-IS IS Hello: Hold Time: 30 sec
   NET: 47 00 27 c1 53 55 49 00 xx xx xx 01 01 55 4c 38 30 58 31 00	"G.'.SUI.K....UL80X1."

[2025-08-25 20:48:45.254 CEST] [136.975] [-11.1/-49.2 dBFS] [38.1 dB] [0.9 ppm]
GROUND_Y (Ground station, On ground) -> AIRCRAFT (Aircraft): Command
AVLC type: I sseq: 1 rseq: 2 poll: 0
 X.25 Call Accepted: grp: 11 chan: 255 src: 22677777 dst: 1116900402899
  Facilities:
   Max. packet size:
    From calling DTE: 256 bytes
    From called  DTE: 256 bytes
   Window size:
    From calling DTE: 4 packets
    From called  DTE: 4 packets
   Called line address modified: 0f
  Compression support: LREF, LREF-CAN
  M/I: 0
  ES-IS IS Hello: Hold Time: 65534 sec
   NET: 47 00 27 01 53 49 54 00 59 55 4c 00 01 08 00 20 ff ba 45 00	"G.'.SIT.YUL.... ..E."
   Options:
    ATN Data Link Capabilities: 01
    Mobile Subnetwork Capabilities:
     Permitted traffic: all
     Supported ATSC classes: A

[2025-08-25 20:48:45.255 CEST] [136.975] [-11.1/-49.3 dBFS] [38.2 dB] [1.2 ppm]
GROUND_Y (Ground station, On ground) -> AIRCRAFT (Aircraft): Command
AVLC type: I sseq: 2 rseq: 2 poll: 0
 X.25 Data: grp: 11 chan: 255 sseq: 0 rseq: 0 more: 0
  X.25 reasm status: skipped
  X.233 CLNP Data:
   Src NSAP: 47 00 27 01 53 49 54 00 59 55 4c 00 01 08 00 20 ff ba 45 00	"G.'.SIT.YUL.... ..E."
   Dst NSAP: 47 00 27 c1 53 55 49 00 xx xx xx 01 01 55 4c 38 30 58 31 00	"G.'.SUI.K....UL80X1."
   Lifetime: 20.0 sec
   Flags: SP E/R
   Segmentation:
    PDU Id: 0x39ad
    Segment offset: 0
    PDU total length: 140
    CLNP reasm status: skipped
   Options:
    LRef: 0x40
    QoS maintenance: 0xd6
    Security:
     Reg ID: 06 04 2b 1b 00 00
     Info:
      Traffic type:
       Type: ATN system management
       Category: none
       Route policy: 0x00
    Priority: 0x0e
   IDRP Open: seq: 54 ack: 2 credit_offered: 4 credit_avail: 0
    Hold Time: 900 seconds
    Max. PDU size: 3000 octets
    Source RDI: 47 00 27 01 53 49 54 00 59 55 4c	"G.'.SIT.YUL"
    RIB Attribute Set:
     RibAtt #0:
      Security:
       Reg ID: 06 04 2b 1b 00 00
    Auth mechanism: simple checksum


[2025-08-25 20:48:45.561 CEST] [136.975] [1.7/-49.1 dBFS] [50.9 dB] [0.1 ppm]
AIRCRAFT (Aircraft, On ground) -> GROUND_Y (Ground station): Command
AVLC type: I sseq: 2 rseq: 3 poll: 0
 X.25 Data: grp: 11 chan: 255 sseq: 0 rseq: 1 more: 0
  X.25 reasm status: skipped
  X.233 CLNP Data (compressed header):
   LRef: 0x40 Prio: 14 Flags: 0xf6
   Lifetime: 32.0 sec
   PDU Id: 0x31
   IDRP Open: seq: 1 ack: 54 credit_offered: 3 credit_avail: 4
    Hold Time: 900 seconds
    Max. PDU size: 1024 octets
    Source RDI: 47 00 27 c1 53 55 49 00 xx xx xx	"G.'.SUI.K.."
    RIB Attribute Set:
     RibAtt #0:
      Security:
       Reg ID: 06 04 2b 1b 00 00
    Auth mechanism: simple checksum

[2025-08-25 20:48:45.864 CEST] [136.975] [-11.1/-49.2 dBFS] [38.1 dB] [1.0 ppm]
GROUND_Y (Ground station, On ground) -> AIRCRAFT (Aircraft): Command
AVLC type: I sseq: 3 rseq: 3 poll: 0
 X.25 Data: grp: 11 chan: 255 sseq: 1 rseq: 1 more: 0
  X.25 reasm status: skipped
  X.233 CLNP Data (compressed header):
   LRef: 0x40 Prio: 14 Flags: 0xf6
   Lifetime: 20.0 sec
   PDU Id: 0x39af
   IDRP Keepalive: seq: 55 ack: 1 credit_offered: 4 credit_avail: 3

[2025-08-25 20:48:46.016 CEST] [136.975] [-16.3/-49.3 dBFS] [33.0 dB] [2.7 ppm]
GROUND_Y (Ground station, On ground) -> FFFFFF (Aircraft): Command
AVLC type: U (DISC) P/F: 0

[2025-08-25 20:48:49.980 CEST] [136.975] [-7.4/-49.2 dBFS] [41.8 dB] [1.0 ppm]
GROUND_Y (Ground station, On ground) -> AIRCRAFT (Aircraft): Command
AVLC type: I sseq: 4 rseq: 3 poll: 0
 X.25 Data: grp: 11 chan: 255 sseq: 2 rseq: 1 more: 0
  X.25 reasm status: skipped
  X.233 CLNP Data (compressed header):
   LRef: 0x40 Prio: 14 Flags: 0xf6
   Lifetime: 20.0 sec
   PDU Id: 0x39b0
   IDRP Update: seq: 55 ack: 1 credit_offered: 4 credit_avail: 2
    Route:
     ID: 5218
     Local preference: 0
    Security:
     Reg ID: 06 04 2b 1b 00 00
     Info:
      Supported ATSC classes: A
      Subnetwork type:
       Subnet: VDL
       Permitted traffic: all
    RD path:
     RD_SEQ:
      47 00 27 01 53 49 54 00 00 00 01 0b 47 00 27 01 53 49 54 00 59 55 4c	"G.'.SIT.....G.'.SIT.YUL"
      47 00 27 01 53 49 54 00 59 55 4c	"G.'.SIT.YUL"
    RD hop count: 2
    Capacity: 12
    Reachability info:
     Protocol: CLNP
     Prefix length: 32
     Dest. address prefix: 47 00 27 01 20 47 00 27 81	"G.'. G.'."

[2025-08-25 20:48:49.980 CEST] [136.975] [-7.4/-49.2 dBFS] [41.8 dB] [1.0 ppm]
GROUND_Y (Ground station, On ground) -> AIRCRAFT (Aircraft): Command
AVLC type: I sseq: 3 rseq: 3 poll: 0
 X.25 Data: grp: 11 chan: 255 sseq: 1 rseq: 1 more: 0
  X.25 reasm status: skipped
  X.233 CLNP Data (compressed header):
   LRef: 0x40 Prio: 14 Flags: 0xf6
   Lifetime: 20.0 sec
   PDU Id: 0x39af
   IDRP Keepalive: seq: 55 ack: 1 credit_offered: 4 credit_avail: 3

[2025-08-25 20:48:49.980 CEST] [136.975] [-7.4/-49.2 dBFS] [41.8 dB] [1.0 ppm]
GROUND_Y (Ground station, On ground) -> AIRCRAFT (Aircraft): Command
AVLC type: I sseq: 4 rseq: 3 poll: 0
 X.25 Data: grp: 11 chan: 255 sseq: 2 rseq: 1 more: 0
  X.25 reasm status: skipped
  X.233 CLNP Data (compressed header):
   LRef: 0x40 Prio: 14 Flags: 0xf6
   Lifetime: 20.0 sec
   PDU Id: 0x39b0
   IDRP Update: seq: 55 ack: 1 credit_offered: 4 credit_avail: 2
    Route:
     ID: 5218
     Local preference: 0
    Security:
     Reg ID: 06 04 2b 1b 00 00
     Info:
      Supported ATSC classes: A
      Subnetwork type:
       Subnet: VDL
       Permitted traffic: all
    RD path:
     RD_SEQ:
      47 00 27 01 53 49 54 00 00 00 01 0b 47 00 27 01 53 49 54 00 59 55 4c	"G.'.SIT.....G.'.SIT.YUL"
      47 00 27 01 53 49 54 00 59 55 4c	"G.'.SIT.YUL"
    RD hop count: 2
    Capacity: 12
    Reachability info:
     Protocol: CLNP
     Prefix length: 32
     Dest. address prefix: 47 00 27 01 20 47 00 27 81	"G.'. G.'."

[2025-08-25 20:48:53.941 CEST] [136.975] [-7.5/-49.3 dBFS] [41.8 dB] [0.9 ppm]
GROUND_Y (Ground station, On ground) -> AIRCRAFT (Aircraft): Command
AVLC type: I sseq: 3 rseq: 3 poll: 0
 X.25 Data: grp: 11 chan: 255 sseq: 1 rseq: 1 more: 0
  X.25 reasm status: skipped
  X.233 CLNP Data (compressed header):
   LRef: 0x40 Prio: 14 Flags: 0xf6
   Lifetime: 20.0 sec
   PDU Id: 0x39af
   IDRP Keepalive: seq: 55 ack: 1 credit_offered: 4 credit_avail: 3

[2025-08-25 20:48:53.941 CEST] [136.975] [-7.5/-49.3 dBFS] [41.8 dB] [0.9 ppm]
GROUND_Y (Ground station, On ground) -> AIRCRAFT (Aircraft): Command
AVLC type: I sseq: 4 rseq: 3 poll: 0
 X.25 Data: grp: 11 chan: 255 sseq: 2 rseq: 1 more: 0
  X.25 reasm status: skipped
  X.233 CLNP Data (compressed header):
   LRef: 0x40 Prio: 14 Flags: 0xf6
   Lifetime: 20.0 sec
   PDU Id: 0x39b0
   IDRP Update: seq: 55 ack: 1 credit_offered: 4 credit_avail: 2
    Route:
     ID: 5218
     Local preference: 0
    Security:
     Reg ID: 06 04 2b 1b 00 00
     Info:
      Supported ATSC classes: A
      Subnetwork type:
       Subnet: VDL
       Permitted traffic: all
    RD path:
     RD_SEQ:
      47 00 27 01 53 49 54 00 00 00 01 0b 47 00 27 01 53 49 54 00 59 55 4c	"G.'.SIT.....G.'.SIT.YUL"
      47 00 27 01 53 49 54 00 59 55 4c	"G.'.SIT.YUL"
    RD hop count: 2
    Capacity: 12
    Reachability info:
     Protocol: CLNP
     Prefix length: 32
     Dest. address prefix: 47 00 27 01 20 47 00 27 81	"G.'. G.'."

[2025-08-25 20:48:57.447 CEST] [136.975] [-7.4/-49.1 dBFS] [41.7 dB] [0.9 ppm]
GROUND_Y (Ground station, On ground) -> AIRCRAFT (Aircraft): Command
AVLC type: I sseq: 3 rseq: 3 poll: 0
 X.25 Data: grp: 11 chan: 255 sseq: 1 rseq: 1 more: 0
  X.25 reasm status: skipped
  X.233 CLNP Data (compressed header):
   LRef: 0x40 Prio: 14 Flags: 0xf6
   Lifetime: 20.0 sec
   PDU Id: 0x39af
   IDRP Keepalive: seq: 55 ack: 1 credit_offered: 4 credit_avail: 3

[2025-08-25 20:48:57.447 CEST] [136.975] [-7.4/-49.1 dBFS] [41.7 dB] [0.9 ppm]
GROUND_Y (Ground station, On ground) -> AIRCRAFT (Aircraft): Command
AVLC type: I sseq: 4 rseq: 3 poll: 0
 X.25 Data: grp: 11 chan: 255 sseq: 2 rseq: 1 more: 0
  X.25 reasm status: skipped
  X.233 CLNP Data (compressed header):
   LRef: 0x40 Prio: 14 Flags: 0xf6
   Lifetime: 20.0 sec
   PDU Id: 0x39b0
   IDRP Update: seq: 55 ack: 1 credit_offered: 4 credit_avail: 2
    Route:
     ID: 5218
     Local preference: 0
    Security:
     Reg ID: 06 04 2b 1b 00 00
     Info:
      Supported ATSC classes: A
      Subnetwork type:
       Subnet: VDL
       Permitted traffic: all
    RD path:
     RD_SEQ:
      47 00 27 01 53 49 54 00 00 00 01 0b 47 00 27 01 53 49 54 00 59 55 4c	"G.'.SIT.....G.'.SIT.YUL"
      47 00 27 01 53 49 54 00 59 55 4c	"G.'.SIT.YUL"
    RD hop count: 2
    Capacity: 12
    Reachability info:
     Protocol: CLNP
     Prefix length: 32
     Dest. address prefix: 47 00 27 01 20 47 00 27 81	"G.'. G.'."

[2025-08-25 20:49:00.797 CEST] [136.975] [-7.5/-49.0 dBFS] [41.5 dB] [1.0 ppm]
GROUND_Y (Ground station, On ground) -> AIRCRAFT (Aircraft): Command
AVLC type: I sseq: 5 rseq: 3 poll: 0
 X.25 Data: grp: 11 chan: 255 sseq: 3 rseq: 1 more: 0
  X.25 reasm status: skipped
  X.233 CLNP Data (compressed header):
   LRef: 0x40 Prio: 14 Flags: 0xf6
   Lifetime: 20.0 sec
   PDU Id: 0x3a1e
   IDRP Update: seq: 55 ack: 1 credit_offered: 4 credit_avail: 2
    Route:
     ID: 5218
     Local preference: 0
    Security:
     Reg ID: 06 04 2b 1b 00 00
     Info:
      Supported ATSC classes: A
      Subnetwork type:
       Subnet: VDL
       Permitted traffic: all
    RD path:
     RD_SEQ:
      47 00 27 01 53 49 54 00 00 00 01 0b 47 00 27 01 53 49 54 00 59 55 4c	"G.'.SIT.....G.'.SIT.YUL"
      47 00 27 01 53 49 54 00 59 55 4c	"G.'.SIT.YUL"
    RD hop count: 2
    Capacity: 12
    Reachability info:
     Protocol: CLNP
     Prefix length: 32
     Dest. address prefix: 47 00 27 01 20 47 00 27 81	"G.'. G.'."

[2025-08-25 20:49:02.168 CEST] [136.975] [-7.4/-48.8 dBFS] [41.4 dB] [1.2 ppm]
GROUND_Y (Ground station, On ground) -> AIRCRAFT (Aircraft): Command
AVLC type: I sseq: 3 rseq: 3 poll: 0
 X.25 Data: grp: 11 chan: 255 sseq: 1 rseq: 1 more: 0
  X.25 reasm status: skipped
  X.233 CLNP Data (compressed header):
   LRef: 0x40 Prio: 14 Flags: 0xf6
   Lifetime: 20.0 sec
   PDU Id: 0x39af
   IDRP Keepalive: seq: 55 ack: 1 credit_offered: 4 credit_avail: 3

[2025-08-25 20:49:02.168 CEST] [136.975] [-7.4/-48.8 dBFS] [41.4 dB] [1.2 ppm]
GROUND_Y (Ground station, On ground) -> AIRCRAFT (Aircraft): Command
AVLC type: I sseq: 4 rseq: 3 poll: 0
 X.25 Data: grp: 11 chan: 255 sseq: 2 rseq: 1 more: 0
  X.25 reasm status: skipped
  X.233 CLNP Data (compressed header):
   LRef: 0x40 Prio: 14 Flags: 0xf6
   Lifetime: 20.0 sec
   PDU Id: 0x39b0
   IDRP Update: seq: 55 ack: 1 credit_offered: 4 credit_avail: 2
    Route:
     ID: 5218
     Local preference: 0
    Security:
     Reg ID: 06 04 2b 1b 00 00
     Info:
      Supported ATSC classes: A
      Subnetwork type:
       Subnet: VDL
       Permitted traffic: all
    RD path:
     RD_SEQ:
      47 00 27 01 53 49 54 00 00 00 01 0b 47 00 27 01 53 49 54 00 59 55 4c	"G.'.SIT.....G.'.SIT.YUL"
      47 00 27 01 53 49 54 00 59 55 4c	"G.'.SIT.YUL"
    RD hop count: 2
    Capacity: 12
    Reachability info:
     Protocol: CLNP
     Prefix length: 32
     Dest. address prefix: 47 00 27 01 20 47 00 27 81	"G.'. G.'."

[2025-08-25 20:49:02.168 CEST] [136.975] [-7.4/-48.8 dBFS] [41.4 dB] [1.2 ppm]
GROUND_Y (Ground station, On ground) -> AIRCRAFT (Aircraft): Command
AVLC type: I sseq: 5 rseq: 3 poll: 0
 X.25 Data: grp: 11 chan: 255 sseq: 3 rseq: 1 more: 0
  X.25 reasm status: skipped
  X.233 CLNP Data (compressed header):
   LRef: 0x40 Prio: 14 Flags: 0xf6
   Lifetime: 20.0 sec
   PDU Id: 0x3a1e
   IDRP Update: seq: 55 ack: 1 credit_offered: 4 credit_avail: 2
    Route:
     ID: 5218
     Local preference: 0
    Security:
     Reg ID: 06 04 2b 1b 00 00
     Info:
      Supported ATSC classes: A
      Subnetwork type:
       Subnet: VDL
       Permitted traffic: all
    RD path:
     RD_SEQ:
      47 00 27 01 53 49 54 00 00 00 01 0b 47 00 27 01 53 49 54 00 59 55 4c	"G.'.SIT.....G.'.SIT.YUL"
      47 00 27 01 53 49 54 00 59 55 4c	"G.'.SIT.YUL"
    RD hop count: 2
    Capacity: 12
    Reachability info:
     Protocol: CLNP
     Prefix length: 32
     Dest. address prefix: 47 00 27 01 20 47 00 27 81	"G.'. G.'."

[2025-08-25 20:49:10.247 CEST] [136.975] [-7.4/-49.2 dBFS] [41.8 dB] [1.1 ppm]
GROUND_Y (Ground station, On ground) -> AIRCRAFT (Aircraft): Command
AVLC type: I sseq: 3 rseq: 3 poll: 0
 X.25 Data: grp: 11 chan: 255 sseq: 1 rseq: 1 more: 0
  X.25 reasm status: skipped
  X.233 CLNP Data (compressed header):
   LRef: 0x40 Prio: 14 Flags: 0xf6
   Lifetime: 20.0 sec
   PDU Id: 0x39af
   IDRP Keepalive: seq: 55 ack: 1 credit_offered: 4 credit_avail: 3

[2025-08-25 20:49:10.247 CEST] [136.975] [-7.4/-49.2 dBFS] [41.8 dB] [1.1 ppm]
GROUND_Y (Ground station, On ground) -> AIRCRAFT (Aircraft): Command
AVLC type: I sseq: 4 rseq: 3 poll: 0
 X.25 Data: grp: 11 chan: 255 sseq: 2 rseq: 1 more: 0
  X.25 reasm status: skipped
  X.233 CLNP Data (compressed header):
   LRef: 0x40 Prio: 14 Flags: 0xf6
   Lifetime: 20.0 sec
   PDU Id: 0x39b0
   IDRP Update: seq: 55 ack: 1 credit_offered: 4 credit_avail: 2
    Route:
     ID: 5218
     Local preference: 0
    Security:
     Reg ID: 06 04 2b 1b 00 00
     Info:
      Supported ATSC classes: A
      Subnetwork type:
       Subnet: VDL
       Permitted traffic: all
    RD path:
     RD_SEQ:
      47 00 27 01 53 49 54 00 00 00 01 0b 47 00 27 01 53 49 54 00 59 55 4c	"G.'.SIT.....G.'.SIT.YUL"
      47 00 27 01 53 49 54 00 59 55 4c	"G.'.SIT.YUL"
    RD hop count: 2
    Capacity: 12
    Reachability info:
     Protocol: CLNP
     Prefix length: 32
     Dest. address prefix: 47 00 27 01 20 47 00 27 81	"G.'. G.'."

[2025-08-25 20:49:10.247 CEST] [136.975] [-7.4/-49.2 dBFS] [41.8 dB] [1.1 ppm]
GROUND_Y (Ground station, On ground) -> AIRCRAFT (Aircraft): Command
AVLC type: I sseq: 5 rseq: 3 poll: 0
 X.25 Data: grp: 11 chan: 255 sseq: 3 rseq: 1 more: 0
  X.25 reasm status: skipped
  X.233 CLNP Data (compressed header):
   LRef: 0x40 Prio: 14 Flags: 0xf6
   Lifetime: 20.0 sec
   PDU Id: 0x3a1e
   IDRP Update: seq: 55 ack: 1 credit_offered: 4 credit_avail: 2
    Route:
     ID: 5218
     Local preference: 0
    Security:
     Reg ID: 06 04 2b 1b 00 00
     Info:
      Supported ATSC classes: A
      Subnetwork type:
       Subnet: VDL
       Permitted traffic: all
    RD path:
     RD_SEQ:
      47 00 27 01 53 49 54 00 00 00 01 0b 47 00 27 01 53 49 54 00 59 55 4c	"G.'.SIT.....G.'.SIT.YUL"
      47 00 27 01 53 49 54 00 59 55 4c	"G.'.SIT.YUL"
    RD hop count: 2
    Capacity: 12
    Reachability info:
     Protocol: CLNP
     Prefix length: 32
     Dest. address prefix: 47 00 27 01 20 47 00 27 81	"G.'. G.'."

[2025-08-25 20:49:15.732 CEST] [136.975] [-7.4/-49.2 dBFS] [41.8 dB] [1.1 ppm]
GROUND_Y (Ground station, On ground) -> AIRCRAFT (Aircraft): Command
AVLC type: I sseq: 6 rseq: 3 poll: 1
 X.25 Data: grp: 11 chan: 255 sseq: 4 rseq: 1 more: 0
  X.25 reasm status: skipped
  X.233 CLNP Data (compressed header):
   LRef: 0x40 Prio: 14 Flags: 0xf6
   Lifetime: 20.0 sec
   PDU Id: 0x3a86
   IDRP Update: seq: 55 ack: 1 credit_offered: 4 credit_avail: 2
    Route:
     ID: 5218
     Local preference: 0
    Security:
     Reg ID: 06 04 2b 1b 00 00
     Info:
      Supported ATSC classes: A
      Subnetwork type:
       Subnet: VDL
       Permitted traffic: all
    RD path:
     RD_SEQ:
      47 00 27 01 53 49 54 00 00 00 01 0b 47 00 27 01 53 49 54 00 59 55 4c	"G.'.SIT.....G.'.SIT.YUL"
      47 00 27 01 53 49 54 00 59 55 4c	"G.'.SIT.YUL"
    RD hop count: 2
    Capacity: 12
    Reachability info:
     Protocol: CLNP
     Prefix length: 32
     Dest. address prefix: 47 00 27 01 20 47 00 27 81	"G.'. G.'."


[2025-08-25 20:49:49.105 CEST] [136.975] [-10.0/-49.3 dBFS] [39.4 dB] [1.0 ppm]
GROUND_X (Ground station, On ground) -> FFFFFF (Aircraft): Command
AVLC type: U (XID) P/F: 0
 XID: Ground Station Information Frame
  Public params:
   Parameter set ID: 8885:1993
   Procedure classes: 00 01
   HDLC options: 20 a4 88
  VDL params:
   Parameter set ID: V
   AVLC specific options: 64
   Frequency support list:
    Ground station: xxxxxx
     Frequency: 136.875 MHz (VDL-M2, D8PSK, 31500 bps)
    Ground station: xxxxxx
     Frequency: 136.875 MHz (VDL-M2, D8PSK, 31500 bps)
   Timer T4: 00 02
   Airport coverage: xxxx
   ATN router NETs: 53 49 54 00 00 01	"SIT..."
   System mask: 200000
   Ground station location: xN yE

[2025-08-25 20:49:49.257 CEST] [136.975] [-10.0/-49.5 dBFS] [39.5 dB] [1.2 ppm]
GROUND_X (Ground station, On ground) -> AIRCRAFT (Aircraft): Response
AVLC type: U (XID) P/F: 1
 XID: Link Establishment Response
  Public params:
   Parameter set ID: 8885:1993
   Procedure classes: 00 01
   HDLC options: 20 a4 88
  VDL params:
   Parameter set ID: V
   Connection management: 00
   XID sequencing: seq: 5 retry: 0
   AVLC specific options: 64
   Airport coverage: xxxx
   ATN router NETs: 53 49 54 00 00 01	"SIT..."
   System mask: 200000
   Ground station location: xN yE

[2025-08-25 20:49:49.408 CEST] [136.975] [1.9/-49.2 dBFS] [51.1 dB] [0.1 ppm]
AIRCRAFT (Aircraft, On ground) -> GROUND_X (Ground station): Command
AVLC type: I sseq: 0 rseq: 0 poll: 0
 ACARS:
  Reassembly: skipped
  Reg: ..CPDLC Flight: HB0000
  Mode: 2 Label: Q0 Blk id: 1 More: 0 Ack: ! Msg num: M20A

[2025-08-25 20:49:49.866 CEST] [136.975] [-13.8/-49.4 dBFS] [35.6 dB] [1.0 ppm]
GROUND_X (Ground station, On ground) -> AIRCRAFT (Aircraft): Command
AVLC type: I sseq: 0 rseq: 1 poll: 0
 ACARS:
  Reassembly: skipped
  Reg: ..CPDLC
  Mode: 2 Label: _d Blk id: A More: 0 Ack: 1

[2025-08-25 20:49:50.017 CEST] [136.975] [1.8/-49.4 dBFS] [51.2 dB] [0.1 ppm]
AIRCRAFT (Aircraft, On ground) -> GROUND_X (Ground station): Command
AVLC type: I sseq: 1 rseq: 1 poll: 0
 X.25 Call Request: grp: 11 chan: 255 src: 22677777 dst: none
  Facilities:
   Fast Select: requested
   Called address extension: 8c 53 49 54 00 00 01	".SIT..."
  Compression support: LREF, LREF-CAN
  M/I: 0
  ES-IS IS Hello: Hold Time: 30 sec
   NET: 47 00 27 c1 53 55 49 00 xx xx xx 01 01 55 4c 38 30 58 31 00	"G.'.SUI.K....UL80X1."

[2025-08-25 20:49:50.322 CEST] [136.975] [-13.7/-49.4 dBFS] [35.7 dB] [1.0 ppm]
GROUND_X (Ground station, On ground) -> AIRCRAFT (Aircraft): Command
AVLC type: I sseq: 1 rseq: 2 poll: 0
 X.25 Call Accepted: grp: 11 chan: 255 src: 22677777 dst: 1116900402899
  Facilities:
   Max. packet size:
    From calling DTE: 256 bytes
    From called  DTE: 256 bytes
   Window size:
    From calling DTE: 4 packets
    From called  DTE: 4 packets
   Called line address modified: 0f
  Compression support: LREF, LREF-CAN
  M/I: 0
  ES-IS IS Hello: Hold Time: 65534 sec
   NET: 47 00 27 01 53 49 54 00 59 55 4c 00 01 08 00 20 ff ba 45 00	"G.'.SIT.YUL.... ..E."
   Options:
    ATN Data Link Capabilities: 01
    Mobile Subnetwork Capabilities:
     Permitted traffic: all
     Supported ATSC classes: A

[2025-08-25 20:49:50.473 CEST] [136.975] [-13.8/-49.4 dBFS] [35.6 dB] [1.1 ppm]
GROUND_X (Ground station, On ground) -> AIRCRAFT (Aircraft): Command
AVLC type: I sseq: 2 rseq: 2 poll: 0
 X.25 Data: grp: 11 chan: 255 sseq: 0 rseq: 0 more: 0
  X.25 reasm status: skipped
  X.233 CLNP Data:
   Src NSAP: 47 00 27 01 53 49 54 00 59 55 4c 00 01 08 00 20 ff ba 45 00	"G.'.SIT.YUL.... ..E."
   Dst NSAP: 47 00 27 c1 53 55 49 00 xx xx xx 01 01 55 4c 38 30 58 31 00	"G.'.SUI.K....UL80X1."
   Lifetime: 20.0 sec
   Flags: SP E/R
   Segmentation:
    PDU Id: 0x3b83
    Segment offset: 0
    PDU total length: 140
    CLNP reasm status: skipped
   Options:
    LRef: 0x40
    QoS maintenance: 0xd6
    Security:
     Reg ID: 06 04 2b 1b 00 00
     Info:
      Traffic type:
       Type: ATN system management
       Category: none
       Route policy: 0x00
    Priority: 0x0e
   IDRP Open: seq: 57 ack: 1 credit_offered: 4 credit_avail: 0
    Hold Time: 900 seconds
    Max. PDU size: 3000 octets
    Source RDI: 47 00 27 01 53 49 54 00 59 55 4c	"G.'.SIT.YUL"
    RIB Attribute Set:
     RibAtt #0:
      Security:
       Reg ID: 06 04 2b 1b 00 00
    Auth mechanism: simple checksum

[2025-08-25 20:49:50.932 CEST] [136.975] [1.8/-49.3 dBFS] [51.1 dB] [0.3 ppm]
AIRCRAFT (Aircraft, On ground) -> GROUND_X (Ground station): Command
AVLC type: I sseq: 2 rseq: 3 poll: 0
 X.25 Data: grp: 11 chan: 255 sseq: 0 rseq: 1 more: 0
  X.25 reasm status: skipped
  X.233 CLNP Data (compressed header):
   LRef: 0x40 Prio: 14 Flags: 0xf6
   Lifetime: 32.0 sec
   PDU Id: 0x33
   IDRP Open: seq: 1 ack: 57 credit_offered: 3 credit_avail: 4
    Hold Time: 900 seconds
    Max. PDU size: 1024 octets
    Source RDI: 47 00 27 c1 53 55 49 00 xx xx xx	"G.'.SUI.K.."
    RIB Attribute Set:
     RibAtt #0:
      Security:
       Reg ID: 06 04 2b 1b 00 00
    Auth mechanism: simple checksum

[2025-08-25 20:49:51.086 CEST] [136.975] [-13.7/-49.1 dBFS] [35.4 dB] [1.1 ppm]
GROUND_X (Ground station, On ground) -> AIRCRAFT (Aircraft): Command
AVLC type: I sseq: 3 rseq: 3 poll: 0
 X.25 Data: grp: 11 chan: 255 sseq: 1 rseq: 1 more: 0
  X.25 reasm status: skipped
  X.233 CLNP Data (compressed header):
   LRef: 0x40 Prio: 14 Flags: 0xf6
   Lifetime: 20.0 sec
   PDU Id: 0x3b94
   IDRP Keepalive: seq: 58 ack: 1 credit_offered: 4 credit_avail: 3

[2025-08-25 20:49:51.236 CEST] [136.975] [-13.6/-49.1 dBFS] [35.5 dB] [1.2 ppm]
GROUND_X (Ground station, On ground) -> AIRCRAFT (Aircraft): Command
AVLC type: I sseq: 4 rseq: 3 poll: 0
 X.25 Data: grp: 11 chan: 255 sseq: 2 rseq: 1 more: 0
  X.25 reasm status: skipped
  X.233 CLNP Data (compressed header):
   LRef: 0x40 Prio: 14 Flags: 0xf6
   Lifetime: 20.0 sec
   PDU Id: 0x3b95
   IDRP Update: seq: 58 ack: 1 credit_offered: 4 credit_avail: 2
    Route:
     ID: 5219
     Local preference: 0
    Security:
     Reg ID: 06 04 2b 1b 00 00
     Info:
      Supported ATSC classes: A
      Subnetwork type:
       Subnet: VDL
       Permitted traffic: all
    RD path:
     RD_SEQ:
      47 00 27 01 53 49 54 00 00 00 01 0b 47 00 27 01 53 49 54 00 59 55 4c	"G.'.SIT.....G.'.SIT.YUL"
      47 00 27 01 53 49 54 00 59 55 4c	"G.'.SIT.YUL"
    RD hop count: 2
    Capacity: 12
    Reachability info:
     Protocol: CLNP
     Prefix length: 32
     Dest. address prefix: 47 00 27 01 20 47 00 27 81	"G.'. G.'."

[2025-08-25 20:49:51.237 CEST] [136.975] [-15.9/-49.1 dBFS] [33.3 dB] [2.5 ppm]
GROUND_X (Ground station, On ground) -> FFFFFF (Aircraft): Command
AVLC type: U (DISC) P/F: 0

[2025-08-25 20:49:54.435 CEST] [136.975] [-9.8/-49.1 dBFS] [39.2 dB] [1.0 ppm]
GROUND_X (Ground station, On ground) -> AIRCRAFT (Aircraft): Command
AVLC type: I sseq: 3 rseq: 3 poll: 0
 X.25 Data: grp: 11 chan: 255 sseq: 1 rseq: 1 more: 0
  X.25 reasm status: skipped
  X.233 CLNP Data (compressed header):
   LRef: 0x40 Prio: 14 Flags: 0xf6
   Lifetime: 20.0 sec
   PDU Id: 0x3b94
   IDRP Keepalive: seq: 58 ack: 1 credit_offered: 4 credit_avail: 3

[2025-08-25 20:49:54.435 CEST] [136.975] [-9.8/-49.1 dBFS] [39.2 dB] [1.0 ppm]
GROUND_X (Ground station, On ground) -> AIRCRAFT (Aircraft): Command
AVLC type: I sseq: 4 rseq: 3 poll: 0
 X.25 Data: grp: 11 chan: 255 sseq: 2 rseq: 1 more: 0
  X.25 reasm status: skipped
  X.233 CLNP Data (compressed header):
   LRef: 0x40 Prio: 14 Flags: 0xf6
   Lifetime: 20.0 sec
   PDU Id: 0x3b95
   IDRP Update: seq: 58 ack: 1 credit_offered: 4 credit_avail: 2
    Route:
     ID: 5219
     Local preference: 0
    Security:
     Reg ID: 06 04 2b 1b 00 00
     Info:
      Supported ATSC classes: A
      Subnetwork type:
       Subnet: VDL
       Permitted traffic: all
    RD path:
     RD_SEQ:
      47 00 27 01 53 49 54 00 00 00 01 0b 47 00 27 01 53 49 54 00 59 55 4c	"G.'.SIT.....G.'.SIT.YUL"
      47 00 27 01 53 49 54 00 59 55 4c	"G.'.SIT.YUL"
    RD hop count: 2
    Capacity: 12
    Reachability info:
     Protocol: CLNP
     Prefix length: 32
     Dest. address prefix: 47 00 27 01 20 47 00 27 81	"G.'. G.'."

[2025-08-25 20:49:58.245 CEST] [136.975] [-9.9/-49.5 dBFS] [39.6 dB] [1.2 ppm]
GROUND_X (Ground station, On ground) -> AIRCRAFT (Aircraft): Command
AVLC type: I sseq: 3 rseq: 3 poll: 0
 X.25 Data: grp: 11 chan: 255 sseq: 1 rseq: 1 more: 0
  X.25 reasm status: skipped
  X.233 CLNP Data (compressed header):
   LRef: 0x40 Prio: 14 Flags: 0xf6
   Lifetime: 20.0 sec
   PDU Id: 0x3b94
   IDRP Keepalive: seq: 58 ack: 1 credit_offered: 4 credit_avail: 3

[2025-08-25 20:49:58.245 CEST] [136.975] [-9.9/-49.5 dBFS] [39.6 dB] [1.2 ppm]
GROUND_X (Ground station, On ground) -> AIRCRAFT (Aircraft): Command
AVLC type: I sseq: 4 rseq: 3 poll: 0
 X.25 Data: grp: 11 chan: 255 sseq: 2 rseq: 1 more: 0
  X.25 reasm status: skipped
  X.233 CLNP Data (compressed header):
   LRef: 0x40 Prio: 14 Flags: 0xf6
   Lifetime: 20.0 sec
   PDU Id: 0x3b95
   IDRP Update: seq: 58 ack: 1 credit_offered: 4 credit_avail: 2
    Route:
     ID: 5219
     Local preference: 0
    Security:
     Reg ID: 06 04 2b 1b 00 00
     Info:
      Supported ATSC classes: A
      Subnetwork type:
       Subnet: VDL
       Permitted traffic: all
    RD path:
     RD_SEQ:
      47 00 27 01 53 49 54 00 00 00 01 0b 47 00 27 01 53 49 54 00 59 55 4c	"G.'.SIT.....G.'.SIT.YUL"
      47 00 27 01 53 49 54 00 59 55 4c	"G.'.SIT.YUL"
    RD hop count: 2
    Capacity: 12
    Reachability info:
     Protocol: CLNP
     Prefix length: 32
     Dest. address prefix: 47 00 27 01 20 47 00 27 81	"G.'. G.'."

[2025-08-25 20:50:02.207 CEST] [136.975] [-9.9/-49.3 dBFS] [39.5 dB] [1.2 ppm]
GROUND_X (Ground station, On ground) -> AIRCRAFT (Aircraft): Command
AVLC type: I sseq: 3 rseq: 3 poll: 0
 X.25 Data: grp: 11 chan: 255 sseq: 1 rseq: 1 more: 0
  X.25 reasm status: skipped
  X.233 CLNP Data (compressed header):
   LRef: 0x40 Prio: 14 Flags: 0xf6
   Lifetime: 20.0 sec
   PDU Id: 0x3b94
   IDRP Keepalive: seq: 58 ack: 1 credit_offered: 4 credit_avail: 3

[2025-08-25 20:50:02.207 CEST] [136.975] [-9.9/-49.3 dBFS] [39.5 dB] [1.2 ppm]
GROUND_X (Ground station, On ground) -> AIRCRAFT (Aircraft): Command
AVLC type: I sseq: 4 rseq: 3 poll: 0
 X.25 Data: grp: 11 chan: 255 sseq: 2 rseq: 1 more: 0
  X.25 reasm status: skipped
  X.233 CLNP Data (compressed header):
   LRef: 0x40 Prio: 14 Flags: 0xf6
   Lifetime: 20.0 sec
   PDU Id: 0x3b95
   IDRP Update: seq: 58 ack: 1 credit_offered: 4 credit_avail: 2
    Route:
     ID: 5219
     Local preference: 0
    Security:
     Reg ID: 06 04 2b 1b 00 00
     Info:
      Supported ATSC classes: A
      Subnetwork type:
       Subnet: VDL
       Permitted traffic: all
    RD path:
     RD_SEQ:
      47 00 27 01 53 49 54 00 00 00 01 0b 47 00 27 01 53 49 54 00 59 55 4c	"G.'.SIT.....G.'.SIT.YUL"
      47 00 27 01 53 49 54 00 59 55 4c	"G.'.SIT.YUL"
    RD hop count: 2
    Capacity: 12
    Reachability info:
     Protocol: CLNP
     Prefix length: 32
     Dest. address prefix: 47 00 27 01 20 47 00 27 81	"G.'. G.'."

[2025-08-25 20:50:06.019 CEST] [136.975] [-10.0/-49.2 dBFS] [39.2 dB] [1.0 ppm]
GROUND_X (Ground station, On ground) -> AIRCRAFT (Aircraft): Command
AVLC type: I sseq: 5 rseq: 3 poll: 0
 X.25 Data: grp: 11 chan: 255 sseq: 3 rseq: 1 more: 0
  X.25 reasm status: skipped
  X.233 CLNP Data (compressed header):
   LRef: 0x40 Prio: 14 Flags: 0xf6
   Lifetime: 20.0 sec
   PDU Id: 0x3c0f
   IDRP Update: seq: 58 ack: 1 credit_offered: 4 credit_avail: 2
    Route:
     ID: 5219
     Local preference: 0
    Security:
     Reg ID: 06 04 2b 1b 00 00
     Info:
      Supported ATSC classes: A
      Subnetwork type:
       Subnet: VDL
       Permitted traffic: all
    RD path:
     RD_SEQ:
      47 00 27 01 53 49 54 00 00 00 01 0b 47 00 27 01 53 49 54 00 59 55 4c	"G.'.SIT.....G.'.SIT.YUL"
      47 00 27 01 53 49 54 00 59 55 4c	"G.'.SIT.YUL"
    RD hop count: 2
    Capacity: 12
    Reachability info:
     Protocol: CLNP
     Prefix length: 32
     Dest. address prefix: 47 00 27 01 20 47 00 27 81	"G.'. G.'."

[2025-08-25 20:50:08.302 CEST] [136.975] [-10.0/-49.3 dBFS] [39.3 dB] [1.2 ppm]
GROUND_X (Ground station, On ground) -> AIRCRAFT (Aircraft): Command
AVLC type: I sseq: 3 rseq: 3 poll: 0
 X.25 Data: grp: 11 chan: 255 sseq: 1 rseq: 1 more: 0
  X.25 reasm status: skipped
  X.233 CLNP Data (compressed header):
   LRef: 0x40 Prio: 14 Flags: 0xf6
   Lifetime: 20.0 sec
   PDU Id: 0x3b94
   IDRP Keepalive: seq: 58 ack: 1 credit_offered: 4 credit_avail: 3

[2025-08-25 20:50:08.302 CEST] [136.975] [-10.0/-49.3 dBFS] [39.3 dB] [1.2 ppm]
GROUND_X (Ground station, On ground) -> AIRCRAFT (Aircraft): Command
AVLC type: I sseq: 4 rseq: 3 poll: 0
 X.25 Data: grp: 11 chan: 255 sseq: 2 rseq: 1 more: 0
  X.25 reasm status: skipped
  X.233 CLNP Data (compressed header):
   LRef: 0x40 Prio: 14 Flags: 0xf6
   Lifetime: 20.0 sec
   PDU Id: 0x3b95
   IDRP Update: seq: 58 ack: 1 credit_offered: 4 credit_avail: 2
    Route:
     ID: 5219
     Local preference: 0
    Security:
     Reg ID: 06 04 2b 1b 00 00
     Info:
      Supported ATSC classes: A
      Subnetwork type:
       Subnet: VDL
       Permitted traffic: all
    RD path:
     RD_SEQ:
      47 00 27 01 53 49 54 00 00 00 01 0b 47 00 27 01 53 49 54 00 59 55 4c	"G.'.SIT.....G.'.SIT.YUL"
      47 00 27 01 53 49 54 00 59 55 4c	"G.'.SIT.YUL"
    RD hop count: 2
    Capacity: 12
    Reachability info:
     Protocol: CLNP
     Prefix length: 32
     Dest. address prefix: 47 00 27 01 20 47 00 27 81	"G.'. G.'."

[2025-08-25 20:50:08.302 CEST] [136.975] [-10.0/-49.3 dBFS] [39.3 dB] [1.2 ppm]
GROUND_X (Ground station, On ground) -> AIRCRAFT (Aircraft): Command
AVLC type: I sseq: 5 rseq: 3 poll: 0
 X.25 Data: grp: 11 chan: 255 sseq: 3 rseq: 1 more: 0
  X.25 reasm status: skipped
  X.233 CLNP Data (compressed header):
   LRef: 0x40 Prio: 14 Flags: 0xf6
   Lifetime: 20.0 sec
   PDU Id: 0x3c0f
   IDRP Update: seq: 58 ack: 1 credit_offered: 4 credit_avail: 2
    Route:
     ID: 5219
     Local preference: 0
    Security:
     Reg ID: 06 04 2b 1b 00 00
     Info:
      Supported ATSC classes: A
      Subnetwork type:
       Subnet: VDL
       Permitted traffic: all
    RD path:
     RD_SEQ:
      47 00 27 01 53 49 54 00 00 00 01 0b 47 00 27 01 53 49 54 00 59 55 4c	"G.'.SIT.....G.'.SIT.YUL"
      47 00 27 01 53 49 54 00 59 55 4c	"G.'.SIT.YUL"
    RD hop count: 2
    Capacity: 12
    Reachability info:
     Protocol: CLNP
     Prefix length: 32
     Dest. address prefix: 47 00 27 01 20 47 00 27 81	"G.'. G.'."

[2025-08-25 20:50:16.381 CEST] [136.975] [-10.0/-49.1 dBFS] [39.2 dB] [1.2 ppm]
GROUND_X (Ground station, On ground) -> AIRCRAFT (Aircraft): Command
AVLC type: I sseq: 3 rseq: 3 poll: 0
 X.25 Data: grp: 11 chan: 255 sseq: 1 rseq: 1 more: 0
  X.25 reasm status: skipped
  X.233 CLNP Data (compressed header):
   LRef: 0x40 Prio: 14 Flags: 0xf6
   Lifetime: 20.0 sec
   PDU Id: 0x3b94
   IDRP Keepalive: seq: 58 ack: 1 credit_offered: 4 credit_avail: 3

[2025-08-25 20:50:16.381 CEST] [136.975] [-10.0/-49.1 dBFS] [39.2 dB] [1.2 ppm]
GROUND_X (Ground station, On ground) -> AIRCRAFT (Aircraft): Command
AVLC type: I sseq: 4 rseq: 3 poll: 0
 X.25 Data: grp: 11 chan: 255 sseq: 2 rseq: 1 more: 0
  X.25 reasm status: skipped
  X.233 CLNP Data (compressed header):
   LRef: 0x40 Prio: 14 Flags: 0xf6
   Lifetime: 20.0 sec
   PDU Id: 0x3b95
   IDRP Update: seq: 58 ack: 1 credit_offered: 4 credit_avail: 2
    Route:
     ID: 5219
     Local preference: 0
    Security:
     Reg ID: 06 04 2b 1b 00 00
     Info:
      Supported ATSC classes: A
      Subnetwork type:
       Subnet: VDL
       Permitted traffic: all
    RD path:
     RD_SEQ:
      47 00 27 01 53 49 54 00 00 00 01 0b 47 00 27 01 53 49 54 00 59 55 4c	"G.'.SIT.....G.'.SIT.YUL"
      47 00 27 01 53 49 54 00 59 55 4c	"G.'.SIT.YUL"
    RD hop count: 2
    Capacity: 12
    Reachability info:
     Protocol: CLNP
     Prefix length: 32
     Dest. address prefix: 47 00 27 01 20 47 00 27 81	"G.'. G.'."

[2025-08-25 20:50:16.381 CEST] [136.975] [-10.0/-49.1 dBFS] [39.2 dB] [1.2 ppm]
GROUND_X (Ground station, On ground) -> AIRCRAFT (Aircraft): Command
AVLC type: I sseq: 5 rseq: 3 poll: 0
 X.25 Data: grp: 11 chan: 255 sseq: 3 rseq: 1 more: 0
  X.25 reasm status: skipped
  X.233 CLNP Data (compressed header):
   LRef: 0x40 Prio: 14 Flags: 0xf6
   Lifetime: 20.0 sec
   PDU Id: 0x3c0f
   IDRP Update: seq: 58 ack: 1 credit_offered: 4 credit_avail: 2
    Route:
     ID: 5219
     Local preference: 0
    Security:
     Reg ID: 06 04 2b 1b 00 00
     Info:
      Supported ATSC classes: A
      Subnetwork type:
       Subnet: VDL
       Permitted traffic: all
    RD path:
     RD_SEQ:
      47 00 27 01 53 49 54 00 00 00 01 0b 47 00 27 01 53 49 54 00 59 55 4c	"G.'.SIT.....G.'.SIT.YUL"
      47 00 27 01 53 49 54 00 59 55 4c	"G.'.SIT.YUL"
    RD hop count: 2
    Capacity: 12
    Reachability info:
     Protocol: CLNP
     Prefix length: 32
     Dest. address prefix: 47 00 27 01 20 47 00 27 81	"G.'. G.'."


[2025-08-25 20:50:46.702 CEST] [136.975] [-7.5/-49.1 dBFS] [41.5 dB] [0.9 ppm]
GROUND_Y (Ground station, On ground) -> FFFFFF (Aircraft): Command
AVLC type: U (XID) P/F: 0
 XID: Ground Station Information Frame
  Public params:
   Parameter set ID: 8885:1993
   Procedure classes: 00 01
   HDLC options: 20 a4 88
  VDL params:
   Parameter set ID: V
   AVLC specific options: 64
   Frequency support list:
    Ground station: xxxxxx
     Frequency: 136.875 MHz (VDL-M2, D8PSK, 31500 bps)
    Ground station: xxxxxx
     Frequency: 136.875 MHz (VDL-M2, D8PSK, 31500 bps)
   Timer T4: 00 02
   Airport coverage: xxxx
   ATN router NETs: 53 49 54 00 00 01	"SIT..."
   System mask: 200000
   Ground station location: xN yE

[2025-08-25 20:50:46.704 CEST] [136.975] [1.8/-49.2 dBFS] [50.9 dB] [0.3 ppm]
AIRCRAFT (Aircraft, On ground) -> GROUND_Y (Ground station): Command
AVLC type: U (XID) P/F: 1
 XID: Link Establishment
  Public params:
   Parameter set ID: 8885:1993
   HDLC options: 20 84 80
   Procedure classes: 00 01
  VDL params:
   Parameter set ID: V
   Connection management: 00
   XID sequencing: seq: 6 retry: 0
   AVLC specific options: 64
   Modulation support: VDL-M2, D8PSK, 31500 bps
   Aircraft location: xN yE 0 ft

[2025-08-25 20:50:46.855 CEST] [136.975] [-7.5/-49.2 dBFS] [41.7 dB] [0.9 ppm]
GROUND_Y (Ground station, On ground) -> AIRCRAFT (Aircraft): Response
AVLC type: U (XID) P/F: 1
 XID: Link Establishment Response
  Public params:
   Parameter set ID: 8885:1993
   Procedure classes: 00 01
   HDLC options: 20 a4 88
  VDL params:
   Parameter set ID: V
   Connection management: 00
   XID sequencing: seq: 6 retry: 0
   AVLC specific options: 64
   Airport coverage: xxxx
   ATN router NETs: 53 49 54 00 00 01	"SIT..."
   System mask: 200000
   Ground station location: xN yE

[2025-08-25 20:50:46.858 CEST] [136.975] [1.7/-49.1 dBFS] [50.9 dB] [0.3 ppm]
AIRCRAFT (Aircraft, On ground) -> GROUND_Y (Ground station): Command
AVLC type: I sseq: 0 rseq: 0 poll: 0
 ACARS:
  Reassembly: skipped
  Reg: ..CPDLC Flight: HB0000
  Mode: 2 Label: Q0 Blk id: 2 More: 0 Ack: ! Msg num: M21A

[2025-08-25 20:50:47.162 CEST] [136.975] [-11.3/-49.1 dBFS] [37.9 dB] [1.0 ppm]
GROUND_Y (Ground station, On ground) -> AIRCRAFT (Aircraft): Command
AVLC type: I sseq: 0 rseq: 1 poll: 0
 ACARS:
  Reassembly: skipped
  Reg: ..CPDLC
  Mode: 2 Label: _d Blk id: A More: 0 Ack: 2

[2025-08-25 20:50:47.921 CEST] [136.975] [-11.2/-49.5 dBFS] [38.3 dB] [1.1 ppm]
GROUND_Y (Ground station, On ground) -> AIRCRAFT (Aircraft): Command
AVLC type: I sseq: 1 rseq: 2 poll: 0
 X.25 Call Accepted: grp: 11 chan: 255 src: 22677777 dst: 1116900402899
  Facilities:
   Max. packet size:
    From calling DTE: 256 bytes
    From called  DTE: 256 bytes
   Window size:
    From calling DTE: 4 packets
    From called  DTE: 4 packets
   Called line address modified: 0f
  Compression support: LREF, LREF-CAN
  M/I: 0
  ES-IS IS Hello: Hold Time: 65534 sec
   NET: 47 00 27 01 53 49 54 00 59 55 4c 00 01 08 00 20 ff ba 45 00	"G.'.SIT.YUL.... ..E."
   Options:
    ATN Data Link Capabilities: 01
    Mobile Subnetwork Capabilities:
     Permitted traffic: all
     Supported ATSC classes: A

[2025-08-25 20:50:47.923 CEST] [136.975] [-11.3/-49.5 dBFS] [38.2 dB] [0.9 ppm]
GROUND_Y (Ground station, On ground) -> AIRCRAFT (Aircraft): Command
AVLC type: I sseq: 2 rseq: 2 poll: 0
 X.25 Data: grp: 11 chan: 255 sseq: 0 rseq: 0 more: 0
  X.25 reasm status: skipped
  X.233 CLNP Data:
   Src NSAP: 47 00 27 01 53 49 54 00 59 55 4c 00 01 08 00 20 ff ba 45 00	"G.'.SIT.YUL.... ..E."
   Dst NSAP: 47 00 27 c1 53 55 49 00 xx xx xx 01 01 55 4c 38 30 58 31 00	"G.'.SUI.K....UL80X1."
   Lifetime: 20.0 sec
   Flags: SP E/R
   Segmentation:
    PDU Id: 0x3d36
    Segment offset: 0
    PDU total length: 140
    CLNP reasm status: skipped
   Options:
    LRef: 0x40
    QoS maintenance: 0xd6
    Security:
     Reg ID: 06 04 2b 1b 00 00
     Info:
      Traffic type:
       Type: ATN system management
       Category: none
       Route policy: 0x00
    Priority: 0x0e
   IDRP Open: seq: 60 ack: 1 credit_offered: 4 credit_avail: 0
    Hold Time: 900 seconds
    Max. PDU size: 3000 octets
    Source RDI: 47 00 27 01 53 49 54 00 59 55 4c	"G.'.SIT.YUL"
    RIB Attribute Set:
     RibAtt #0:
      Security:
       Reg ID: 06 04 2b 1b 00 00
    Auth mechanism: simple checksum

[2025-08-25 20:50:48.378 CEST] [136.975] [1.7/-49.4 dBFS] [51.1 dB] [0.0 ppm]
AIRCRAFT (Aircraft, On ground) -> GROUND_Y (Ground station): Command
AVLC type: I sseq: 2 rseq: 3 poll: 0
 X.25 Data: grp: 11 chan: 255 sseq: 0 rseq: 1 more: 0
  X.25 reasm status: skipped
  X.233 CLNP Data (compressed header):
   LRef: 0x40 Prio: 14 Flags: 0xf6
   Lifetime: 32.0 sec
   PDU Id: 0x35
   IDRP Open: seq: 1 ack: 60 credit_offered: 3 credit_avail: 4
    Hold Time: 900 seconds
    Max. PDU size: 1024 octets
    Source RDI: 47 00 27 c1 53 55 49 00 xx xx xx	"G.'.SUI.K.."
    RIB Attribute Set:
     RibAtt #0:
      Security:
       Reg ID: 06 04 2b 1b 00 00
    Auth mechanism: simple checksum

[2025-08-25 20:50:48.532 CEST] [136.975] [-11.2/-49.4 dBFS] [38.1 dB] [0.9 ppm]
GROUND_Y (Ground station, On ground) -> AIRCRAFT (Aircraft): Command
AVLC type: I sseq: 3 rseq: 3 poll: 0
 X.25 Data: grp: 11 chan: 255 sseq: 1 rseq: 1 more: 0
  X.25 reasm status: skipped
  X.233 CLNP Data (compressed header):
   LRef: 0x40 Prio: 14 Flags: 0xf6
   Lifetime: 20.0 sec
   PDU Id: 0x3d3b
   IDRP Keepalive: seq: 61 ack: 1 credit_offered: 4 credit_avail: 3

[2025-08-25 20:50:49.598 CEST] [136.975] [-11.2/-49.5 dBFS] [38.3 dB] [1.0 ppm]
GROUND_Y (Ground station, On ground) -> AIRCRAFT (Aircraft): Command
AVLC type: I sseq: 4 rseq: 3 poll: 0
 X.25 Data: grp: 11 chan: 255 sseq: 2 rseq: 1 more: 0
  X.25 reasm status: skipped
  X.233 CLNP Data (compressed header):
   LRef: 0x40 Prio: 14 Flags: 0xf6
   Lifetime: 20.0 sec
   PDU Id: 0x3d3c
   IDRP Update: seq: 61 ack: 1 credit_offered: 4 credit_avail: 2
    Route:
     ID: 5220
     Local preference: 0
    Security:
     Reg ID: 06 04 2b 1b 00 00
     Info:
      Supported ATSC classes: A
      Subnetwork type:
       Subnet: VDL
       Permitted traffic: all
    RD path:
     RD_SEQ:
      47 00 27 01 53 49 54 00 00 00 01 0b 47 00 27 01 53 49 54 00 59 55 4c	"G.'.SIT.....G.'.SIT.YUL"
      47 00 27 01 53 49 54 00 59 55 4c	"G.'.SIT.YUL"
    RD hop count: 2
    Capacity: 12
    Reachability info:
     Protocol: CLNP
     Prefix length: 32
     Dest. address prefix: 47 00 27 01 20 47 00 27 81	"G.'. G.'."

[2025-08-25 20:50:49.598 CEST] [136.975] [-11.2/-49.5 dBFS] [38.3 dB] [1.0 ppm]
GROUND_Y (Ground station, On ground) -> AIRCRAFT (Aircraft): Response
AVLC type: S (Receive Ready) P/F: 0 rseq: 4

[2025-08-25 20:50:50.056 CEST] [136.975] [-7.4/-49.1 dBFS] [41.7 dB] [0.9 ppm]
GROUND_Y (Ground station, On ground) -> AIRCRAFT (Aircraft): Command
AVLC type: I sseq: 5 rseq: 4 poll: 0
 X.25 Data: grp: 11 chan: 255 sseq: 3 rseq: 2 more: 0
  X.25 reasm status: skipped
  X.233 CLNP Data (compressed header):
   LRef: 0x40 Prio: 14 Flags: 0xf6
   Lifetime: 20.0 sec
   PDU Id: 0x3d41
   IDRP Keepalive: seq: 62 ack: 2 credit_offered: 4 credit_avail: 2

[2025-08-25 20:50:50.359 CEST] [136.975] [1.8/-49.2 dBFS] [51.0 dB] [0.3 ppm]
AIRCRAFT (Aircraft, On ground) -> GROUND_Y (Ground station): Command
AVLC type: I sseq: 4 rseq: 6 poll: 0
 X.25 Receive Ready: grp: 11 chan: 255 rseq: 4

[2025-08-25 20:50:50.971 CEST] [136.975] [-7.4/-49.5 dBFS] [42.1 dB] [1.1 ppm]
GROUND_Y (Ground station, On ground) -> AIRCRAFT (Aircraft): Response
AVLC type: S (Receive Ready) P/F: 0 rseq: 5

[2025-08-25 20:50:52.190 CEST] [136.975] [-7.4/-49.2 dBFS] [41.8 dB] [1.0 ppm]
GROUND_Y (Ground station, On ground) -> AIRCRAFT (Aircraft): Response
AVLC type: S (Receive Ready) P/F: 0 rseq: 6

[2025-08-25 20:50:58.132 CEST] [136.975] [1.9/-49.2 dBFS] [51.1 dB] [0.4 ppm]
AIRCRAFT (Aircraft, On ground) -> GROUND_Y (Ground station): Command
AVLC type: I sseq: 6 rseq: 6 poll: 0
 X.25 Data: grp: 11 chan: 255 sseq: 3 rseq: 4 more: 0
  X.25 reasm status: skipped
  ES-IS IS Hello: Hold Time: 65535 sec
   NET: 47 00 27 c1 53 55 49 00 xx xx xx 01 01 55 4c 38 30 58 31 00	"G.'.SUI.K....UL80X1."

[2025-08-25 20:50:58.134 CEST] [136.975] [-7.3/-49.0 dBFS] [41.7 dB] [1.0 ppm]
GROUND_Y (Ground station, On ground) -> AIRCRAFT (Aircraft): Command
AVLC type: I sseq: 6 rseq: 7 poll: 0
 X.25 Receive Ready: grp: 11 chan: 255 rseq: 4

[2025-08-25 20:51:01.944 CEST] [136.975] [1.9/-48.8 dBFS] [50.7 dB] [0.1 ppm]
AIRCRAFT (Aircraft, On ground) -> GROUND_Y (Ground station): Command
AVLC type: I sseq: 7 rseq: 7 poll: 0
 X.25 Data: grp: 11 chan: 255 sseq: 4 rseq: 4 more: 0
  X.25 reasm status: skipped
  X.233 CLNP Data:
   Src NSAP: 47 00 27 c1 53 55 49 00 xx xx xx 01 01 55 4c 38 30 58 31 01	"G.'.SUI.K....UL80X1."
   Dst NSAP: 47 00 27 81 83 65 75 00 11 50 59 00 01 00 00 47 47 31 31 01	"G.'..eu..PY....GG11."
   Lifetime: 32.0 sec
   Flags: SP
   Segmentation:
    PDU Id: 0x38
    Segment offset: 0
    PDU total length: 123
    CLNP reasm status: skipped
   Options:
    LRef: 0x00
    QoS maintenance: 0xd6
    Security:
     Reg ID: 06 04 2b 1b 00 00
     Info:
      Traffic type:
       Type: ATN operational
       Category: ATSC
       Route policy: 0x01
    Priority: 0x08
   X.224 COTP Connect Request:
    src_ref: 0x0035 dst_ref: 0x0000
    Initial Credit: 1
    Protocol class: 4
    Options: 00 (use normal PDU formats)
    TPDU size (bytes): 1024
    Called/responding transport selector: 01 01
    Calling transport selector: 63 6d
    Priority: 6
    Additional options: 0x00
    Ack time (ms): 1000
    Inactivity timer (ms): 360000
    Checksum: a1 06
    ATN checksum: ec 8e 02 d8

[2025-08-25 20:51:02.248 CEST] [136.975] [-11.2/-49.2 dBFS] [38.0 dB] [1.1 ppm]
GROUND_Y (Ground station, On ground) -> AIRCRAFT (Aircraft): Command
AVLC type: I sseq: 7 rseq: 0 poll: 0
 X.25 Data: grp: 11 chan: 255 sseq: 4 rseq: 5 more: 0
  X.25 reasm status: skipped
  X.233 CLNP Data (compressed header):
   LRef: 0x0 Prio: 8 Flags: 0xd6
   Lifetime: 18.5 sec
   PDU Id: 0x119d
   X.224 COTP Connect Confirm:
    src_ref: 0x01f2 dst_ref: 0x0035
    Initial Credit: 1
    Protocol class: 4
    Options: 00 (use normal PDU formats)
    TPDU size (bytes): 1024
    Called/responding transport selector: 01 01
    Calling transport selector: 63 6d
    Priority: 6
    Ack time (ms): 1000
    Inactivity timer (ms): 360000
    Additional options: 0x00
    ATN checksum: 09 a1 fb 95

[2025-08-25 20:51:02.553 CEST] [136.975] [1.8/-49.5 dBFS] [51.3 dB] [0.3 ppm]
AIRCRAFT (Aircraft, On ground) -> GROUND_Y (Ground station): Command
AVLC type: I sseq: 0 rseq: 0 poll: 0
 X.25 Data: grp: 11 chan: 255 sseq: 5 rseq: 5 more: 0
  X.25 reasm status: skipped
  X.233 CLNP Data (compressed header):
   LRef: 0x0 Prio: 8 Flags: 0xf6
   Lifetime: 32.0 sec
   PDU Id: 0x39
   X.224 COTP Data Ack:
    dst_ref: 0x01f2
    rseq: 0 credit: 1
    ATN checksum: 8a 36 bd 6e

[2025-08-25 20:51:02.856 CEST] [136.975] [-15.3/-49.5 dBFS] [34.1 dB] [2.5 ppm]
GROUND_Y (Ground station, On ground) -> FFFFFF (Aircraft): Command
AVLC type: U (DISC) P/F: 0

[2025-08-25 20:51:03.312 CEST] [136.975] [-7.5/-49.6 dBFS] [42.1 dB] [1.2 ppm]
GROUND_Y (Ground station, On ground) -> AIRCRAFT (Aircraft): Response
AVLC type: S (Receive Ready) P/F: 0 rseq: 1

[2025-08-25 20:51:21.142 CEST] [136.975] [-7.5/-49.2 dBFS] [41.6 dB] [1.0 ppm]
GROUND_Y (Ground station, On ground) -> AIRCRAFT (Aircraft): Command
AVLC type: I sseq: 0 rseq: 1 poll: 0
 X.25 Data: grp: 11 chan: 255 sseq: 5 rseq: 6 more: 0
  X.25 reasm status: skipped
  X.233 CLNP Data (compressed header):
   LRef: 0x0 Prio: 8 Flags: 0xd6
   Lifetime: 18.5 sec
   PDU Id: 0x119f
   X.224 COTP Connect Confirm:
    src_ref: 0x01f1 dst_ref: 0x0034
    Initial Credit: 1
    Protocol class: 4
    Options: 00 (use normal PDU formats)
    TPDU size (bytes): 1024
    Called/responding transport selector: 01 01
    Calling transport selector: 63 6d
    Priority: 6
    Ack time (ms): 1000
    Inactivity timer (ms): 360000
    Additional options: 0x00
    ATN checksum: f0 f6 3e 18

[2025-08-25 20:51:24.494 CEST] [136.975] [-7.5/-49.6 dBFS] [42.1 dB] [1.1 ppm]
GROUND_Y (Ground station, On ground) -> AIRCRAFT (Aircraft): Command
AVLC type: I sseq: 0 rseq: 1 poll: 0
 X.25 Data: grp: 11 chan: 255 sseq: 5 rseq: 6 more: 0
  X.25 reasm status: skipped
  X.233 CLNP Data (compressed header):
   LRef: 0x0 Prio: 8 Flags: 0xd6
   Lifetime: 18.5 sec
   PDU Id: 0x119f
   X.224 COTP Connect Confirm:
    src_ref: 0x01f1 dst_ref: 0x0034
    Initial Credit: 1
    Protocol class: 4
    Options: 00 (use normal PDU formats)
    TPDU size (bytes): 1024
    Called/responding transport selector: 01 01
    Calling transport selector: 63 6d
    Priority: 6
    Ack time (ms): 1000
    Inactivity timer (ms): 360000
    Additional options: 0x00
    ATN checksum: f0 f6 3e 18

[2025-08-25 20:51:28.760 CEST] [136.975] [-7.5/-49.3 dBFS] [41.8 dB] [1.1 ppm]
GROUND_Y (Ground station, On ground) -> AIRCRAFT (Aircraft): Command
AVLC type: I sseq: 0 rseq: 1 poll: 0
 X.25 Data: grp: 11 chan: 255 sseq: 5 rseq: 6 more: 0
  X.25 reasm status: skipped
  X.233 CLNP Data (compressed header):
   LRef: 0x0 Prio: 8 Flags: 0xd6
   Lifetime: 18.5 sec
   PDU Id: 0x119f
   X.224 COTP Connect Confirm:
    src_ref: 0x01f1 dst_ref: 0x0034
    Initial Credit: 1
    Protocol class: 4
    Options: 00 (use normal PDU formats)
    TPDU size (bytes): 1024
    Called/responding transport selector: 01 01
    Calling transport selector: 63 6d
    Priority: 6
    Ack time (ms): 1000
    Inactivity timer (ms): 360000
    Additional options: 0x00
    ATN checksum: f0 f6 3e 18

[2025-08-25 20:51:33.029 CEST] [136.975] [-7.5/-49.1 dBFS] [41.5 dB] [1.0 ppm]
GROUND_Y (Ground station, On ground) -> AIRCRAFT (Aircraft): Command
AVLC type: I sseq: 0 rseq: 1 poll: 0
 X.25 Data: grp: 11 chan: 255 sseq: 5 rseq: 6 more: 0
  X.25 reasm status: skipped
  X.233 CLNP Data (compressed header):
   LRef: 0x0 Prio: 8 Flags: 0xd6
   Lifetime: 18.5 sec
   PDU Id: 0x119f
   X.224 COTP Connect Confirm:
    src_ref: 0x01f1 dst_ref: 0x0034
    Initial Credit: 1
    Protocol class: 4
    Options: 00 (use normal PDU formats)
    TPDU size (bytes): 1024
    Called/responding transport selector: 01 01
    Calling transport selector: 63 6d
    Priority: 6
    Ack time (ms): 1000
    Inactivity timer (ms): 360000
    Additional options: 0x00
    ATN checksum: f0 f6 3e 18

[2025-08-25 20:51:36.836 CEST] [136.975] [-7.4/-48.8 dBFS] [41.4 dB] [1.0 ppm]
GROUND_Y (Ground station, On ground) -> AIRCRAFT (Aircraft): Command
AVLC type: I sseq: 0 rseq: 1 poll: 0
 X.25 Data: grp: 11 chan: 255 sseq: 5 rseq: 6 more: 0
  X.25 reasm status: skipped
  X.233 CLNP Data (compressed header):
   LRef: 0x0 Prio: 8 Flags: 0xd6
   Lifetime: 18.5 sec
   PDU Id: 0x119f
   X.224 COTP Connect Confirm:
    src_ref: 0x01f1 dst_ref: 0x0034
    Initial Credit: 1
    Protocol class: 4
    Options: 00 (use normal PDU formats)
    TPDU size (bytes): 1024
    Called/responding transport selector: 01 01
    Calling transport selector: 63 6d
    Priority: 6
    Ack time (ms): 1000
    Inactivity timer (ms): 360000
    Additional options: 0x00
    ATN checksum: f0 f6 3e 18

[2025-08-25 20:51:45.065 CEST] [136.975] [-7.6/-48.9 dBFS] [41.4 dB] [0.9 ppm]
GROUND_Y (Ground station, On ground) -> AIRCRAFT (Aircraft): Command
AVLC type: I sseq: 0 rseq: 1 poll: 0
 X.25 Data: grp: 11 chan: 255 sseq: 5 rseq: 6 more: 0
  X.25 reasm status: skipped
  X.233 CLNP Data (compressed header):
   LRef: 0x0 Prio: 8 Flags: 0xd6
   Lifetime: 18.5 sec
   PDU Id: 0x119f
   X.224 COTP Connect Confirm:
    src_ref: 0x01f1 dst_ref: 0x0034
    Initial Credit: 1
    Protocol class: 4
    Options: 00 (use normal PDU formats)
    TPDU size (bytes): 1024
    Called/responding transport selector: 01 01
    Calling transport selector: 63 6d
    Priority: 6
    Ack time (ms): 1000
    Inactivity timer (ms): 360000
    Additional options: 0x00
    ATN checksum: f0 f6 3e 18

[2025-08-25 20:51:54.208 CEST] [136.975] [-10.0/-49.0 dBFS] [39.0 dB] [1.0 ppm]
GROUND_X (Ground station, On ground) -> FFFFFF (Aircraft): Command
AVLC type: U (XID) P/F: 0
 XID: Ground Station Information Frame
  Public params:
   Parameter set ID: 8885:1993
   Procedure classes: 00 01
   HDLC options: 20 a4 88
  VDL params:
   Parameter set ID: V
   AVLC specific options: 64
   Frequency support list:
    Ground station: xxxxxx
     Frequency: 136.875 MHz (VDL-M2, D8PSK, 31500 bps)
    Ground station: xxxxxx
     Frequency: 136.875 MHz (VDL-M2, D8PSK, 31500 bps)
   Timer T4: 00 02
   Airport coverage: xxxx
   ATN router NETs: 53 49 54 00 00 01	"SIT..."
   System mask: 200000
   Ground station location: xN yE

[2025-08-25 20:51:54.210 CEST] [136.975] [1.8/-49.1 dBFS] [50.9 dB] [0.3 ppm]
AIRCRAFT (Aircraft, On ground) -> GROUND_X (Ground station): Command
AVLC type: U (XID) P/F: 1
 XID: Link Establishment
  Public params:
   Parameter set ID: 8885:1993
   HDLC options: 20 84 80
   Procedure classes: 00 01
  VDL params:
   Parameter set ID: V
   Connection management: 00
   XID sequencing: seq: 7 retry: 0
   AVLC specific options: 64
   Modulation support: VDL-M2, D8PSK, 31500 bps
   Aircraft location: xN yE 0 ft

[2025-08-25 20:52:03.049 CEST] [136.975] [-9.9/-49.2 dBFS] [39.3 dB] [1.1 ppm]
GROUND_X (Ground station, On ground) -> AIRCRAFT (Aircraft): Response
AVLC type: U (XID) P/F: 1
 XID: Link Establishment Response
  Public params:
   Parameter set ID: 8885:1993
   Procedure classes: 00 01
   HDLC options: 20 a4 88
  VDL params:
   Parameter set ID: V
   Connection management: 00
   XID sequencing: seq: 7 retry: 0
   AVLC specific options: 64
   Airport coverage: xxxx
   ATN router NETs: 53 49 54 00 00 01	"SIT..."
   System mask: 200000
   Ground station location: xN yE

[2025-08-25 20:52:03.960 CEST] [136.975] [-13.7/-49.3 dBFS] [35.6 dB] [1.2 ppm]
GROUND_X (Ground station, On ground) -> AIRCRAFT (Aircraft): Command
AVLC type: I sseq: 0 rseq: 1 poll: 0
 ACARS:
  Reassembly: skipped
  Reg: ..CPDLC
  Mode: 2 Label: _d Blk id: A More: 0 Ack: 3

[2025-08-25 20:52:04.113 CEST] [136.975] [1.8/-49.8 dBFS] [51.6 dB] [0.3 ppm]
AIRCRAFT (Aircraft, On ground) -> GROUND_X (Ground station): Command
AVLC type: I sseq: 1 rseq: 1 poll: 0
 X.25 Call Request: grp: 11 chan: 255 src: 22677777 dst: none
  Facilities:
   Fast Select: requested
   Called address extension: 8c 53 49 54 00 00 01	".SIT..."
  Compression support: LREF, LREF-CAN
  M/I: 0
  ES-IS IS Hello: Hold Time: 30 sec
   NET: 47 00 27 c1 53 55 49 00 xx xx xx 01 01 55 4c 38 30 58 31 00	"G.'.SUI.K....UL80X1."

[2025-08-25 20:52:04.418 CEST] [136.975] [-13.7/-49.3 dBFS] [35.6 dB] [1.2 ppm]
GROUND_X (Ground station, On ground) -> AIRCRAFT (Aircraft): Command
AVLC type: I sseq: 1 rseq: 2 poll: 0
 X.25 Call Accepted: grp: 11 chan: 255 src: 22677777 dst: 1116900402899
  Facilities:
   Max. packet size:
    From calling DTE: 256 bytes
    From called  DTE: 256 bytes
   Window size:
    From calling DTE: 4 packets
    From called  DTE: 4 packets
   Called line address modified: 0f
  Compression support: LREF, LREF-CAN
  M/I: 0
  ES-IS IS Hello: Hold Time: 65534 sec
   NET: 47 00 27 01 53 49 54 00 59 55 4c 00 01 08 00 20 ff ba 45 00	"G.'.SIT.YUL.... ..E."
   Options:
    ATN Data Link Capabilities: 01
    Mobile Subnetwork Capabilities:
     Permitted traffic: all
     Supported ATSC classes: A

[2025-08-25 20:52:04.419 CEST] [136.975] [-13.7/-49.4 dBFS] [35.7 dB] [1.2 ppm]
GROUND_X (Ground station, On ground) -> AIRCRAFT (Aircraft): Command
AVLC type: I sseq: 2 rseq: 2 poll: 0
 X.25 Data: grp: 11 chan: 255 sseq: 0 rseq: 0 more: 0
  X.25 reasm status: skipped
  X.233 CLNP Data:
   Src NSAP: 47 00 27 01 53 49 54 00 59 55 4c 00 01 08 00 20 ff ba 45 00	"G.'.SIT.YUL.... ..E."
   Dst NSAP: 47 00 27 c1 53 55 49 00 xx xx xx 01 01 55 4c 38 30 58 31 00	"G.'.SUI.K....UL80X1."
   Lifetime: 20.0 sec
   Flags: SP E/R
   Segmentation:
    PDU Id: 0x3f4d
    Segment offset: 0
    PDU total length: 140
    CLNP reasm status: skipped
   Options:
    LRef: 0x40
    QoS maintenance: 0xd6
    Security:
     Reg ID: 06 04 2b 1b 00 00
     Info:
      Traffic type:
       Type: ATN system management
       Category: none
       Route policy: 0x00
    Priority: 0x0e
   IDRP Open: seq: 63 ack: 2 credit_offered: 4 credit_avail: 0
    Hold Time: 900 seconds
    Max. PDU size: 3000 octets
    Source RDI: 47 00 27 01 53 49 54 00 59 55 4c	"G.'.SIT.YUL"
    RIB Attribute Set:
     RibAtt #0:
      Security:
       Reg ID: 06 04 2b 1b 00 00
    Auth mechanism: simple checksum

[2025-08-25 20:52:04.875 CEST] [136.975] [1.8/-49.3 dBFS] [51.2 dB] [0.3 ppm]
AIRCRAFT (Aircraft, On ground) -> GROUND_X (Ground station): Command
AVLC type: I sseq: 2 rseq: 3 poll: 0
 X.25 Data: grp: 11 chan: 255 sseq: 0 rseq: 1 more: 0
  X.25 reasm status: skipped
  X.233 CLNP Data (compressed header):
   LRef: 0x40 Prio: 14 Flags: 0xf6
   Lifetime: 32.0 sec
   PDU Id: 0x3b
   IDRP Open: seq: 1 ack: 63 credit_offered: 3 credit_avail: 4
    Hold Time: 900 seconds
    Max. PDU size: 1024 octets
    Source RDI: 47 00 27 c1 53 55 49 00 xx xx xx	"G.'.SUI.K.."
    RIB Attribute Set:
     RibAtt #0:
      Security:
       Reg ID: 06 04 2b 1b 00 00
    Auth mechanism: simple checksum

[2025-08-25 20:52:05.029 CEST] [136.975] [-13.7/-49.7 dBFS] [36.0 dB] [0.9 ppm]
GROUND_X (Ground station, On ground) -> AIRCRAFT (Aircraft): Command
AVLC type: I sseq: 3 rseq: 3 poll: 0
 X.25 Data: grp: 11 chan: 255 sseq: 1 rseq: 1 more: 0
  X.25 reasm status: skipped
  X.233 CLNP Data (compressed header):
   LRef: 0x40 Prio: 14 Flags: 0xf6
   Lifetime: 20.0 sec
   PDU Id: 0x3f56
   IDRP Keepalive: seq: 64 ack: 1 credit_offered: 4 credit_avail: 3

[2025-08-25 20:52:05.179 CEST] [136.975] [-13.7/-49.7 dBFS] [36.0 dB] [1.0 ppm]
GROUND_X (Ground station, On ground) -> AIRCRAFT (Aircraft): Command
AVLC type: I sseq: 4 rseq: 3 poll: 0
 X.25 Data: grp: 11 chan: 255 sseq: 2 rseq: 1 more: 0
  X.25 reasm status: skipped
  X.233 CLNP Data (compressed header):
   LRef: 0x40 Prio: 14 Flags: 0xf6
   Lifetime: 20.0 sec
   PDU Id: 0x3f5d
   IDRP Update: seq: 64 ack: 1 credit_offered: 4 credit_avail: 2
    Route:
     ID: 5221
     Local preference: 0
    Security:
     Reg ID: 06 04 2b 1b 00 00
     Info:
      Supported ATSC classes: A
      Subnetwork type:
       Subnet: VDL
       Permitted traffic: all
    RD path:
     RD_SEQ:
      47 00 27 01 53 49 54 00 00 00 01 0b 47 00 27 01 53 49 54 00 59 55 4c	"G.'.SIT.....G.'.SIT.YUL"
      47 00 27 01 53 49 54 00 59 55 4c	"G.'.SIT.YUL"
    RD hop count: 2
    Capacity: 12
    Reachability info:
     Protocol: CLNP
     Prefix length: 32
     Dest. address prefix: 47 00 27 01 20 47 00 27 81	"G.'. G.'."

[2025-08-25 20:52:06.704 CEST] [136.975] [-9.9/-49.4 dBFS] [39.5 dB] [1.2 ppm]
GROUND_X (Ground station, On ground) -> AIRCRAFT (Aircraft): Response
AVLC type: S (Receive Ready) P/F: 0 rseq: 4

[2025-08-25 20:52:07.009 CEST] [136.975] [1.8/-49.1 dBFS] [51.0 dB] [0.1 ppm]
AIRCRAFT (Aircraft, On ground) -> GROUND_X (Ground station): Command
AVLC type: I sseq: 4 rseq: 5 poll: 0
 X.25 Data: grp: 11 chan: 255 sseq: 2 rseq: 3 more: 0
  X.25 reasm status: skipped
  X.233 CLNP Data (compressed header):
   LRef: 0x40 Prio: 14 Flags: 0xf6
   Lifetime: 32.0 sec
   PDU Id: 0x3d
   IDRP Keepalive: seq: 3 ack: 64 credit_offered: 3 credit_avail: 3

[2025-08-25 20:52:07.160 CEST] [136.975] [-9.9/-49.1 dBFS] [39.2 dB] [1.1 ppm]
GROUND_X (Ground station, On ground) -> AIRCRAFT (Aircraft): Command
AVLC type: I sseq: 5 rseq: 4 poll: 0
 X.25 Data: grp: 11 chan: 255 sseq: 3 rseq: 2 more: 0
  X.25 reasm status: skipped
  X.233 CLNP Data (compressed header):
   LRef: 0x40 Prio: 14 Flags: 0xf6
   Lifetime: 20.0 sec
   PDU Id: 0x3f6d
   IDRP Keepalive: seq: 65 ack: 2 credit_offered: 4 credit_avail: 2

[2025-08-25 20:52:07.617 CEST] [136.975] [-13.1/-49.6 dBFS] [36.5 dB] [2.6 ppm]
GROUND_X (Ground station, On ground) -> FFFFFF (Aircraft): Command
AVLC type: U (DISC) P/F: 0

[2025-08-25 20:52:07.772 CEST] [136.975] [-9.9/-49.3 dBFS] [39.3 dB] [1.0 ppm]
GROUND_X (Ground station, On ground) -> AIRCRAFT (Aircraft): Response
AVLC type: S (Receive Ready) P/F: 0 rseq: 5

[2025-08-25 20:52:10.667 CEST] [136.975] [-9.9/-49.1 dBFS] [39.1 dB] [1.0 ppm]
GROUND_X (Ground station, On ground) -> AIRCRAFT (Aircraft): Command
AVLC type: I sseq: 5 rseq: 5 poll: 0
 X.25 Data: grp: 11 chan: 255 sseq: 3 rseq: 2 more: 0
  X.25 reasm status: skipped
  X.233 CLNP Data (compressed header):
   LRef: 0x40 Prio: 14 Flags: 0xf6
   Lifetime: 20.0 sec
   PDU Id: 0x3f6d
   IDRP Keepalive: seq: 65 ack: 2 credit_offered: 4 credit_avail: 2

[2025-08-25 20:52:14.627 CEST] [136.975] [-9.9/-48.7 dBFS] [38.8 dB] [0.9 ppm]
GROUND_X (Ground station, On ground) -> AIRCRAFT (Aircraft): Command
AVLC type: I sseq: 5 rseq: 5 poll: 0
 X.25 Data: grp: 11 chan: 255 sseq: 3 rseq: 2 more: 0
  X.25 reasm status: skipped
  X.233 CLNP Data (compressed header):
   LRef: 0x40 Prio: 14 Flags: 0xf6
   Lifetime: 20.0 sec
   PDU Id: 0x3f6d
   IDRP Keepalive: seq: 65 ack: 2 credit_offered: 4 credit_avail: 2

[2025-08-25 20:52:17.980 CEST] [136.975] [-9.9/-49.4 dBFS] [39.5 dB] [1.0 ppm]
GROUND_X (Ground station, On ground) -> AIRCRAFT (Aircraft): Command
AVLC type: I sseq: 5 rseq: 5 poll: 0
 X.25 Data: grp: 11 chan: 255 sseq: 3 rseq: 2 more: 0
  X.25 reasm status: skipped
  X.233 CLNP Data (compressed header):
   LRef: 0x40 Prio: 14 Flags: 0xf6
   Lifetime: 20.0 sec
   PDU Id: 0x3f6d
   IDRP Keepalive: seq: 65 ack: 2 credit_offered: 4 credit_avail: 2

[2025-08-25 20:52:25.601 CEST] [136.975] [-10.0/-48.9 dBFS] [39.0 dB] [0.9 ppm]
GROUND_X (Ground station, On ground) -> AIRCRAFT (Aircraft): Command
AVLC type: I sseq: 5 rseq: 5 poll: 0
 X.25 Data: grp: 11 chan: 255 sseq: 3 rseq: 2 more: 0
  X.25 reasm status: skipped
  X.233 CLNP Data (compressed header):
   LRef: 0x40 Prio: 14 Flags: 0xf6
   Lifetime: 20.0 sec
   PDU Id: 0x3f6d
   IDRP Keepalive: seq: 65 ack: 2 credit_offered: 4 credit_avail: 2



[2025-08-25 20:52:30.934 CEST] [136.975] [-10.0/-49.4 dBFS] [39.5 dB] [1.2 ppm]
GROUND_X (Ground station, On ground) -> AIRCRAFT (Aircraft): Command
AVLC type: I sseq: 5 rseq: 5 poll: 0
 X.25 Data: grp: 11 chan: 255 sseq: 3 rseq: 2 more: 0
  X.25 reasm status: skipped
  X.233 CLNP Data (compressed header):
   LRef: 0x40 Prio: 14 Flags: 0xf6
   Lifetime: 20.0 sec
   PDU Id: 0x3f6d
   IDRP Keepalive: seq: 65 ack: 2 credit_offered: 4 credit_avail: 2

[2025-08-25 20:52:48.609 CEST] [136.975] [-7.5/-49.4 dBFS] [41.9 dB] [1.1 ppm]
GROUND_Y (Ground station, On ground) -> FFFFFF (Aircraft): Command
AVLC type: U (XID) P/F: 0
 XID: Ground Station Information Frame
  Public params:
   Parameter set ID: 8885:1993
   Procedure classes: 00 01
   HDLC options: 20 a4 88
  VDL params:
   Parameter set ID: V
   AVLC specific options: 64
   Frequency support list:
    Ground station: xxxxxx
     Frequency: 136.875 MHz (VDL-M2, D8PSK, 31500 bps)
    Ground station: xxxxxx
     Frequency: 136.875 MHz (VDL-M2, D8PSK, 31500 bps)
   Timer T4: 00 02
   Airport coverage: xxxx
   ATN router NETs: 53 49 54 00 00 01	"SIT..."
   System mask: 200000
   Ground station location: xN yE

[2025-08-25 20:52:48.761 CEST] [136.975] [-7.5/-49.2 dBFS] [41.7 dB] [1.0 ppm]
GROUND_Y (Ground station, On ground) -> AIRCRAFT (Aircraft): Response
AVLC type: U (XID) P/F: 1
 XID: Link Establishment Response
  Public params:
   Parameter set ID: 8885:1993
   Procedure classes: 00 01
   HDLC options: 20 a4 88
  VDL params:
   Parameter set ID: V
   Connection management: 00
   XID sequencing: seq: 0 retry: 0
   AVLC specific options: 64
   Airport coverage: xxxx
   ATN router NETs: 53 49 54 00 00 01	"SIT..."
   System mask: 200000
   Ground station location: xN yE

[2025-08-25 20:52:48.914 CEST] [136.975] [1.8/-49.3 dBFS] [51.2 dB] [0.3 ppm]
AIRCRAFT (Aircraft, On ground) -> GROUND_Y (Ground station): Command
AVLC type: I sseq: 0 rseq: 0 poll: 0
 ACARS:
  Reassembly: skipped
  Reg: ..CPDLC Flight: HB0000
  Mode: 2 Label: Q0 Blk id: 4 More: 0 Ack: ! Msg num: M23A

[2025-08-25 20:52:49.218 CEST] [136.975] [-11.3/-49.3 dBFS] [38.0 dB] [1.0 ppm]
GROUND_Y (Ground station, On ground) -> AIRCRAFT (Aircraft): Command
AVLC type: I sseq: 0 rseq: 1 poll: 0
 ACARS:
  Reassembly: skipped
  Reg: ..CPDLC
  Mode: 2 Label: _d Blk id: A More: 0 Ack: 4

[2025-08-25 20:52:49.524 CEST] [136.975] [1.8/-49.1 dBFS] [50.9 dB] [0.3 ppm]
AIRCRAFT (Aircraft, On ground) -> GROUND_Y (Ground station): Command
AVLC type: I sseq: 1 rseq: 1 poll: 0
 X.25 Call Request: grp: 11 chan: 255 src: 22677777 dst: none
  Facilities:
   Fast Select: requested
   Called address extension: 8c 53 49 54 00 00 01	".SIT..."
  Compression support: LREF, LREF-CAN
  M/I: 0
  ES-IS IS Hello: Hold Time: 30 sec
   NET: 47 00 27 c1 53 55 49 00 xx xx xx 01 01 55 4c 38 30 58 31 00	"G.'.SUI.K....UL80X1."

[2025-08-25 20:52:49.829 CEST] [136.975] [-11.2/-49.4 dBFS] [38.2 dB] [1.1 ppm]
GROUND_Y (Ground station, On ground) -> AIRCRAFT (Aircraft): Command
AVLC type: I sseq: 1 rseq: 2 poll: 0
 X.25 Call Accepted: grp: 11 chan: 255 src: 22677777 dst: 1116900402899
  Facilities:
   Max. packet size:
    From calling DTE: 256 bytes
    From called  DTE: 256 bytes
   Window size:
    From calling DTE: 4 packets
    From called  DTE: 4 packets
   Called line address modified: 0f
  Compression support: LREF, LREF-CAN
  M/I: 0
  ES-IS IS Hello: Hold Time: 65534 sec
   NET: 47 00 27 01 53 49 54 00 59 55 4c 00 01 08 00 20 ff ba 45 00	"G.'.SIT.YUL.... ..E."
   Options:
    ATN Data Link Capabilities: 01
    Mobile Subnetwork Capabilities:
     Permitted traffic: all
     Supported ATSC classes: A

[2025-08-25 20:52:53.028 CEST] [136.975] [-7.4/-49.5 dBFS] [42.2 dB] [1.0 ppm]
GROUND_Y (Ground station, On ground) -> AIRCRAFT (Aircraft): Command
AVLC type: I sseq: 2 rseq: 2 poll: 0
 X.25 Data: grp: 11 chan: 255 sseq: 0 rseq: 0 more: 0
  X.25 reasm status: skipped
  X.233 CLNP Data:
   Src NSAP: 47 00 27 01 53 49 54 00 59 55 4c 00 01 08 00 20 ff ba 45 00	"G.'.SIT.YUL.... ..E."
   Dst NSAP: 47 00 27 c1 53 55 49 00 xx xx xx 01 01 55 4c 38 30 58 31 00	"G.'.SUI.K....UL80X1."
   Lifetime: 20.0 sec
   Flags: SP E/R
   Segmentation:
    PDU Id: 0x4091
    Segment offset: 0
    PDU total length: 140
    CLNP reasm status: skipped
   Options:
    LRef: 0x40
    QoS maintenance: 0xd6
    Security:
     Reg ID: 06 04 2b 1b 00 00
     Info:
      Traffic type:
       Type: ATN system management
       Category: none
       Route policy: 0x00
    Priority: 0x0e
   IDRP Open: seq: 66 ack: 2 credit_offered: 4 credit_avail: 0
    Hold Time: 900 seconds
    Max. PDU size: 3000 octets
    Source RDI: 47 00 27 01 53 49 54 00 59 55 4c	"G.'.SIT.YUL"
    RIB Attribute Set:
     RibAtt #0:
      Security:
       Reg ID: 06 04 2b 1b 00 00
    Auth mechanism: simple checksum

[2025-08-25 20:52:53.028 CEST] [136.975] [-7.4/-49.5 dBFS] [42.2 dB] [1.0 ppm]
GROUND_Y (Ground station, On ground) -> AIRCRAFT (Aircraft): Command
AVLC type: I sseq: 2 rseq: 2 poll: 0
 X.25 Data: grp: 11 chan: 255 sseq: 0 rseq: 0 more: 0
  X.25 reasm status: skipped
  X.233 CLNP Data:
   Src NSAP: 47 00 27 01 53 49 54 00 59 55 4c 00 01 08 00 20 ff ba 45 00	"G.'.SIT.YUL.... ..E."
   Dst NSAP: 47 00 27 c1 53 55 49 00 xx xx xx 01 01 55 4c 38 30 58 31 00	"G.'.SUI.K....UL80X1."
   Lifetime: 20.0 sec
   Flags: SP E/R
   Segmentation:
    PDU Id: 0x4091
    Segment offset: 0
    PDU total length: 140
    CLNP reasm status: skipped
   Options:
    LRef: 0x40
    QoS maintenance: 0xd6
    Security:
     Reg ID: 06 04 2b 1b 00 00
     Info:
      Traffic type:
       Type: ATN system management
       Category: none
       Route policy: 0x00
    Priority: 0x0e
   IDRP Open: seq: 66 ack: 2 credit_offered: 4 credit_avail: 0
    Hold Time: 900 seconds
    Max. PDU size: 3000 octets
    Source RDI: 47 00 27 01 53 49 54 00 59 55 4c	"G.'.SIT.YUL"
    RIB Attribute Set:
     RibAtt #0:
      Security:
       Reg ID: 06 04 2b 1b 00 00
    Auth mechanism: simple checksum

[2025-08-25 20:52:53.485 CEST] [136.975] [1.8/-49.3 dBFS] [51.1 dB] [0.2 ppm]
AIRCRAFT (Aircraft, On ground) -> GROUND_Y (Ground station): Response
AVLC type: S (Receive Ready) P/F: 0 rseq: 3

[2025-08-25 20:52:53.486 CEST] [136.975] [1.8/-49.3 dBFS] [51.1 dB] [0.1 ppm]
AIRCRAFT (Aircraft, On ground) -> GROUND_Y (Ground station): Command
AVLC type: I sseq: 2 rseq: 3 poll: 0
 X.25 Data: grp: 11 chan: 255 sseq: 0 rseq: 1 more: 0
  X.25 reasm status: skipped
  X.233 CLNP Data (compressed header):
   LRef: 0x40 Prio: 14 Flags: 0xf6
   Lifetime: 32.0 sec
   PDU Id: 0x3e
   IDRP Open: seq: 1 ack: 66 credit_offered: 3 credit_avail: 4
    Hold Time: 900 seconds
    Max. PDU size: 1024 octets
    Source RDI: 47 00 27 c1 53 55 49 00 xx xx xx	"G.'.SUI.K.."
    RIB Attribute Set:
     RibAtt #0:
      Security:
       Reg ID: 06 04 2b 1b 00 00
    Auth mechanism: simple checksum

[2025-08-25 20:52:53.789 CEST] [136.975] [-11.2/-49.3 dBFS] [38.2 dB] [1.1 ppm]
GROUND_Y (Ground station, On ground) -> AIRCRAFT (Aircraft): Command
AVLC type: I sseq: 3 rseq: 3 poll: 0
 X.25 Data: grp: 11 chan: 255 sseq: 1 rseq: 1 more: 0
  X.25 reasm status: skipped
  X.233 CLNP Data (compressed header):
   LRef: 0x40 Prio: 14 Flags: 0xf6
   Lifetime: 20.0 sec
   PDU Id: 0x40b7
   IDRP Keepalive: seq: 67 ack: 1 credit_offered: 4 credit_avail: 3

[2025-08-25 20:52:53.790 CEST] [136.975] [-11.2/-49.4 dBFS] [38.2 dB] [1.0 ppm]
GROUND_Y (Ground station, On ground) -> AIRCRAFT (Aircraft): Command
AVLC type: I sseq: 4 rseq: 3 poll: 0
 X.25 Data: grp: 11 chan: 255 sseq: 2 rseq: 1 more: 0
  X.25 reasm status: skipped
  X.233 CLNP Data (compressed header):
   LRef: 0x40 Prio: 14 Flags: 0xf6
   Lifetime: 20.0 sec
   PDU Id: 0x40b8
   IDRP Update: seq: 67 ack: 1 credit_offered: 4 credit_avail: 2
    Route:
     ID: 5222
     Local preference: 0
    Security:
     Reg ID: 06 04 2b 1b 00 00
     Info:
      Supported ATSC classes: A
      Subnetwork type:
       Subnet: VDL
       Permitted traffic: all
    RD path:
     RD_SEQ:
      47 00 27 01 53 49 54 00 00 00 01 0b 47 00 27 01 53 49 54 00 59 55 4c	"G.'.SIT.....G.'.SIT.YUL"
      47 00 27 01 53 49 54 00 59 55 4c	"G.'.SIT.YUL"
    RD hop count: 2
    Capacity: 12
    Reachability info:
     Protocol: CLNP
     Prefix length: 32
     Dest. address prefix: 47 00 27 01 20 47 00 27 81	"G.'. G.'."

[2025-08-25 20:52:54.095 CEST] [136.975] [-17.2/-49.2 dBFS] [32.0 dB] [2.6 ppm]
GROUND_Y (Ground station, On ground) -> FFFFFF (Aircraft): Command
AVLC type: U (DISC) P/F: 0

[2025-08-25 20:52:54.856 CEST] [136.975] [-11.2/-49.3 dBFS] [38.1 dB] [1.0 ppm]
GROUND_Y (Ground station, On ground) -> AIRCRAFT (Aircraft): Response
AVLC type: S (Receive Ready) P/F: 0 rseq: 4

[2025-08-25 20:52:55.163 CEST] [136.975] [-7.4/-49.1 dBFS] [41.7 dB] [0.8 ppm]
GROUND_Y (Ground station, On ground) -> AIRCRAFT (Aircraft): Command
AVLC type: I sseq: 5 rseq: 4 poll: 0
 X.25 Data: grp: 11 chan: 255 sseq: 3 rseq: 2 more: 0
  X.25 reasm status: skipped
  X.233 CLNP Data (compressed header):
   LRef: 0x40 Prio: 14 Flags: 0xf6
   Lifetime: 20.0 sec
   PDU Id: 0x40c2
   IDRP Keepalive: seq: 68 ack: 2 credit_offered: 4 credit_avail: 2

[2025-08-25 20:52:59.276 CEST] [136.975] [-7.4/-49.2 dBFS] [41.8 dB] [0.9 ppm]
GROUND_Y (Ground station, On ground) -> AIRCRAFT (Aircraft): Command
AVLC type: I sseq: 5 rseq: 4 poll: 0
 X.25 Data: grp: 11 chan: 255 sseq: 3 rseq: 2 more: 0
  X.25 reasm status: skipped
  X.233 CLNP Data (compressed header):
   LRef: 0x40 Prio: 14 Flags: 0xf6
   Lifetime: 20.0 sec
   PDU Id: 0x40c2
   IDRP Keepalive: seq: 68 ack: 2 credit_offered: 4 credit_avail: 2

[2025-08-25 20:53:02.932 CEST] [136.975] [-7.4/-49.3 dBFS] [41.9 dB] [1.1 ppm]
GROUND_Y (Ground station, On ground) -> AIRCRAFT (Aircraft): Command
AVLC type: I sseq: 6 rseq: 4 poll: 0
 X.25 Data: grp: 11 chan: 255 sseq: 4 rseq: 2 more: 0
  X.25 reasm status: skipped
  X.233 CLNP Data:
   Src NSAP: 47 00 27 81 83 65 75 00 11 50 59 00 01 00 00 47 47 31 31 01	"G.'..eu..PY....GG11."
   Dst NSAP: 47 00 27 c1 53 55 49 00 xx xx xx 01 01 55 4c 38 30 58 31 01	"G.'.SUI.K....UL80X1."
   Lifetime: 18.5 sec
   Flags: SP
   Segmentation:
    PDU Id: 0x11a4
    Segment offset: 0
    PDU total length: 89
    CLNP reasm status: skipped
   Options:
    LRef: 0x41
    QoS maintenance: 0xd6
    Security:
     Reg ID: 06 04 2b 1b 00 00
     Info:
      Traffic type:
       Type: ATN operational
       Category: ATSC
       Route policy: 0x01
    Priority: 0x08
   X.224 COTP Data Ack:
    dst_ref: 0x0035
    rseq: 0 credit: 1
    ATN checksum: ed d5 b4 33

[2025-08-25 20:53:03.391 CEST] [136.975] [-7.4/-49.3 dBFS] [41.8 dB] [1.1 ppm]
GROUND_Y (Ground station, On ground) -> AIRCRAFT (Aircraft): Command
AVLC type: I sseq: 5 rseq: 4 poll: 0
 X.25 Data: grp: 11 chan: 255 sseq: 3 rseq: 2 more: 0
  X.25 reasm status: skipped
  X.233 CLNP Data (compressed header):
   LRef: 0x40 Prio: 14 Flags: 0xf6
   Lifetime: 20.0 sec
   PDU Id: 0x40c2
   IDRP Keepalive: seq: 68 ack: 2 credit_offered: 4 credit_avail: 2

[2025-08-25 20:53:03.391 CEST] [136.975] [-7.4/-49.3 dBFS] [41.8 dB] [1.1 ppm]
GROUND_Y (Ground station, On ground) -> AIRCRAFT (Aircraft): Command
AVLC type: I sseq: 6 rseq: 4 poll: 0
 X.25 Data: grp: 11 chan: 255 sseq: 4 rseq: 2 more: 0
  X.25 reasm status: skipped
  X.233 CLNP Data:
   Src NSAP: 47 00 27 81 83 65 75 00 11 50 59 00 01 00 00 47 47 31 31 01	"G.'..eu..PY....GG11."
   Dst NSAP: 47 00 27 c1 53 55 49 00 xx xx xx 01 01 55 4c 38 30 58 31 01	"G.'.SUI.K....UL80X1."
   Lifetime: 18.5 sec
   Flags: SP
   Segmentation:
    PDU Id: 0x11a4
    Segment offset: 0
    PDU total length: 89
    CLNP reasm status: skipped
   Options:
    LRef: 0x41
    QoS maintenance: 0xd6
    Security:
     Reg ID: 06 04 2b 1b 00 00
     Info:
      Traffic type:
       Type: ATN operational
       Category: ATSC
       Route policy: 0x01
    Priority: 0x08
   X.224 COTP Data Ack:
    dst_ref: 0x0035
    rseq: 0 credit: 1
    ATN checksum: ed d5 b4 33

[2025-08-25 20:53:07.962 CEST] [136.975] [-7.5/-49.0 dBFS] [41.6 dB] [1.1 ppm]
GROUND_Y (Ground station, On ground) -> AIRCRAFT (Aircraft): Command
AVLC type: I sseq: 5 rseq: 4 poll: 0
 X.25 Data: grp: 11 chan: 255 sseq: 3 rseq: 2 more: 0
  X.25 reasm status: skipped
  X.233 CLNP Data (compressed header):
   LRef: 0x40 Prio: 14 Flags: 0xf6
   Lifetime: 20.0 sec
   PDU Id: 0x40c2
   IDRP Keepalive: seq: 68 ack: 2 credit_offered: 4 credit_avail: 2

[2025-08-25 20:53:07.962 CEST] [136.975] [-7.5/-49.0 dBFS] [41.6 dB] [1.1 ppm]
GROUND_Y (Ground station, On ground) -> AIRCRAFT (Aircraft): Command
AVLC type: I sseq: 6 rseq: 4 poll: 0
 X.25 Data: grp: 11 chan: 255 sseq: 4 rseq: 2 more: 0
  X.25 reasm status: skipped
  X.233 CLNP Data:
   Src NSAP: 47 00 27 81 83 65 75 00 11 50 59 00 01 00 00 47 47 31 31 01	"G.'..eu..PY....GG11."
   Dst NSAP: 47 00 27 c1 53 55 49 00 xx xx xx 01 01 55 4c 38 30 58 31 01	"G.'.SUI.K....UL80X1."
   Lifetime: 18.5 sec
   Flags: SP
   Segmentation:
    PDU Id: 0x11a4
    Segment offset: 0
    PDU total length: 89
    CLNP reasm status: skipped
   Options:
    LRef: 0x41
    QoS maintenance: 0xd6
    Security:
     Reg ID: 06 04 2b 1b 00 00
     Info:
      Traffic type:
       Type: ATN operational
       Category: ATSC
       Route policy: 0x01
    Priority: 0x08
   X.224 COTP Data Ack:
    dst_ref: 0x0035
    rseq: 0 credit: 1
    ATN checksum: ed d5 b4 33

[2025-08-25 20:53:08.725 CEST] [136.975] [-7.5/-49.4 dBFS] [41.9 dB] [1.1 ppm]
GROUND_Y (Ground station, On ground) -> AIRCRAFT (Aircraft): Command
AVLC type: I sseq: 7 rseq: 4 poll: 0
 X.25 Data: grp: 11 chan: 255 sseq: 5 rseq: 2 more: 0
  X.25 reasm status: skipped
  X.233 CLNP Data (compressed header):
   LRef: 0x40 Prio: 14 Flags: 0xf6
   Lifetime: 20.0 sec
   PDU Id: 0x412b
   IDRP Update: seq: 67 ack: 1 credit_offered: 4 credit_avail: 2
    Route:
     ID: 5222
     Local preference: 0
    Security:
     Reg ID: 06 04 2b 1b 00 00
     Info:
      Supported ATSC classes: A
      Subnetwork type:
       Subnet: VDL
       Permitted traffic: all
    RD path:
     RD_SEQ:
      47 00 27 01 53 49 54 00 00 00 01 0b 47 00 27 01 53 49 54 00 59 55 4c	"G.'.SIT.....G.'.SIT.YUL"
      47 00 27 01 53 49 54 00 59 55 4c	"G.'.SIT.YUL"
    RD hop count: 2
    Capacity: 12
    Reachability info:
     Protocol: CLNP
     Prefix length: 32
     Dest. address prefix: 47 00 27 01 20 47 00 27 81	"G.'. G.'."

[2025-08-25 20:53:12.990 CEST] [136.975] [-7.5/-49.2 dBFS] [41.7 dB] [0.8 ppm]
GROUND_Y (Ground station, On ground) -> AIRCRAFT (Aircraft): Command
AVLC type: I sseq: 5 rseq: 4 poll: 0
 X.25 Data: grp: 11 chan: 255 sseq: 3 rseq: 2 more: 0
  X.25 reasm status: skipped
  X.233 CLNP Data (compressed header):
   LRef: 0x40 Prio: 14 Flags: 0xf6
   Lifetime: 20.0 sec
   PDU Id: 0x40c2
   IDRP Keepalive: seq: 68 ack: 2 credit_offered: 4 credit_avail: 2

[2025-08-25 20:53:12.990 CEST] [136.975] [-7.5/-49.2 dBFS] [41.7 dB] [0.8 ppm]
GROUND_Y (Ground station, On ground) -> AIRCRAFT (Aircraft): Command
AVLC type: I sseq: 6 rseq: 4 poll: 0
 X.25 Data: grp: 11 chan: 255 sseq: 4 rseq: 2 more: 0
  X.25 reasm status: skipped
  X.233 CLNP Data:
   Src NSAP: 47 00 27 81 83 65 75 00 11 50 59 00 01 00 00 47 47 31 31 01	"G.'..eu..PY....GG11."
   Dst NSAP: 47 00 27 c1 53 55 49 00 xx xx xx 01 01 55 4c 38 30 58 31 01	"G.'.SUI.K....UL80X1."
   Lifetime: 18.5 sec
   Flags: SP
   Segmentation:
    PDU Id: 0x11a4
    Segment offset: 0
    PDU total length: 89
    CLNP reasm status: skipped
   Options:
    LRef: 0x41
    QoS maintenance: 0xd6
    Security:
     Reg ID: 06 04 2b 1b 00 00
     Info:
      Traffic type:
       Type: ATN operational
       Category: ATSC
       Route policy: 0x01
    Priority: 0x08
   X.224 COTP Data Ack:
    dst_ref: 0x0035
    rseq: 0 credit: 1
    ATN checksum: ed d5 b4 33

[2025-08-25 20:53:12.990 CEST] [136.975] [-7.5/-49.2 dBFS] [41.7 dB] [0.8 ppm]
GROUND_Y (Ground station, On ground) -> AIRCRAFT (Aircraft): Command
AVLC type: I sseq: 7 rseq: 4 poll: 0
 X.25 Data: grp: 11 chan: 255 sseq: 5 rseq: 2 more: 0
  X.25 reasm status: skipped
  X.233 CLNP Data (compressed header):
   LRef: 0x40 Prio: 14 Flags: 0xf6
   Lifetime: 20.0 sec
   PDU Id: 0x412b
   IDRP Update: seq: 67 ack: 1 credit_offered: 4 credit_avail: 2
    Route:
     ID: 5222
     Local preference: 0
    Security:
     Reg ID: 06 04 2b 1b 00 00
     Info:
      Supported ATSC classes: A
      Subnetwork type:
       Subnet: VDL
       Permitted traffic: all
    RD path:
     RD_SEQ:
      47 00 27 01 53 49 54 00 00 00 01 0b 47 00 27 01 53 49 54 00 59 55 4c	"G.'.SIT.....G.'.SIT.YUL"
      47 00 27 01 53 49 54 00 59 55 4c	"G.'.SIT.YUL"
    RD hop count: 2
    Capacity: 12
    Reachability info:
     Protocol: CLNP
     Prefix length: 32
     Dest. address prefix: 47 00 27 01 20 47 00 27 81	"G.'. G.'."

[2025-08-25 20:53:19.085 CEST] [136.975] [-7.4/-49.1 dBFS] [41.7 dB] [0.9 ppm]
GROUND_Y (Ground station, On ground) -> AIRCRAFT (Aircraft): Command
AVLC type: I sseq: 5 rseq: 4 poll: 0
 X.25 Data: grp: 11 chan: 255 sseq: 3 rseq: 2 more: 0
  X.25 reasm status: skipped
  X.233 CLNP Data (compressed header):
   LRef: 0x40 Prio: 14 Flags: 0xf6
   Lifetime: 20.0 sec
   PDU Id: 0x40c2
   IDRP Keepalive: seq: 68 ack: 2 credit_offered: 4 credit_avail: 2

[2025-08-25 20:53:19.085 CEST] [136.975] [-7.4/-49.1 dBFS] [41.7 dB] [0.9 ppm]
GROUND_Y (Ground station, On ground) -> AIRCRAFT (Aircraft): Command
AVLC type: I sseq: 6 rseq: 4 poll: 0
 X.25 Data: grp: 11 chan: 255 sseq: 4 rseq: 2 more: 0
  X.25 reasm status: skipped
  X.233 CLNP Data:
   Src NSAP: 47 00 27 81 83 65 75 00 11 50 59 00 01 00 00 47 47 31 31 01	"G.'..eu..PY....GG11."
   Dst NSAP: 47 00 27 c1 53 55 49 00 xx xx xx 01 01 55 4c 38 30 58 31 01	"G.'.SUI.K....UL80X1."
   Lifetime: 18.5 sec
   Flags: SP
   Segmentation:
    PDU Id: 0x11a4
    Segment offset: 0
    PDU total length: 89
    CLNP reasm status: skipped
   Options:
    LRef: 0x41
    QoS maintenance: 0xd6
    Security:
     Reg ID: 06 04 2b 1b 00 00
     Info:
      Traffic type:
       Type: ATN operational
       Category: ATSC
       Route policy: 0x01
    Priority: 0x08
   X.224 COTP Data Ack:
    dst_ref: 0x0035
    rseq: 0 credit: 1
    ATN checksum: ed d5 b4 33

[2025-08-25 20:53:19.085 CEST] [136.975] [-7.4/-49.1 dBFS] [41.7 dB] [0.9 ppm]
GROUND_Y (Ground station, On ground) -> AIRCRAFT (Aircraft): Command
AVLC type: I sseq: 7 rseq: 4 poll: 0
 X.25 Data: grp: 11 chan: 255 sseq: 5 rseq: 2 more: 0
  X.25 reasm status: skipped
  X.233 CLNP Data (compressed header):
   LRef: 0x40 Prio: 14 Flags: 0xf6
   Lifetime: 20.0 sec
   PDU Id: 0x412b
   IDRP Update: seq: 67 ack: 1 credit_offered: 4 credit_avail: 2
    Route:
     ID: 5222
     Local preference: 0
    Security:
     Reg ID: 06 04 2b 1b 00 00
     Info:
      Supported ATSC classes: A
      Subnetwork type:
       Subnet: VDL
       Permitted traffic: all
    RD path:
     RD_SEQ:
      47 00 27 01 53 49 54 00 00 00 01 0b 47 00 27 01 53 49 54 00 59 55 4c	"G.'.SIT.....G.'.SIT.YUL"
      47 00 27 01 53 49 54 00 59 55 4c	"G.'.SIT.YUL"
    RD hop count: 2
    Capacity: 12
    Reachability info:
     Protocol: CLNP
     Prefix length: 32
     Dest. address prefix: 47 00 27 01 20 47 00 27 81	"G.'. G.'."


[2025-08-25 20:53:56.116 CEST] [136.975] [-9.9/-49.4 dBFS] [39.4 dB] [0.9 ppm]
GROUND_X (Ground station, On ground) -> FFFFFF (Aircraft): Command
AVLC type: U (XID) P/F: 0
 XID: Ground Station Information Frame
  Public params:
   Parameter set ID: 8885:1993
   Procedure classes: 00 01
   HDLC options: 20 a4 88
  VDL params:
   Parameter set ID: V
   AVLC specific options: 64
   Frequency support list:
    Ground station: xxxxxx
     Frequency: 136.875 MHz (VDL-M2, D8PSK, 31500 bps)
    Ground station: xxxxxx
     Frequency: 136.875 MHz (VDL-M2, D8PSK, 31500 bps)
   Timer T4: 00 02
   Airport coverage: xxxx
   ATN router NETs: 53 49 54 00 00 01	"SIT..."
   System mask: 200000
   Ground station location: xN yE

[2025-08-25 20:53:56.267 CEST] [136.975] [1.7/-49.1 dBFS] [50.8 dB] [0.1 ppm]
AIRCRAFT (Aircraft, On ground) -> GROUND_X (Ground station): Command
AVLC type: U (XID) P/F: 1
 XID: Link Establishment
  Public params:
   Parameter set ID: 8885:1993
   HDLC options: 20 84 80
   Procedure classes: 00 01
  VDL params:
   Parameter set ID: V
   Connection management: 00
   XID sequencing: seq: 1 retry: 0
   AVLC specific options: 64
   Modulation support: VDL-M2, D8PSK, 31500 bps
   Aircraft location: xN yE 0 ft

[2025-08-25 20:53:56.270 CEST] [136.975] [-10.0/-49.1 dBFS] [39.1 dB] [1.0 ppm]
GROUND_X (Ground station, On ground) -> AIRCRAFT (Aircraft): Response
AVLC type: U (XID) P/F: 1
 XID: Link Establishment Response
  Public params:
   Parameter set ID: 8885:1993
   Procedure classes: 00 01
   HDLC options: 20 a4 88
  VDL params:
   Parameter set ID: V
   Connection management: 00
   XID sequencing: seq: 1 retry: 0
   AVLC specific options: 64
   Airport coverage: xxxx
   ATN router NETs: 53 49 54 00 00 01	"SIT..."
   System mask: 200000
   Ground station location: xN yE

[2025-08-25 20:53:56.571 CEST] [136.975] [1.8/-49.3 dBFS] [51.1 dB] [0.3 ppm]
AIRCRAFT (Aircraft, On ground) -> GROUND_X (Ground station): Command
AVLC type: I sseq: 0 rseq: 0 poll: 0
 ACARS:
  Reassembly: skipped
  Reg: ..CPDLC Flight: HB0000
  Mode: 2 Label: Q0 Blk id: 5 More: 0 Ack: ! Msg num: M24A

[2025-08-25 20:53:57.029 CEST] [136.975] [-13.8/-49.4 dBFS] [35.7 dB] [1.0 ppm]
GROUND_X (Ground station, On ground) -> AIRCRAFT (Aircraft): Command
AVLC type: I sseq: 0 rseq: 1 poll: 0
 ACARS:
  Reassembly: skipped
  Reg: ..CPDLC
  Mode: 2 Label: _d Blk id: A More: 0 Ack: 5

[2025-08-25 20:53:57.180 CEST] [136.975] [1.8/-49.4 dBFS] [51.2 dB] [0.3 ppm]
AIRCRAFT (Aircraft, On ground) -> GROUND_X (Ground station): Command
AVLC type: I sseq: 1 rseq: 1 poll: 0
 X.25 Call Request: grp: 11 chan: 255 src: 22677777 dst: none
  Facilities:
   Fast Select: requested
   Called address extension: 8c 53 49 54 00 00 01	".SIT..."
  Compression support: LREF, LREF-CAN
  M/I: 0
  ES-IS IS Hello: Hold Time: 30 sec
   NET: 47 00 27 c1 53 55 49 00 xx xx xx 01 01 55 4c 38 30 58 31 00	"G.'.SUI.K....UL80X1."

[2025-08-25 20:53:57.487 CEST] [136.975] [-13.7/-49.2 dBFS] [35.5 dB] [1.1 ppm]
GROUND_X (Ground station, On ground) -> AIRCRAFT (Aircraft): Command
AVLC type: I sseq: 1 rseq: 2 poll: 0
 X.25 Call Accepted: grp: 11 chan: 255 src: 22677777 dst: 1116900402899
  Facilities:
   Max. packet size:
    From calling DTE: 256 bytes
    From called  DTE: 256 bytes
   Window size:
    From calling DTE: 4 packets
    From called  DTE: 4 packets
   Called line address modified: 0f
  Compression support: LREF, LREF-CAN
  M/I: 0
  ES-IS IS Hello: Hold Time: 65534 sec
   NET: 47 00 27 01 53 49 54 00 59 55 4c 00 01 08 00 20 ff ba 45 00	"G.'.SIT.YUL.... ..E."
   Options:
    ATN Data Link Capabilities: 01
    Mobile Subnetwork Capabilities:
     Permitted traffic: all
     Supported ATSC classes: A

[2025-08-25 20:53:57.637 CEST] [136.975] [-13.7/-49.1 dBFS] [35.3 dB] [1.1 ppm]
GROUND_X (Ground station, On ground) -> AIRCRAFT (Aircraft): Command
AVLC type: I sseq: 2 rseq: 2 poll: 0
 X.25 Data: grp: 11 chan: 255 sseq: 0 rseq: 0 more: 0
  X.25 reasm status: skipped
  X.233 CLNP Data:
   Src NSAP: 47 00 27 01 53 49 54 00 59 55 4c 00 01 08 00 20 ff ba 45 00	"G.'.SIT.YUL.... ..E."
   Dst NSAP: 47 00 27 c1 53 55 49 00 xx xx xx 01 01 55 4c 38 30 58 31 00	"G.'.SUI.K....UL80X1."
   Lifetime: 20.0 sec
   Flags: SP E/R
   Segmentation:
    PDU Id: 0x42d1
    Segment offset: 0
    PDU total length: 140
    CLNP reasm status: skipped
   Options:
    LRef: 0x40
    QoS maintenance: 0xd6
    Security:
     Reg ID: 06 04 2b 1b 00 00
     Info:
      Traffic type:
       Type: ATN system management
       Category: none
       Route policy: 0x00
    Priority: 0x0e
   IDRP Open: seq: 69 ack: 2 credit_offered: 4 credit_avail: 0
    Hold Time: 900 seconds
    Max. PDU size: 3000 octets
    Source RDI: 47 00 27 01 53 49 54 00 59 55 4c	"G.'.SIT.YUL"
    RIB Attribute Set:
     RibAtt #0:
      Security:
       Reg ID: 06 04 2b 1b 00 00
    Auth mechanism: simple checksum

[2025-08-25 20:53:57.639 CEST] [136.975] [-15.3/-49.0 dBFS] [33.7 dB] [2.5 ppm]
GROUND_X (Ground station, On ground) -> FFFFFF (Aircraft): Command
AVLC type: U (DISC) P/F: 0

[2025-08-25 20:54:02.056 CEST] [136.975] [-9.7/-48.8 dBFS] [39.1 dB] [0.9 ppm]
GROUND_X (Ground station, On ground) -> AIRCRAFT (Aircraft): Command
AVLC type: I sseq: 1 rseq: 2 poll: 0
 X.25 Call Accepted: grp: 11 chan: 255 src: 22677777 dst: 1116900402899
  Facilities:
   Max. packet size:
    From calling DTE: 256 bytes
    From called  DTE: 256 bytes
   Window size:
    From calling DTE: 4 packets
    From called  DTE: 4 packets
   Called line address modified: 0f
  Compression support: LREF, LREF-CAN
  M/I: 0
  ES-IS IS Hello: Hold Time: 65534 sec
   NET: 47 00 27 01 53 49 54 00 59 55 4c 00 01 08 00 20 ff ba 45 00	"G.'.SIT.YUL.... ..E."
   Options:
    ATN Data Link Capabilities: 01
    Mobile Subnetwork Capabilities:
     Permitted traffic: all
     Supported ATSC classes: A

[2025-08-25 20:54:02.056 CEST] [136.975] [-9.7/-48.8 dBFS] [39.1 dB] [0.9 ppm]
GROUND_X (Ground station, On ground) -> AIRCRAFT (Aircraft): Command
AVLC type: I sseq: 2 rseq: 2 poll: 0
 X.25 Data: grp: 11 chan: 255 sseq: 0 rseq: 0 more: 0
  X.25 reasm status: skipped
  X.233 CLNP Data:
   Src NSAP: 47 00 27 01 53 49 54 00 59 55 4c 00 01 08 00 20 ff ba 45 00	"G.'.SIT.YUL.... ..E."
   Dst NSAP: 47 00 27 c1 53 55 49 00 xx xx xx 01 01 55 4c 38 30 58 31 00	"G.'.SUI.K....UL80X1."
   Lifetime: 20.0 sec
   Flags: SP E/R
   Segmentation:
    PDU Id: 0x42d1
    Segment offset: 0
    PDU total length: 140
    CLNP reasm status: skipped
   Options:
    LRef: 0x40
    QoS maintenance: 0xd6
    Security:
     Reg ID: 06 04 2b 1b 00 00
     Info:
      Traffic type:
       Type: ATN system management
       Category: none
       Route policy: 0x00
    Priority: 0x0e
   IDRP Open: seq: 69 ack: 2 credit_offered: 4 credit_avail: 0
    Hold Time: 900 seconds
    Max. PDU size: 3000 octets
    Source RDI: 47 00 27 01 53 49 54 00 59 55 4c	"G.'.SIT.YUL"
    RIB Attribute Set:
     RibAtt #0:
      Security:
       Reg ID: 06 04 2b 1b 00 00
    Auth mechanism: simple checksum

[2025-08-25 20:54:05.717 CEST] [136.975] [-9.8/-49.4 dBFS] [39.5 dB] [1.1 ppm]
GROUND_X (Ground station, On ground) -> AIRCRAFT (Aircraft): Command
AVLC type: I sseq: 1 rseq: 2 poll: 0
 X.25 Call Accepted: grp: 11 chan: 255 src: 22677777 dst: 1116900402899
  Facilities:
   Max. packet size:
    From calling DTE: 256 bytes
    From called  DTE: 256 bytes
   Window size:
    From calling DTE: 4 packets
    From called  DTE: 4 packets
   Called line address modified: 0f
  Compression support: LREF, LREF-CAN
  M/I: 0
  ES-IS IS Hello: Hold Time: 65534 sec
   NET: 47 00 27 01 53 49 54 00 59 55 4c 00 01 08 00 20 ff ba 45 00	"G.'.SIT.YUL.... ..E."
   Options:
    ATN Data Link Capabilities: 01
    Mobile Subnetwork Capabilities:
     Permitted traffic: all
     Supported ATSC classes: A

[2025-08-25 20:54:05.717 CEST] [136.975] [-9.8/-49.4 dBFS] [39.5 dB] [1.1 ppm]
GROUND_X (Ground station, On ground) -> AIRCRAFT (Aircraft): Command
AVLC type: I sseq: 2 rseq: 2 poll: 0
 X.25 Data: grp: 11 chan: 255 sseq: 0 rseq: 0 more: 0
  X.25 reasm status: skipped
  X.233 CLNP Data:
   Src NSAP: 47 00 27 01 53 49 54 00 59 55 4c 00 01 08 00 20 ff ba 45 00	"G.'.SIT.YUL.... ..E."
   Dst NSAP: 47 00 27 c1 53 55 49 00 xx xx xx 01 01 55 4c 38 30 58 31 00	"G.'.SUI.K....UL80X1."
   Lifetime: 20.0 sec
   Flags: SP E/R
   Segmentation:
    PDU Id: 0x42d1
    Segment offset: 0
    PDU total length: 140
    CLNP reasm status: skipped
   Options:
    LRef: 0x40
    QoS maintenance: 0xd6
    Security:
     Reg ID: 06 04 2b 1b 00 00
     Info:
      Traffic type:
       Type: ATN system management
       Category: none
       Route policy: 0x00
    Priority: 0x0e
   IDRP Open: seq: 69 ack: 2 credit_offered: 4 credit_avail: 0
    Hold Time: 900 seconds
    Max. PDU size: 3000 octets
    Source RDI: 47 00 27 01 53 49 54 00 59 55 4c	"G.'.SIT.YUL"
    RIB Attribute Set:
     RibAtt #0:
      Security:
       Reg ID: 06 04 2b 1b 00 00
    Auth mechanism: simple checksum

[2025-08-25 20:54:10.440 CEST] [136.975] [-9.9/-49.5 dBFS] [39.7 dB] [0.9 ppm]
GROUND_X (Ground station, On ground) -> AIRCRAFT (Aircraft): Command
AVLC type: I sseq: 1 rseq: 2 poll: 0
 X.25 Call Accepted: grp: 11 chan: 255 src: 22677777 dst: 1116900402899
  Facilities:
   Max. packet size:
    From calling DTE: 256 bytes
    From called  DTE: 256 bytes
   Window size:
    From calling DTE: 4 packets
    From called  DTE: 4 packets
   Called line address modified: 0f
  Compression support: LREF, LREF-CAN
  M/I: 0
  ES-IS IS Hello: Hold Time: 65534 sec
   NET: 47 00 27 01 53 49 54 00 59 55 4c 00 01 08 00 20 ff ba 45 00	"G.'.SIT.YUL.... ..E."
   Options:
    ATN Data Link Capabilities: 01
    Mobile Subnetwork Capabilities:
     Permitted traffic: all
     Supported ATSC classes: A

[2025-08-25 20:54:10.440 CEST] [136.975] [-9.9/-49.5 dBFS] [39.7 dB] [0.9 ppm]
GROUND_X (Ground station, On ground) -> AIRCRAFT (Aircraft): Command
AVLC type: I sseq: 2 rseq: 2 poll: 0
 X.25 Data: grp: 11 chan: 255 sseq: 0 rseq: 0 more: 0
  X.25 reasm status: skipped
  X.233 CLNP Data:
   Src NSAP: 47 00 27 01 53 49 54 00 59 55 4c 00 01 08 00 20 ff ba 45 00	"G.'.SIT.YUL.... ..E."
   Dst NSAP: 47 00 27 c1 53 55 49 00 xx xx xx 01 01 55 4c 38 30 58 31 00	"G.'.SUI.K....UL80X1."
   Lifetime: 20.0 sec
   Flags: SP E/R
   Segmentation:
    PDU Id: 0x42d1
    Segment offset: 0
    PDU total length: 140
    CLNP reasm status: skipped
   Options:
    LRef: 0x40
    QoS maintenance: 0xd6
    Security:
     Reg ID: 06 04 2b 1b 00 00
     Info:
      Traffic type:
       Type: ATN system management
       Category: none
       Route policy: 0x00
    Priority: 0x0e
   IDRP Open: seq: 69 ack: 2 credit_offered: 4 credit_avail: 0
    Hold Time: 900 seconds
    Max. PDU size: 3000 octets
    Source RDI: 47 00 27 01 53 49 54 00 59 55 4c	"G.'.SIT.YUL"
    RIB Attribute Set:
     RibAtt #0:
      Security:
       Reg ID: 06 04 2b 1b 00 00
    Auth mechanism: simple checksum

[2025-08-25 20:54:12.421 CEST] [136.975] [-9.9/-49.5 dBFS] [39.5 dB] [0.9 ppm]
GROUND_X (Ground station, On ground) -> AIRCRAFT (Aircraft): Command
AVLC type: I sseq: 3 rseq: 2 poll: 0
 X.25 Data: grp: 11 chan: 255 sseq: 1 rseq: 0 more: 0
  X.25 reasm status: skipped
  X.233 CLNP Data (compressed header):
   LRef: 0x40 Prio: 14 Flags: 0xf6
   Lifetime: 20.0 sec
   PDU Id: 0x433a
   IDRP Open: seq: 69 ack: 2 credit_offered: 4 credit_avail: 0
    Hold Time: 900 seconds
    Max. PDU size: 3000 octets
    Source RDI: 47 00 27 01 53 49 54 00 59 55 4c	"G.'.SIT.YUL"
    RIB Attribute Set:
     RibAtt #0:
      Security:
       Reg ID: 06 04 2b 1b 00 00
    Auth mechanism: simple checksum

[2025-08-25 20:54:17.755 CEST] [136.975] [-9.9/-49.2 dBFS] [39.3 dB] [1.1 ppm]
GROUND_X (Ground station, On ground) -> AIRCRAFT (Aircraft): Command
AVLC type: I sseq: 1 rseq: 2 poll: 0
 X.25 Call Accepted: grp: 11 chan: 255 src: 22677777 dst: 1116900402899
  Facilities:
   Max. packet size:
    From calling DTE: 256 bytes
    From called  DTE: 256 bytes
   Window size:
    From calling DTE: 4 packets
    From called  DTE: 4 packets
   Called line address modified: 0f
  Compression support: LREF, LREF-CAN
  M/I: 0
  ES-IS IS Hello: Hold Time: 65534 sec
   NET: 47 00 27 01 53 49 54 00 59 55 4c 00 01 08 00 20 ff ba 45 00	"G.'.SIT.YUL.... ..E."
   Options:
    ATN Data Link Capabilities: 01
    Mobile Subnetwork Capabilities:
     Permitted traffic: all
     Supported ATSC classes: A

[2025-08-25 20:54:17.755 CEST] [136.975] [-9.9/-49.2 dBFS] [39.3 dB] [1.1 ppm]
GROUND_X (Ground station, On ground) -> AIRCRAFT (Aircraft): Command
AVLC type: I sseq: 2 rseq: 2 poll: 0
 X.25 Data: grp: 11 chan: 255 sseq: 0 rseq: 0 more: 0
  X.25 reasm status: skipped
  X.233 CLNP Data:
   Src NSAP: 47 00 27 01 53 49 54 00 59 55 4c 00 01 08 00 20 ff ba 45 00	"G.'.SIT.YUL.... ..E."
   Dst NSAP: 47 00 27 c1 53 55 49 00 xx xx xx 01 01 55 4c 38 30 58 31 00	"G.'.SUI.K....UL80X1."
   Lifetime: 20.0 sec
   Flags: SP E/R
   Segmentation:
    PDU Id: 0x42d1
    Segment offset: 0
    PDU total length: 140
    CLNP reasm status: skipped
   Options:
    LRef: 0x40
    QoS maintenance: 0xd6
    Security:
     Reg ID: 06 04 2b 1b 00 00
     Info:
      Traffic type:
       Type: ATN system management
       Category: none
       Route policy: 0x00
    Priority: 0x0e
   IDRP Open: seq: 69 ack: 2 credit_offered: 4 credit_avail: 0
    Hold Time: 900 seconds
    Max. PDU size: 3000 octets
    Source RDI: 47 00 27 01 53 49 54 00 59 55 4c	"G.'.SIT.YUL"
    RIB Attribute Set:
     RibAtt #0:
      Security:
       Reg ID: 06 04 2b 1b 00 00
    Auth mechanism: simple checksum

[2025-08-25 20:54:17.755 CEST] [136.975] [-9.9/-49.2 dBFS] [39.3 dB] [1.1 ppm]
GROUND_X (Ground station, On ground) -> AIRCRAFT (Aircraft): Command
AVLC type: I sseq: 3 rseq: 2 poll: 0
 X.25 Data: grp: 11 chan: 255 sseq: 1 rseq: 0 more: 0
  X.25 reasm status: skipped
  X.233 CLNP Data (compressed header):
   LRef: 0x40 Prio: 14 Flags: 0xf6
   Lifetime: 20.0 sec
   PDU Id: 0x433a
   IDRP Open: seq: 69 ack: 2 credit_offered: 4 credit_avail: 0
    Hold Time: 900 seconds
    Max. PDU size: 3000 octets
    Source RDI: 47 00 27 01 53 49 54 00 59 55 4c	"G.'.SIT.YUL"
    RIB Attribute Set:
     RibAtt #0:
      Security:
       Reg ID: 06 04 2b 1b 00 00
    Auth mechanism: simple checksum

[2025-08-25 20:54:21.258 CEST] [136.975] [-9.8/-49.1 dBFS] [39.4 dB] [0.9 ppm]
GROUND_X (Ground station, On ground) -> AIRCRAFT (Aircraft): Command
AVLC type: I sseq: 1 rseq: 2 poll: 0
 X.25 Call Accepted: grp: 11 chan: 255 src: 22677777 dst: 1116900402899
  Facilities:
   Max. packet size:
    From calling DTE: 256 bytes
    From called  DTE: 256 bytes
   Window size:
    From calling DTE: 4 packets
    From called  DTE: 4 packets
   Called line address modified: 0f
  Compression support: LREF, LREF-CAN
  M/I: 0
  ES-IS IS Hello: Hold Time: 65534 sec
   NET: 47 00 27 01 53 49 54 00 59 55 4c 00 01 08 00 20 ff ba 45 00	"G.'.SIT.YUL.... ..E."
   Options:
    ATN Data Link Capabilities: 01
    Mobile Subnetwork Capabilities:
     Permitted traffic: all
     Supported ATSC classes: A

[2025-08-25 20:54:21.258 CEST] [136.975] [-9.8/-49.1 dBFS] [39.4 dB] [0.9 ppm]
GROUND_X (Ground station, On ground) -> AIRCRAFT (Aircraft): Command
AVLC type: I sseq: 2 rseq: 2 poll: 0
 X.25 Data: grp: 11 chan: 255 sseq: 0 rseq: 0 more: 0
  X.25 reasm status: skipped
  X.233 CLNP Data:
   Src NSAP: 47 00 27 01 53 49 54 00 59 55 4c 00 01 08 00 20 ff ba 45 00	"G.'.SIT.YUL.... ..E."
   Dst NSAP: 47 00 27 c1 53 55 49 00 xx xx xx 01 01 55 4c 38 30 58 31 00	"G.'.SUI.K....UL80X1."
   Lifetime: 20.0 sec
   Flags: SP E/R
   Segmentation:
    PDU Id: 0x42d1
    Segment offset: 0
    PDU total length: 140
    CLNP reasm status: skipped
   Options:
    LRef: 0x40
    QoS maintenance: 0xd6
    Security:
     Reg ID: 06 04 2b 1b 00 00
     Info:
      Traffic type:
       Type: ATN system management
       Category: none
       Route policy: 0x00
    Priority: 0x0e
   IDRP Open: seq: 69 ack: 2 credit_offered: 4 credit_avail: 0
    Hold Time: 900 seconds
    Max. PDU size: 3000 octets
    Source RDI: 47 00 27 01 53 49 54 00 59 55 4c	"G.'.SIT.YUL"
    RIB Attribute Set:
     RibAtt #0:
      Security:
       Reg ID: 06 04 2b 1b 00 00
    Auth mechanism: simple checksum

[2025-08-25 20:54:21.258 CEST] [136.975] [-9.8/-49.1 dBFS] [39.4 dB] [0.9 ppm]
GROUND_X (Ground station, On ground) -> AIRCRAFT (Aircraft): Command
AVLC type: I sseq: 3 rseq: 2 poll: 0
 X.25 Data: grp: 11 chan: 255 sseq: 1 rseq: 0 more: 0
  X.25 reasm status: skipped
  X.233 CLNP Data (compressed header):
   LRef: 0x40 Prio: 14 Flags: 0xf6
   Lifetime: 20.0 sec
   PDU Id: 0x433a
   IDRP Open: seq: 69 ack: 2 credit_offered: 4 credit_avail: 0
    Hold Time: 900 seconds
    Max. PDU size: 3000 octets
    Source RDI: 47 00 27 01 53 49 54 00 59 55 4c	"G.'.SIT.YUL"
    RIB Attribute Set:
     RibAtt #0:
      Security:
       Reg ID: 06 04 2b 1b 00 00
    Auth mechanism: simple checksum


[2025-08-25 20:54:27.506 CEST] [136.975] [-9.9/-49.4 dBFS] [39.5 dB] [0.9 ppm]
GROUND_X (Ground station, On ground) -> AIRCRAFT (Aircraft): Command
AVLC type: I sseq: 4 rseq: 2 poll: 1
 X.25 Data: grp: 11 chan: 255 sseq: 2 rseq: 0 more: 0
  X.25 reasm status: skipped
  X.233 CLNP Data (compressed header):
   LRef: 0x40 Prio: 14 Flags: 0xf6
   Lifetime: 20.0 sec
   PDU Id: 0x43c1
   IDRP Open: seq: 69 ack: 2 credit_offered: 4 credit_avail: 0
    Hold Time: 900 seconds
    Max. PDU size: 3000 octets
    Source RDI: 47 00 27 01 53 49 54 00 59 55 4c	"G.'.SIT.YUL"
    RIB Attribute Set:
     RibAtt #0:
      Security:
       Reg ID: 06 04 2b 1b 00 00
    Auth mechanism: simple checksum

[2025-08-25 20:54:48.537 CEST] [136.975] [-7.6/-49.3 dBFS] [41.7 dB] [1.2 ppm]
GROUND_Y (Ground station, On ground) -> FFFFFF (Aircraft): Command
AVLC type: U (XID) P/F: 0
 XID: Ground Station Information Frame
  Public params:
   Parameter set ID: 8885:1993
   Procedure classes: 00 01
   HDLC options: 20 a4 88
  VDL params:
   Parameter set ID: V
   AVLC specific options: 64
   Frequency support list:
    Ground station: xxxxxx
     Frequency: 136.875 MHz (VDL-M2, D8PSK, 31500 bps)
    Ground station: xxxxxx
     Frequency: 136.875 MHz (VDL-M2, D8PSK, 31500 bps)
   Timer T4: 00 02
   Airport coverage: xxxx
   ATN router NETs: 53 49 54 00 00 01	"SIT..."
   System mask: 200000
   Ground station location: xN yE

[2025-08-25 20:54:48.687 CEST] [136.975] [1.9/-49.4 dBFS] [51.2 dB] [0.1 ppm]
AIRCRAFT (Aircraft, On ground) -> GROUND_Y (Ground station): Command
AVLC type: U (XID) P/F: 1
 XID: Link Establishment
  Public params:
   Parameter set ID: 8885:1993
   HDLC options: 20 84 80
   Procedure classes: 00 01
  VDL params:
   Parameter set ID: V
   Connection management: 00
   XID sequencing: seq: 2 retry: 0
   AVLC specific options: 64
   Modulation support: VDL-M2, D8PSK, 31500 bps
   Aircraft location: xN yE 0 ft

[2025-08-25 20:54:48.839 CEST] [136.975] [-8.8/-49.1 dBFS] [40.3 dB] [1.0 ppm]
GROUND_Y (Ground station, On ground) -> AIRCRAFT (Aircraft): Response
AVLC type: U (XID) P/F: 1
 XID: Link Establishment Response
  Public params:
   Parameter set ID: 8885:1993
   Procedure classes: 00 01
   HDLC options: 20 a4 88
  VDL params:
   Parameter set ID: V
   Connection management: 00
   XID sequencing: seq: 2 retry: 0
   AVLC specific options: 64
   Airport coverage: xxxx
   ATN router NETs: 53 49 54 00 00 01	"SIT..."
   System mask: 200000
   Ground station location: xN yE

[2025-08-25 20:54:48.841 CEST] [136.975] [1.7/-49.2 dBFS] [50.9 dB] [0.1 ppm]
AIRCRAFT (Aircraft, On ground) -> GROUND_Y (Ground station): Command
AVLC type: I sseq: 0 rseq: 0 poll: 0
 ACARS:
  Reassembly: skipped
  Reg: ..CPDLC Flight: HB0000
  Mode: 2 Label: Q0 Blk id: 6 More: 0 Ack: ! Msg num: M25A

[2025-08-25 20:54:49.145 CEST] [136.975] [-11.4/-49.4 dBFS] [38.1 dB] [1.2 ppm]
GROUND_Y (Ground station, On ground) -> AIRCRAFT (Aircraft): Command
AVLC type: I sseq: 0 rseq: 1 poll: 0
 ACARS:
  Reassembly: skipped
  Reg: ..CPDLC
  Mode: 2 Label: _d Blk id: A More: 0 Ack: 6

[2025-08-25 20:54:49.297 CEST] [136.975] [1.8/-49.3 dBFS] [51.1 dB] [0.1 ppm]
AIRCRAFT (Aircraft, On ground) -> GROUND_Y (Ground station): Command
AVLC type: I sseq: 1 rseq: 1 poll: 0
 X.25 Call Request: grp: 11 chan: 255 src: 22677777 dst: none
  Facilities:
   Fast Select: requested
   Called address extension: 8c 53 49 54 00 00 01	".SIT..."
  Compression support: LREF, LREF-CAN
  M/I: 0
  ES-IS IS Hello: Hold Time: 30 sec
   NET: 47 00 27 c1 53 55 49 00 xx xx xx 01 01 55 4c 38 30 58 31 00	"G.'.SUI.K....UL80X1."

[2025-08-25 20:54:49.602 CEST] [136.975] [-11.4/-49.4 dBFS] [38.0 dB] [1.2 ppm]
GROUND_Y (Ground station, On ground) -> AIRCRAFT (Aircraft): Command
AVLC type: I sseq: 1 rseq: 2 poll: 0
 X.25 Call Accepted: grp: 11 chan: 255 src: 22677777 dst: 1116900402899
  Facilities:
   Max. packet size:
    From calling DTE: 256 bytes
    From called  DTE: 256 bytes
   Window size:
    From calling DTE: 4 packets
    From called  DTE: 4 packets
   Called line address modified: 0f
  Compression support: LREF, LREF-CAN
  M/I: 0
  ES-IS IS Hello: Hold Time: 65534 sec
   NET: 47 00 27 01 53 49 54 00 59 55 4c 00 01 08 00 20 ff ba 45 00	"G.'.SIT.YUL.... ..E."
   Options:
    ATN Data Link Capabilities: 01
    Mobile Subnetwork Capabilities:
     Permitted traffic: all
     Supported ATSC classes: A

[2025-08-25 20:54:51.887 CEST] [136.975] [-10.9/-48.9 dBFS] [38.0 dB] [2.6 ppm]
GROUND_Y (Ground station, On ground) -> FFFFFF (Aircraft): Command
AVLC type: U (DISC) P/F: 0

[2025-08-25 20:54:52.801 CEST] [136.975] [-7.5/-49.2 dBFS] [41.8 dB] [0.9 ppm]
GROUND_Y (Ground station, On ground) -> AIRCRAFT (Aircraft): Command
AVLC type: I sseq: 2 rseq: 2 poll: 0
 X.25 Data: grp: 11 chan: 255 sseq: 0 rseq: 0 more: 0
  X.25 reasm status: skipped
  X.233 CLNP Data:
   Src NSAP: 47 00 27 01 53 49 54 00 59 55 4c 00 01 08 00 20 ff ba 45 00	"G.'.SIT.YUL.... ..E."
   Dst NSAP: 47 00 27 c1 53 55 49 00 xx xx xx 01 01 55 4c 38 30 58 31 00	"G.'.SUI.K....UL80X1."
   Lifetime: 20.0 sec
   Flags: SP E/R
   Segmentation:
    PDU Id: 0x4467
    Segment offset: 0
    PDU total length: 140
    CLNP reasm status: skipped
   Options:
    LRef: 0x40
    QoS maintenance: 0xd6
    Security:
     Reg ID: 06 04 2b 1b 00 00
     Info:
      Traffic type:
       Type: ATN system management
       Category: none
       Route policy: 0x00
    Priority: 0x0e
   IDRP Open: seq: 71 ack: 2 credit_offered: 4 credit_avail: 0
    Hold Time: 900 seconds
    Max. PDU size: 3000 octets
    Source RDI: 47 00 27 01 53 49 54 00 59 55 4c	"G.'.SIT.YUL"
    RIB Attribute Set:
     RibAtt #0:
      Security:
       Reg ID: 06 04 2b 1b 00 00
    Auth mechanism: simple checksum

[2025-08-25 20:54:52.801 CEST] [136.975] [-7.5/-49.2 dBFS] [41.8 dB] [0.9 ppm]
GROUND_Y (Ground station, On ground) -> AIRCRAFT (Aircraft): Command
AVLC type: I sseq: 2 rseq: 2 poll: 0
 X.25 Data: grp: 11 chan: 255 sseq: 0 rseq: 0 more: 0
  X.25 reasm status: skipped
  X.233 CLNP Data:
   Src NSAP: 47 00 27 01 53 49 54 00 59 55 4c 00 01 08 00 20 ff ba 45 00	"G.'.SIT.YUL.... ..E."
   Dst NSAP: 47 00 27 c1 53 55 49 00 xx xx xx 01 01 55 4c 38 30 58 31 00	"G.'.SUI.K....UL80X1."
   Lifetime: 20.0 sec
   Flags: SP E/R
   Segmentation:
    PDU Id: 0x4467
    Segment offset: 0
    PDU total length: 140
    CLNP reasm status: skipped
   Options:
    LRef: 0x40
    QoS maintenance: 0xd6
    Security:
     Reg ID: 06 04 2b 1b 00 00
     Info:
      Traffic type:
       Type: ATN system management
       Category: none
       Route policy: 0x00
    Priority: 0x0e
   IDRP Open: seq: 71 ack: 2 credit_offered: 4 credit_avail: 0
    Hold Time: 900 seconds
    Max. PDU size: 3000 octets
    Source RDI: 47 00 27 01 53 49 54 00 59 55 4c	"G.'.SIT.YUL"
    RIB Attribute Set:
     RibAtt #0:
      Security:
       Reg ID: 06 04 2b 1b 00 00
    Auth mechanism: simple checksum

[2025-08-25 20:54:56.765 CEST] [136.975] [-7.5/-49.3 dBFS] [41.9 dB] [0.8 ppm]
GROUND_Y (Ground station, On ground) -> AIRCRAFT (Aircraft): Command
AVLC type: I sseq: 2 rseq: 2 poll: 0
 X.25 Data: grp: 11 chan: 255 sseq: 0 rseq: 0 more: 0
  X.25 reasm status: skipped
  X.233 CLNP Data:
   Src NSAP: 47 00 27 01 53 49 54 00 59 55 4c 00 01 08 00 20 ff ba 45 00	"G.'.SIT.YUL.... ..E."
   Dst NSAP: 47 00 27 c1 53 55 49 00 xx xx xx 01 01 55 4c 38 30 58 31 00	"G.'.SUI.K....UL80X1."
   Lifetime: 20.0 sec
   Flags: SP E/R
   Segmentation:
    PDU Id: 0x4467
    Segment offset: 0
    PDU total length: 140
    CLNP reasm status: skipped
   Options:
    LRef: 0x40
    QoS maintenance: 0xd6
    Security:
     Reg ID: 06 04 2b 1b 00 00
     Info:
      Traffic type:
       Type: ATN system management
       Category: none
       Route policy: 0x00
    Priority: 0x0e
   IDRP Open: seq: 71 ack: 2 credit_offered: 4 credit_avail: 0
    Hold Time: 900 seconds
    Max. PDU size: 3000 octets
    Source RDI: 47 00 27 01 53 49 54 00 59 55 4c	"G.'.SIT.YUL"
    RIB Attribute Set:
     RibAtt #0:
      Security:
       Reg ID: 06 04 2b 1b 00 00
    Auth mechanism: simple checksum

[2025-08-25 20:55:01.030 CEST] [136.975] [-7.5/-48.9 dBFS] [41.4 dB] [1.1 ppm]
GROUND_Y (Ground station, On ground) -> AIRCRAFT (Aircraft): Command
AVLC type: I sseq: 2 rseq: 2 poll: 0
 X.25 Data: grp: 11 chan: 255 sseq: 0 rseq: 0 more: 0
  X.25 reasm status: skipped
  X.233 CLNP Data:
   Src NSAP: 47 00 27 01 53 49 54 00 59 55 4c 00 01 08 00 20 ff ba 45 00	"G.'.SIT.YUL.... ..E."
   Dst NSAP: 47 00 27 c1 53 55 49 00 xx xx xx 01 01 55 4c 38 30 58 31 00	"G.'.SUI.K....UL80X1."
   Lifetime: 20.0 sec
   Flags: SP E/R
   Segmentation:
    PDU Id: 0x4467
    Segment offset: 0
    PDU total length: 140
    CLNP reasm status: skipped
   Options:
    LRef: 0x40
    QoS maintenance: 0xd6
    Security:
     Reg ID: 06 04 2b 1b 00 00
     Info:
      Traffic type:
       Type: ATN system management
       Category: none
       Route policy: 0x00
    Priority: 0x0e
   IDRP Open: seq: 71 ack: 2 credit_offered: 4 credit_avail: 0
    Hold Time: 900 seconds
    Max. PDU size: 3000 octets
    Source RDI: 47 00 27 01 53 49 54 00 59 55 4c	"G.'.SIT.YUL"
    RIB Attribute Set:
     RibAtt #0:
      Security:
       Reg ID: 06 04 2b 1b 00 00
    Auth mechanism: simple checksum

[2025-08-25 20:55:04.537 CEST] [136.975] [-7.5/-49.3 dBFS] [41.8 dB] [1.0 ppm]
GROUND_Y (Ground station, On ground) -> AIRCRAFT (Aircraft): Command
AVLC type: I sseq: 3 rseq: 2 poll: 0
 X.25 Data: grp: 11 chan: 255 sseq: 1 rseq: 0 more: 0
  X.25 reasm status: skipped
  X.233 CLNP Data (compressed header):
   LRef: 0x40 Prio: 14 Flags: 0xf6
   Lifetime: 20.0 sec
   PDU Id: 0x44d3
   IDRP Open: seq: 71 ack: 2 credit_offered: 4 credit_avail: 0
    Hold Time: 900 seconds
    Max. PDU size: 3000 octets
    Source RDI: 47 00 27 01 53 49 54 00 59 55 4c	"G.'.SIT.YUL"
    RIB Attribute Set:
     RibAtt #0:
      Security:
       Reg ID: 06 04 2b 1b 00 00
    Auth mechanism: simple checksum

[2025-08-25 20:55:07.127 CEST] [136.975] [-7.6/-49.2 dBFS] [41.6 dB] [0.9 ppm]
GROUND_Y (Ground station, On ground) -> AIRCRAFT (Aircraft): Command
AVLC type: I sseq: 2 rseq: 2 poll: 0
 X.25 Data: grp: 11 chan: 255 sseq: 0 rseq: 0 more: 0
  X.25 reasm status: skipped
  X.233 CLNP Data:
   Src NSAP: 47 00 27 01 53 49 54 00 59 55 4c 00 01 08 00 20 ff ba 45 00	"G.'.SIT.YUL.... ..E."
   Dst NSAP: 47 00 27 c1 53 55 49 00 xx xx xx 01 01 55 4c 38 30 58 31 00	"G.'.SUI.K....UL80X1."
   Lifetime: 20.0 sec
   Flags: SP E/R
   Segmentation:
    PDU Id: 0x4467
    Segment offset: 0
    PDU total length: 140
    CLNP reasm status: skipped
   Options:
    LRef: 0x40
    QoS maintenance: 0xd6
    Security:
     Reg ID: 06 04 2b 1b 00 00
     Info:
      Traffic type:
       Type: ATN system management
       Category: none
       Route policy: 0x00
    Priority: 0x0e
   IDRP Open: seq: 71 ack: 2 credit_offered: 4 credit_avail: 0
    Hold Time: 900 seconds
    Max. PDU size: 3000 octets
    Source RDI: 47 00 27 01 53 49 54 00 59 55 4c	"G.'.SIT.YUL"
    RIB Attribute Set:
     RibAtt #0:
      Security:
       Reg ID: 06 04 2b 1b 00 00
    Auth mechanism: simple checksum

[2025-08-25 20:55:07.127 CEST] [136.975] [-7.6/-49.2 dBFS] [41.6 dB] [0.9 ppm]
GROUND_Y (Ground station, On ground) -> AIRCRAFT (Aircraft): Command
AVLC type: I sseq: 3 rseq: 2 poll: 0
 X.25 Data: grp: 11 chan: 255 sseq: 1 rseq: 0 more: 0
  X.25 reasm status: skipped
  X.233 CLNP Data (compressed header):
   LRef: 0x40 Prio: 14 Flags: 0xf6
   Lifetime: 20.0 sec
   PDU Id: 0x44d3
   IDRP Open: seq: 71 ack: 2 credit_offered: 4 credit_avail: 0
    Hold Time: 900 seconds
    Max. PDU size: 3000 octets
    Source RDI: 47 00 27 01 53 49 54 00 59 55 4c	"G.'.SIT.YUL"
    RIB Attribute Set:
     RibAtt #0:
      Security:
       Reg ID: 06 04 2b 1b 00 00
    Auth mechanism: simple checksum

[2025-08-25 20:55:15.356 CEST] [136.975] [-7.5/-49.3 dBFS] [41.8 dB] [1.1 ppm]
GROUND_Y (Ground station, On ground) -> AIRCRAFT (Aircraft): Command
AVLC type: I sseq: 2 rseq: 2 poll: 0
 X.25 Data: grp: 11 chan: 255 sseq: 0 rseq: 0 more: 0
  X.25 reasm status: skipped
  X.233 CLNP Data:
   Src NSAP: 47 00 27 01 53 49 54 00 59 55 4c 00 01 08 00 20 ff ba 45 00	"G.'.SIT.YUL.... ..E."
   Dst NSAP: 47 00 27 c1 53 55 49 00 xx xx xx 01 01 55 4c 38 30 58 31 00	"G.'.SUI.K....UL80X1."
   Lifetime: 20.0 sec
   Flags: SP E/R
   Segmentation:
    PDU Id: 0x4467
    Segment offset: 0
    PDU total length: 140
    CLNP reasm status: skipped
   Options:
    LRef: 0x40
    QoS maintenance: 0xd6
    Security:
     Reg ID: 06 04 2b 1b 00 00
     Info:
      Traffic type:
       Type: ATN system management
       Category: none
       Route policy: 0x00
    Priority: 0x0e
   IDRP Open: seq: 71 ack: 2 credit_offered: 4 credit_avail: 0
    Hold Time: 900 seconds
    Max. PDU size: 3000 octets
    Source RDI: 47 00 27 01 53 49 54 00 59 55 4c	"G.'.SIT.YUL"
    RIB Attribute Set:
     RibAtt #0:
      Security:
       Reg ID: 06 04 2b 1b 00 00
    Auth mechanism: simple checksum

[2025-08-25 20:55:15.356 CEST] [136.975] [-7.5/-49.3 dBFS] [41.8 dB] [1.1 ppm]
GROUND_Y (Ground station, On ground) -> AIRCRAFT (Aircraft): Command
AVLC type: I sseq: 3 rseq: 2 poll: 0
 X.25 Data: grp: 11 chan: 255 sseq: 1 rseq: 0 more: 0
  X.25 reasm status: skipped
  X.233 CLNP Data (compressed header):
   LRef: 0x40 Prio: 14 Flags: 0xf6
   Lifetime: 20.0 sec
   PDU Id: 0x44d3
   IDRP Open: seq: 71 ack: 2 credit_offered: 4 credit_avail: 0
    Hold Time: 900 seconds
    Max. PDU size: 3000 octets
    Source RDI: 47 00 27 01 53 49 54 00 59 55 4c	"G.'.SIT.YUL"
    RIB Attribute Set:
     RibAtt #0:
      Security:
       Reg ID: 06 04 2b 1b 00 00
    Auth mechanism: simple checksum

[2025-08-25 20:55:19.620 CEST] [136.975] [-7.6/-49.4 dBFS] [41.8 dB] [0.9 ppm]
GROUND_Y (Ground station, On ground) -> AIRCRAFT (Aircraft): Command
AVLC type: I sseq: 4 rseq: 2 poll: 0
 X.25 Data: grp: 11 chan: 255 sseq: 2 rseq: 0 more: 0
  X.25 reasm status: skipped
  X.233 CLNP Data (compressed header):
   LRef: 0x40 Prio: 14 Flags: 0xf6
   Lifetime: 20.0 sec
   PDU Id: 0x4564
   IDRP Open: seq: 71 ack: 2 credit_offered: 4 credit_avail: 0
    Hold Time: 900 seconds
    Max. PDU size: 3000 octets
    Source RDI: 47 00 27 01 53 49 54 00 59 55 4c	"G.'.SIT.YUL"
    RIB Attribute Set:
     RibAtt #0:
      Security:
       Reg ID: 06 04 2b 1b 00 00
    Auth mechanism: simple checksum


[2025-08-25 20:56:02.136 CEST] [136.975] [-9.9/-49.4 dBFS] [39.5 dB] [1.1 ppm]
GROUND_X (Ground station, On ground) -> FFFFFF (Aircraft): Command
AVLC type: U (XID) P/F: 0
 XID: Ground Station Information Frame
  Public params:
   Parameter set ID: 8885:1993
   Procedure classes: 00 01
   HDLC options: 20 a4 88
  VDL params:
   Parameter set ID: V
   AVLC specific options: 64
   Frequency support list:
    Ground station: xxxxxx
     Frequency: 136.875 MHz (VDL-M2, D8PSK, 31500 bps)
    Ground station: xxxxxx
     Frequency: 136.875 MHz (VDL-M2, D8PSK, 31500 bps)
   Timer T4: 00 02
   Airport coverage: xxxx
   ATN router NETs: 53 49 54 00 00 01	"SIT..."
   System mask: 200000
   Ground station location: xN yE

[2025-08-25 20:56:02.592 CEST] [136.975] [-13.8/-49.3 dBFS] [35.5 dB] [1.2 ppm]
GROUND_X (Ground station, On ground) -> AIRCRAFT (Aircraft): Response
AVLC type: U (XID) P/F: 1
 XID: Link Establishment Response
  Public params:
   Parameter set ID: 8885:1993
   Procedure classes: 00 01
   HDLC options: 20 a4 88
  VDL params:
   Parameter set ID: V
   Connection management: 00
   XID sequencing: seq: 3 retry: 0
   AVLC specific options: 64
   Airport coverage: xxxx
   ATN router NETs: 53 49 54 00 00 01	"SIT..."
   System mask: 200000
   Ground station location: xN yE

[2025-08-25 20:56:02.594 CEST] [136.975] [1.9/-49.3 dBFS] [51.2 dB] [0.3 ppm]
AIRCRAFT (Aircraft, On ground) -> GROUND_X (Ground station): Command
AVLC type: I sseq: 0 rseq: 0 poll: 0
 ACARS:
  Reassembly: skipped
  Reg: ..CPDLC Flight: HB0000
  Mode: 2 Label: Q0 Blk id: 7 More: 0 Ack: ! Msg num: M26A

[2025-08-25 20:56:03.202 CEST] [136.975] [-13.7/-49.6 dBFS] [35.9 dB] [1.2 ppm]
GROUND_X (Ground station, On ground) -> AIRCRAFT (Aircraft): Command
AVLC type: I sseq: 0 rseq: 1 poll: 0
 ACARS:
  Reassembly: skipped
  Reg: ..CPDLC
  Mode: 2 Label: _d Blk id: A More: 0 Ack: 7

[2025-08-25 20:56:03.203 CEST] [136.975] [1.8/-49.4 dBFS] [51.2 dB] [0.3 ppm]
AIRCRAFT (Aircraft, On ground) -> GROUND_X (Ground station): Command
AVLC type: I sseq: 1 rseq: 1 poll: 0
 X.25 Call Request: grp: 11 chan: 255 src: 22677777 dst: none
  Facilities:
   Fast Select: requested
   Called address extension: 8c 53 49 54 00 00 01	".SIT..."
  Compression support: LREF, LREF-CAN
  M/I: 0
  ES-IS IS Hello: Hold Time: 30 sec
   NET: 47 00 27 c1 53 55 49 00 xx xx xx 01 01 55 4c 38 30 58 31 00	"G.'.SUI.K....UL80X1."

[2025-08-25 20:56:03.658 CEST] [136.975] [-13.7/-49.2 dBFS] [35.5 dB] [1.1 ppm]
GROUND_X (Ground station, On ground) -> AIRCRAFT (Aircraft): Command
AVLC type: I sseq: 1 rseq: 2 poll: 0
 X.25 Call Accepted: grp: 11 chan: 255 src: 22677777 dst: 1116900402899
  Facilities:
   Max. packet size:
    From calling DTE: 256 bytes
    From called  DTE: 256 bytes
   Window size:
    From calling DTE: 4 packets
    From called  DTE: 4 packets
   Called line address modified: 0f
  Compression support: LREF, LREF-CAN
  M/I: 0
  ES-IS IS Hello: Hold Time: 65534 sec
   NET: 47 00 27 01 53 49 54 00 59 55 4c 00 01 08 00 20 ff ba 45 00	"G.'.SIT.YUL.... ..E."
   Options:
    ATN Data Link Capabilities: 01
    Mobile Subnetwork Capabilities:
     Permitted traffic: all
     Supported ATSC classes: A

[2025-08-25 20:56:03.658 CEST] [136.975] [-13.7/-49.2 dBFS] [35.4 dB] [1.0 ppm]
GROUND_X (Ground station, On ground) -> AIRCRAFT (Aircraft): Command
AVLC type: I sseq: 2 rseq: 2 poll: 0
 X.25 Data: grp: 11 chan: 255 sseq: 0 rseq: 0 more: 0
  X.25 reasm status: skipped
  X.233 CLNP Data:
   Src NSAP: 47 00 27 01 53 49 54 00 59 55 4c 00 01 08 00 20 ff ba 45 00	"G.'.SIT.YUL.... ..E."
   Dst NSAP: 47 00 27 c1 53 55 49 00 xx xx xx 01 01 55 4c 38 30 58 31 00	"G.'.SUI.K....UL80X1."
   Lifetime: 20.0 sec
   Flags: SP E/R
   Segmentation:
    PDU Id: 0x46ae
    Segment offset: 0
    PDU total length: 140
    CLNP reasm status: skipped
   Options:
    LRef: 0x40
    QoS maintenance: 0xd6
    Security:
     Reg ID: 06 04 2b 1b 00 00
     Info:
      Traffic type:
       Type: ATN system management
       Category: none
       Route policy: 0x00
    Priority: 0x0e
   IDRP Open: seq: 73 ack: 2 credit_offered: 4 credit_avail: 0
    Hold Time: 900 seconds
    Max. PDU size: 3000 octets
    Source RDI: 47 00 27 01 53 49 54 00 59 55 4c	"G.'.SIT.YUL"
    RIB Attribute Set:
     RibAtt #0:
      Security:
       Reg ID: 06 04 2b 1b 00 00
    Auth mechanism: simple checksum

[2025-08-25 20:56:03.966 CEST] [136.975] [1.9/-49.3 dBFS] [51.2 dB] [0.3 ppm]
AIRCRAFT (Aircraft, On ground) -> GROUND_X (Ground station): Command
AVLC type: I sseq: 2 rseq: 3 poll: 0
 X.25 Data: grp: 11 chan: 255 sseq: 0 rseq: 1 more: 0
  X.25 reasm status: skipped
  X.233 CLNP Data (compressed header):
   LRef: 0x40 Prio: 14 Flags: 0xf6
   Lifetime: 32.0 sec
   PDU Id: 0x41
   IDRP Open: seq: 1 ack: 73 credit_offered: 3 credit_avail: 4
    Hold Time: 900 seconds
    Max. PDU size: 1024 octets
    Source RDI: 47 00 27 c1 53 55 49 00 xx xx xx	"G.'.SUI.K.."
    RIB Attribute Set:
     RibAtt #0:
      Security:
       Reg ID: 06 04 2b 1b 00 00
    Auth mechanism: simple checksum

[2025-08-25 20:56:04.269 CEST] [136.975] [-13.8/-49.2 dBFS] [35.4 dB] [1.0 ppm]
GROUND_X (Ground station, On ground) -> AIRCRAFT (Aircraft): Command
AVLC type: I sseq: 3 rseq: 3 poll: 0
 X.25 Data: grp: 11 chan: 255 sseq: 1 rseq: 1 more: 0
  X.25 reasm status: skipped
  X.233 CLNP Data (compressed header):
   LRef: 0x40 Prio: 14 Flags: 0xf6
   Lifetime: 20.0 sec
   PDU Id: 0x46b3
   IDRP Keepalive: seq: 74 ack: 1 credit_offered: 4 credit_avail: 3



[2025-08-25 20:56:05.640 CEST] [136.975] [-11.5/-49.3 dBFS] [37.8 dB] [2.6 ppm]
GROUND_X (Ground station, On ground) -> FFFFFF (Aircraft): Command
AVLC type: U (DISC) P/F: 0

[2025-08-25 20:56:08.232 CEST] [136.975] [-9.7/-49.2 dBFS] [39.5 dB] [0.9 ppm]
GROUND_X (Ground station, On ground) -> AIRCRAFT (Aircraft): Command
AVLC type: I sseq: 4 rseq: 3 poll: 0
 X.25 Data: grp: 11 chan: 255 sseq: 2 rseq: 1 more: 0
  X.25 reasm status: skipped
  X.233 CLNP Data (compressed header):
   LRef: 0x40 Prio: 14 Flags: 0xf6
   Lifetime: 20.0 sec
   PDU Id: 0x46b4
   IDRP Update: seq: 74 ack: 1 credit_offered: 4 credit_avail: 2
    Route:
     ID: 5223
     Local preference: 0
    Security:
     Reg ID: 06 04 2b 1b 00 00
     Info:
      Supported ATSC classes: A
      Subnetwork type:
       Subnet: VDL
       Permitted traffic: all
    RD path:
     RD_SEQ:
      47 00 27 01 53 49 54 00 00 00 01 0b 47 00 27 01 53 49 54 00 59 55 4c	"G.'.SIT.....G.'.SIT.YUL"
      47 00 27 01 53 49 54 00 59 55 4c	"G.'.SIT.YUL"
    RD hop count: 2
    Capacity: 12
    Reachability info:
     Protocol: CLNP
     Prefix length: 32
     Dest. address prefix: 47 00 27 01 20 47 00 27 81	"G.'. G.'."

[2025-08-25 20:56:08.232 CEST] [136.975] [-9.7/-49.2 dBFS] [39.5 dB] [0.9 ppm]
GROUND_X (Ground station, On ground) -> AIRCRAFT (Aircraft): Command
AVLC type: I sseq: 3 rseq: 3 poll: 0
 X.25 Data: grp: 11 chan: 255 sseq: 1 rseq: 1 more: 0
  X.25 reasm status: skipped
  X.233 CLNP Data (compressed header):
   LRef: 0x40 Prio: 14 Flags: 0xf6
   Lifetime: 20.0 sec
   PDU Id: 0x46b3
   IDRP Keepalive: seq: 74 ack: 1 credit_offered: 4 credit_avail: 3

[2025-08-25 20:56:08.232 CEST] [136.975] [-9.7/-49.2 dBFS] [39.5 dB] [0.9 ppm]
GROUND_X (Ground station, On ground) -> AIRCRAFT (Aircraft): Command
AVLC type: I sseq: 4 rseq: 3 poll: 0
 X.25 Data: grp: 11 chan: 255 sseq: 2 rseq: 1 more: 0
  X.25 reasm status: skipped
  X.233 CLNP Data (compressed header):
   LRef: 0x40 Prio: 14 Flags: 0xf6
   Lifetime: 20.0 sec
   PDU Id: 0x46b4
   IDRP Update: seq: 74 ack: 1 credit_offered: 4 credit_avail: 2
    Route:
     ID: 5223
     Local preference: 0
    Security:
     Reg ID: 06 04 2b 1b 00 00
     Info:
      Supported ATSC classes: A
      Subnetwork type:
       Subnet: VDL
       Permitted traffic: all
    RD path:
     RD_SEQ:
      47 00 27 01 53 49 54 00 00 00 01 0b 47 00 27 01 53 49 54 00 59 55 4c	"G.'.SIT.....G.'.SIT.YUL"
      47 00 27 01 53 49 54 00 59 55 4c	"G.'.SIT.YUL"
    RD hop count: 2
    Capacity: 12
    Reachability info:
     Protocol: CLNP
     Prefix length: 32
     Dest. address prefix: 47 00 27 01 20 47 00 27 81	"G.'. G.'."

[2025-08-25 20:56:12.039 CEST] [136.975] [-9.9/-49.0 dBFS] [39.1 dB] [1.2 ppm]
GROUND_X (Ground station, On ground) -> AIRCRAFT (Aircraft): Command
AVLC type: I sseq: 3 rseq: 3 poll: 0
 X.25 Data: grp: 11 chan: 255 sseq: 1 rseq: 1 more: 0
  X.25 reasm status: skipped
  X.233 CLNP Data (compressed header):
   LRef: 0x40 Prio: 14 Flags: 0xf6
   Lifetime: 20.0 sec
   PDU Id: 0x46b3
   IDRP Keepalive: seq: 74 ack: 1 credit_offered: 4 credit_avail: 3

[2025-08-25 20:56:12.039 CEST] [136.975] [-9.9/-49.0 dBFS] [39.1 dB] [1.2 ppm]
GROUND_X (Ground station, On ground) -> AIRCRAFT (Aircraft): Command
AVLC type: I sseq: 4 rseq: 3 poll: 0
 X.25 Data: grp: 11 chan: 255 sseq: 2 rseq: 1 more: 0
  X.25 reasm status: skipped
  X.233 CLNP Data (compressed header):
   LRef: 0x40 Prio: 14 Flags: 0xf6
   Lifetime: 20.0 sec
   PDU Id: 0x46b4
   IDRP Update: seq: 74 ack: 1 credit_offered: 4 credit_avail: 2
    Route:
     ID: 5223
     Local preference: 0
    Security:
     Reg ID: 06 04 2b 1b 00 00
     Info:
      Supported ATSC classes: A
      Subnetwork type:
       Subnet: VDL
       Permitted traffic: all
    RD path:
     RD_SEQ:
      47 00 27 01 53 49 54 00 00 00 01 0b 47 00 27 01 53 49 54 00 59 55 4c	"G.'.SIT.....G.'.SIT.YUL"
      47 00 27 01 53 49 54 00 59 55 4c	"G.'.SIT.YUL"
    RD hop count: 2
    Capacity: 12
    Reachability info:
     Protocol: CLNP
     Prefix length: 32
     Dest. address prefix: 47 00 27 01 20 47 00 27 81	"G.'. G.'."

[2025-08-25 20:56:17.830 CEST] [136.975] [-9.9/-49.4 dBFS] [39.5 dB] [1.0 ppm]
GROUND_X (Ground station, On ground) -> AIRCRAFT (Aircraft): Command
AVLC type: I sseq: 3 rseq: 3 poll: 0
 X.25 Data: grp: 11 chan: 255 sseq: 1 rseq: 1 more: 0
  X.25 reasm status: skipped
  X.233 CLNP Data (compressed header):
   LRef: 0x40 Prio: 14 Flags: 0xf6
   Lifetime: 20.0 sec
   PDU Id: 0x46b3
   IDRP Keepalive: seq: 74 ack: 1 credit_offered: 4 credit_avail: 3

[2025-08-25 20:56:17.830 CEST] [136.975] [-9.9/-49.4 dBFS] [39.5 dB] [1.0 ppm]
GROUND_X (Ground station, On ground) -> AIRCRAFT (Aircraft): Command
AVLC type: I sseq: 4 rseq: 3 poll: 0
 X.25 Data: grp: 11 chan: 255 sseq: 2 rseq: 1 more: 0
  X.25 reasm status: skipped
  X.233 CLNP Data (compressed header):
   LRef: 0x40 Prio: 14 Flags: 0xf6
   Lifetime: 20.0 sec
   PDU Id: 0x46b4
   IDRP Update: seq: 74 ack: 1 credit_offered: 4 credit_avail: 2
    Route:
     ID: 5223
     Local preference: 0
    Security:
     Reg ID: 06 04 2b 1b 00 00
     Info:
      Supported ATSC classes: A
      Subnetwork type:
       Subnet: VDL
       Permitted traffic: all
    RD path:
     RD_SEQ:
      47 00 27 01 53 49 54 00 00 00 01 0b 47 00 27 01 53 49 54 00 59 55 4c	"G.'.SIT.....G.'.SIT.YUL"
      47 00 27 01 53 49 54 00 59 55 4c	"G.'.SIT.YUL"
    RD hop count: 2
    Capacity: 12
    Reachability info:
     Protocol: CLNP
     Prefix length: 32
     Dest. address prefix: 47 00 27 01 20 47 00 27 81	"G.'. G.'."

[2025-08-25 20:56:19.204 CEST] [136.975] [-9.9/-48.8 dBFS] [38.9 dB] [1.1 ppm]
GROUND_X (Ground station, On ground) -> AIRCRAFT (Aircraft): Command
AVLC type: I sseq: 5 rseq: 3 poll: 0
 X.25 Data: grp: 11 chan: 255 sseq: 3 rseq: 1 more: 0
  X.25 reasm status: skipped
  X.233 CLNP Data (compressed header):
   LRef: 0x40 Prio: 14 Flags: 0xf6
   Lifetime: 20.0 sec
   PDU Id: 0x4724
   IDRP Update: seq: 74 ack: 1 credit_offered: 4 credit_avail: 2
    Route:
     ID: 5223
     Local preference: 0
    Security:
     Reg ID: 06 04 2b 1b 00 00
     Info:
      Supported ATSC classes: A
      Subnetwork type:
       Subnet: VDL
       Permitted traffic: all
    RD path:
     RD_SEQ:
      47 00 27 01 53 49 54 00 00 00 01 0b 47 00 27 01 53 49 54 00 59 55 4c	"G.'.SIT.....G.'.SIT.YUL"
      47 00 27 01 53 49 54 00 59 55 4c	"G.'.SIT.YUL"
    RD hop count: 2
    Capacity: 12
    Reachability info:
     Protocol: CLNP
     Prefix length: 32
     Dest. address prefix: 47 00 27 01 20 47 00 27 81	"G.'. G.'."

[2025-08-25 20:56:24.535 CEST] [136.975] [-9.9/-49.3 dBFS] [39.4 dB] [1.0 ppm]
GROUND_X (Ground station, On ground) -> AIRCRAFT (Aircraft): Command
AVLC type: I sseq: 3 rseq: 3 poll: 0
 X.25 Data: grp: 11 chan: 255 sseq: 1 rseq: 1 more: 0
  X.25 reasm status: skipped
  X.233 CLNP Data (compressed header):
   LRef: 0x40 Prio: 14 Flags: 0xf6
   Lifetime: 20.0 sec
   PDU Id: 0x46b3
   IDRP Keepalive: seq: 74 ack: 1 credit_offered: 4 credit_avail: 3

[2025-08-25 20:56:24.535 CEST] [136.975] [-9.9/-49.3 dBFS] [39.4 dB] [1.0 ppm]
GROUND_X (Ground station, On ground) -> AIRCRAFT (Aircraft): Command
AVLC type: I sseq: 4 rseq: 3 poll: 0
 X.25 Data: grp: 11 chan: 255 sseq: 2 rseq: 1 more: 0
  X.25 reasm status: skipped
  X.233 CLNP Data (compressed header):
   LRef: 0x40 Prio: 14 Flags: 0xf6
   Lifetime: 20.0 sec
   PDU Id: 0x46b4
   IDRP Update: seq: 74 ack: 1 credit_offered: 4 credit_avail: 2
    Route:
     ID: 5223
     Local preference: 0
    Security:
     Reg ID: 06 04 2b 1b 00 00
     Info:
      Supported ATSC classes: A
      Subnetwork type:
       Subnet: VDL
       Permitted traffic: all
    RD path:
     RD_SEQ:
      47 00 27 01 53 49 54 00 00 00 01 0b 47 00 27 01 53 49 54 00 59 55 4c	"G.'.SIT.....G.'.SIT.YUL"
      47 00 27 01 53 49 54 00 59 55 4c	"G.'.SIT.YUL"
    RD hop count: 2
    Capacity: 12
    Reachability info:
     Protocol: CLNP
     Prefix length: 32
     Dest. address prefix: 47 00 27 01 20 47 00 27 81	"G.'. G.'."

[2025-08-25 20:56:24.535 CEST] [136.975] [-9.9/-49.3 dBFS] [39.4 dB] [1.0 ppm]
GROUND_X (Ground station, On ground) -> AIRCRAFT (Aircraft): Command
AVLC type: I sseq: 5 rseq: 3 poll: 0
 X.25 Data: grp: 11 chan: 255 sseq: 3 rseq: 1 more: 0
  X.25 reasm status: skipped
  X.233 CLNP Data (compressed header):
   LRef: 0x40 Prio: 14 Flags: 0xf6
   Lifetime: 20.0 sec
   PDU Id: 0x4724
   IDRP Update: seq: 74 ack: 1 credit_offered: 4 credit_avail: 2
    Route:
     ID: 5223
     Local preference: 0
    Security:
     Reg ID: 06 04 2b 1b 00 00
     Info:
      Supported ATSC classes: A
      Subnetwork type:
       Subnet: VDL
       Permitted traffic: all
    RD path:
     RD_SEQ:
      47 00 27 01 53 49 54 00 00 00 01 0b 47 00 27 01 53 49 54 00 59 55 4c	"G.'.SIT.....G.'.SIT.YUL"
      47 00 27 01 53 49 54 00 59 55 4c	"G.'.SIT.YUL"
    RD hop count: 2
    Capacity: 12
    Reachability info:
     Protocol: CLNP
     Prefix length: 32
     Dest. address prefix: 47 00 27 01 20 47 00 27 81	"G.'. G.'."

[2025-08-25 20:56:32.154 CEST] [136.975] [-9.9/-49.3 dBFS] [39.4 dB] [1.1 ppm]
GROUND_X (Ground station, On ground) -> AIRCRAFT (Aircraft): Command
AVLC type: I sseq: 3 rseq: 3 poll: 0
 X.25 Data: grp: 11 chan: 255 sseq: 1 rseq: 1 more: 0
  X.25 reasm status: skipped
  X.233 CLNP Data (compressed header):
   LRef: 0x40 Prio: 14 Flags: 0xf6
   Lifetime: 20.0 sec
   PDU Id: 0x46b3
   IDRP Keepalive: seq: 74 ack: 1 credit_offered: 4 credit_avail: 3

[2025-08-25 20:56:32.154 CEST] [136.975] [-9.9/-49.3 dBFS] [39.4 dB] [1.1 ppm]
GROUND_X (Ground station, On ground) -> AIRCRAFT (Aircraft): Command
AVLC type: I sseq: 4 rseq: 3 poll: 0
 X.25 Data: grp: 11 chan: 255 sseq: 2 rseq: 1 more: 0
  X.25 reasm status: skipped
  X.233 CLNP Data (compressed header):
   LRef: 0x40 Prio: 14 Flags: 0xf6
   Lifetime: 20.0 sec
   PDU Id: 0x46b4
   IDRP Update: seq: 74 ack: 1 credit_offered: 4 credit_avail: 2
    Route:
     ID: 5223
     Local preference: 0
    Security:
     Reg ID: 06 04 2b 1b 00 00
     Info:
      Supported ATSC classes: A
      Subnetwork type:
       Subnet: VDL
       Permitted traffic: all
    RD path:
     RD_SEQ:
      47 00 27 01 53 49 54 00 00 00 01 0b 47 00 27 01 53 49 54 00 59 55 4c	"G.'.SIT.....G.'.SIT.YUL"
      47 00 27 01 53 49 54 00 59 55 4c	"G.'.SIT.YUL"
    RD hop count: 2
    Capacity: 12
    Reachability info:
     Protocol: CLNP
     Prefix length: 32
     Dest. address prefix: 47 00 27 01 20 47 00 27 81	"G.'. G.'."

[2025-08-25 20:56:32.154 CEST] [136.975] [-9.9/-49.3 dBFS] [39.4 dB] [1.1 ppm]
GROUND_X (Ground station, On ground) -> AIRCRAFT (Aircraft): Command
AVLC type: I sseq: 5 rseq: 3 poll: 0
 X.25 Data: grp: 11 chan: 255 sseq: 3 rseq: 1 more: 0
  X.25 reasm status: skipped
  X.233 CLNP Data (compressed header):
   LRef: 0x40 Prio: 14 Flags: 0xf6
   Lifetime: 20.0 sec
   PDU Id: 0x4724
   IDRP Update: seq: 74 ack: 1 credit_offered: 4 credit_avail: 2
    Route:
     ID: 5223
     Local preference: 0
    Security:
     Reg ID: 06 04 2b 1b 00 00
     Info:
      Supported ATSC classes: A
      Subnetwork type:
       Subnet: VDL
       Permitted traffic: all
    RD path:
     RD_SEQ:
      47 00 27 01 53 49 54 00 00 00 01 0b 47 00 27 01 53 49 54 00 59 55 4c	"G.'.SIT.....G.'.SIT.YUL"
      47 00 27 01 53 49 54 00 59 55 4c	"G.'.SIT.YUL"
    RD hop count: 2
    Capacity: 12
    Reachability info:
     Protocol: CLNP
     Prefix length: 32
     Dest. address prefix: 47 00 27 01 20 47 00 27 81	"G.'. G.'."

[2025-08-25 20:56:34.289 CEST] [136.975] [-9.9/-49.0 dBFS] [39.1 dB] [1.1 ppm]
GROUND_X (Ground station, On ground) -> AIRCRAFT (Aircraft): Command
AVLC type: I sseq: 6 rseq: 3 poll: 1
 X.25 Data: grp: 11 chan: 255 sseq: 4 rseq: 1 more: 0
  X.25 reasm status: skipped
  X.233 CLNP Data (compressed header):
   LRef: 0x40 Prio: 14 Flags: 0xf6
   Lifetime: 20.0 sec
   PDU Id: 0x4783
   IDRP Update: seq: 74 ack: 1 credit_offered: 4 credit_avail: 2
    Route:
     ID: 5223
     Local preference: 0
    Security:
     Reg ID: 06 04 2b 1b 00 00
     Info:
      Supported ATSC classes: A
      Subnetwork type:
       Subnet: VDL
       Permitted traffic: all
    RD path:
     RD_SEQ:
      47 00 27 01 53 49 54 00 00 00 01 0b 47 00 27 01 53 49 54 00 59 55 4c	"G.'.SIT.....G.'.SIT.YUL"
      47 00 27 01 53 49 54 00 59 55 4c	"G.'.SIT.YUL"
    RD hop count: 2
    Capacity: 12
    Reachability info:
     Protocol: CLNP
     Prefix length: 32
     Dest. address prefix: 47 00 27 01 20 47 00 27 81	"G.'. G.'."

[2025-08-25 20:56:51.659 CEST] [136.975] [-7.5/-48.8 dBFS] [41.3 dB] [0.9 ppm]
GROUND_Y (Ground station, On ground) -> FFFFFF (Aircraft): Command
AVLC type: U (XID) P/F: 0
 XID: Ground Station Information Frame
  Public params:
   Parameter set ID: 8885:1993
   Procedure classes: 00 01
   HDLC options: 20 a4 88
  VDL params:
   Parameter set ID: V
   AVLC specific options: 64
   Frequency support list:
    Ground station: xxxxxx
     Frequency: 136.875 MHz (VDL-M2, D8PSK, 31500 bps)
    Ground station: xxxxxx
     Frequency: 136.875 MHz (VDL-M2, D8PSK, 31500 bps)
   Timer T4: 00 02
   Airport coverage: xxxx
   ATN router NETs: 53 49 54 00 00 01	"SIT..."
   System mask: 200000
   Ground station location: xN yE

[2025-08-25 20:56:51.812 CEST] [136.975] [-7.5/-49.0 dBFS] [41.5 dB] [0.9 ppm]
GROUND_Y (Ground station, On ground) -> AIRCRAFT (Aircraft): Response
AVLC type: U (XID) P/F: 1
 XID: Link Establishment Response
  Public params:
   Parameter set ID: 8885:1993
   Procedure classes: 00 01
   HDLC options: 20 a4 88
  VDL params:
   Parameter set ID: V
   Connection management: 00
   XID sequencing: seq: 4 retry: 0
   AVLC specific options: 64
   Airport coverage: xxxx
   ATN router NETs: 53 49 54 00 00 01	"SIT..."
   System mask: 200000
   Ground station location: xN yE

[2025-08-25 20:56:51.964 CEST] [136.975] [1.6/-49.0 dBFS] [50.7 dB] [0.4 ppm]
AIRCRAFT (Aircraft, On ground) -> GROUND_Y (Ground station): Command
AVLC type: I sseq: 0 rseq: 0 poll: 0
 ACARS:
  Reassembly: skipped
  Reg: ..CPDLC Flight: HB0000
  Mode: 2 Label: Q0 Blk id: 8 More: 0 Ack: ! Msg num: M27A

[2025-08-25 20:56:52.268 CEST] [136.975] [-11.3/-49.4 dBFS] [38.1 dB] [1.0 ppm]
GROUND_Y (Ground station, On ground) -> AIRCRAFT (Aircraft): Command
AVLC type: I sseq: 0 rseq: 1 poll: 0
 ACARS:
  Reassembly: skipped
  Reg: ..CPDLC
  Mode: 2 Label: _d Blk id: A More: 0 Ack: 8

[2025-08-25 20:56:52.574 CEST] [136.975] [1.8/-49.2 dBFS] [50.9 dB] [0.3 ppm]
AIRCRAFT (Aircraft, On ground) -> GROUND_Y (Ground station): Command
AVLC type: I sseq: 1 rseq: 1 poll: 0
 X.25 Call Request: grp: 11 chan: 255 src: 22677777 dst: none
  Facilities:
   Fast Select: requested
   Called address extension: 8c 53 49 54 00 00 01	".SIT..."
  Compression support: LREF, LREF-CAN
  M/I: 0
  ES-IS IS Hello: Hold Time: 30 sec
   NET: 47 00 27 c1 53 55 49 00 xx xx xx 01 01 55 4c 38 30 58 31 00	"G.'.SUI.K....UL80X1."

[2025-08-25 20:56:52.880 CEST] [136.975] [-11.3/-49.1 dBFS] [37.8 dB] [1.2 ppm]
GROUND_Y (Ground station, On ground) -> AIRCRAFT (Aircraft): Command
AVLC type: I sseq: 1 rseq: 2 poll: 0
 X.25 Call Accepted: grp: 11 chan: 255 src: 22677777 dst: 1116900402899
  Facilities:
   Max. packet size:
    From calling DTE: 256 bytes
    From called  DTE: 256 bytes
   Window size:
    From calling DTE: 4 packets
    From called  DTE: 4 packets
   Called line address modified: 0f
  Compression support: LREF, LREF-CAN
  M/I: 0
  ES-IS IS Hello: Hold Time: 65534 sec
   NET: 47 00 27 01 53 49 54 00 59 55 4c 00 01 08 00 20 ff ba 45 00	"G.'.SIT.YUL.... ..E."
   Options:
    ATN Data Link Capabilities: 01
    Mobile Subnetwork Capabilities:
     Permitted traffic: all
     Supported ATSC classes: A

[2025-08-25 20:56:53.030 CEST] [136.975] [-11.4/-49.2 dBFS] [37.9 dB] [1.1 ppm]
GROUND_Y (Ground station, On ground) -> AIRCRAFT (Aircraft): Command
AVLC type: I sseq: 2 rseq: 2 poll: 0
 X.25 Data: grp: 11 chan: 255 sseq: 0 rseq: 0 more: 0
  X.25 reasm status: skipped
  X.233 CLNP Data:
   Src NSAP: 47 00 27 01 53 49 54 00 59 55 4c 00 01 08 00 20 ff ba 45 00	"G.'.SIT.YUL.... ..E."
   Dst NSAP: 47 00 27 c1 53 55 49 00 xx xx xx 01 01 55 4c 38 30 58 31 00	"G.'.SUI.K....UL80X1."
   Lifetime: 20.0 sec
   Flags: SP E/R
   Segmentation:
    PDU Id: 0x47fc
    Segment offset: 0
    PDU total length: 140
    CLNP reasm status: skipped
   Options:
    LRef: 0x40
    QoS maintenance: 0xd6
    Security:
     Reg ID: 06 04 2b 1b 00 00
     Info:
      Traffic type:
       Type: ATN system management
       Category: none
       Route policy: 0x00
    Priority: 0x0e
   IDRP Open: seq: 76 ack: 1 credit_offered: 4 credit_avail: 0
    Hold Time: 900 seconds
    Max. PDU size: 3000 octets
    Source RDI: 47 00 27 01 53 49 54 00 59 55 4c	"G.'.SIT.YUL"
    RIB Attribute Set:
     RibAtt #0:
      Security:
       Reg ID: 06 04 2b 1b 00 00
    Auth mechanism: simple checksum

[2025-08-25 20:56:53.185 CEST] [136.975] [-13.9/-49.2 dBFS] [35.3 dB] [2.7 ppm]
GROUND_Y (Ground station, On ground) -> FFFFFF (Aircraft): Command
AVLC type: U (DISC) P/F: 0

[2025-08-25 20:56:56.233 CEST] [136.975] [-7.4/-49.4 dBFS] [42.0 dB] [0.9 ppm]
GROUND_Y (Ground station, On ground) -> AIRCRAFT (Aircraft): Command
AVLC type: I sseq: 1 rseq: 2 poll: 0
 X.25 Call Accepted: grp: 11 chan: 255 src: 22677777 dst: 1116900402899
  Facilities:
   Max. packet size:
    From calling DTE: 256 bytes
    From called  DTE: 256 bytes
   Window size:
    From calling DTE: 4 packets
    From called  DTE: 4 packets
   Called line address modified: 0f
  Compression support: LREF, LREF-CAN
  M/I: 0
  ES-IS IS Hello: Hold Time: 65534 sec
   NET: 47 00 27 01 53 49 54 00 59 55 4c 00 01 08 00 20 ff ba 45 00	"G.'.SIT.YUL.... ..E."
   Options:
    ATN Data Link Capabilities: 01
    Mobile Subnetwork Capabilities:
     Permitted traffic: all
     Supported ATSC classes: A

[2025-08-25 20:56:56.233 CEST] [136.975] [-7.4/-49.4 dBFS] [42.0 dB] [0.9 ppm]
GROUND_Y (Ground station, On ground) -> AIRCRAFT (Aircraft): Command
AVLC type: I sseq: 2 rseq: 2 poll: 0
 X.25 Data: grp: 11 chan: 255 sseq: 0 rseq: 0 more: 0
  X.25 reasm status: skipped
  X.233 CLNP Data:
   Src NSAP: 47 00 27 01 53 49 54 00 59 55 4c 00 01 08 00 20 ff ba 45 00	"G.'.SIT.YUL.... ..E."
   Dst NSAP: 47 00 27 c1 53 55 49 00 xx xx xx 01 01 55 4c 38 30 58 31 00	"G.'.SUI.K....UL80X1."
   Lifetime: 20.0 sec
   Flags: SP E/R
   Segmentation:
    PDU Id: 0x47fc
    Segment offset: 0
    PDU total length: 140
    CLNP reasm status: skipped
   Options:
    LRef: 0x40
    QoS maintenance: 0xd6
    Security:
     Reg ID: 06 04 2b 1b 00 00
     Info:
      Traffic type:
       Type: ATN system management
       Category: none
       Route policy: 0x00
    Priority: 0x0e
   IDRP Open: seq: 76 ack: 1 credit_offered: 4 credit_avail: 0
    Hold Time: 900 seconds
    Max. PDU size: 3000 octets
    Source RDI: 47 00 27 01 53 49 54 00 59 55 4c	"G.'.SIT.YUL"
    RIB Attribute Set:
     RibAtt #0:
      Security:
       Reg ID: 06 04 2b 1b 00 00
    Auth mechanism: simple checksum

[2025-08-25 20:56:59.583 CEST] [136.975] [-7.5/-49.3 dBFS] [41.8 dB] [1.1 ppm]
GROUND_Y (Ground station, On ground) -> AIRCRAFT (Aircraft): Command
AVLC type: I sseq: 1 rseq: 2 poll: 0
 X.25 Call Accepted: grp: 11 chan: 255 src: 22677777 dst: 1116900402899
  Facilities:
   Max. packet size:
    From calling DTE: 256 bytes
    From called  DTE: 256 bytes
   Window size:
    From calling DTE: 4 packets
    From called  DTE: 4 packets
   Called line address modified: 0f
  Compression support: LREF, LREF-CAN
  M/I: 0
  ES-IS IS Hello: Hold Time: 65534 sec
   NET: 47 00 27 01 53 49 54 00 59 55 4c 00 01 08 00 20 ff ba 45 00	"G.'.SIT.YUL.... ..E."
   Options:
    ATN Data Link Capabilities: 01
    Mobile Subnetwork Capabilities:
     Permitted traffic: all
     Supported ATSC classes: A

[2025-08-25 20:56:59.583 CEST] [136.975] [-7.5/-49.3 dBFS] [41.8 dB] [1.1 ppm]
GROUND_Y (Ground station, On ground) -> AIRCRAFT (Aircraft): Command
AVLC type: I sseq: 2 rseq: 2 poll: 0
 X.25 Data: grp: 11 chan: 255 sseq: 0 rseq: 0 more: 0
  X.25 reasm status: skipped
  X.233 CLNP Data:
   Src NSAP: 47 00 27 01 53 49 54 00 59 55 4c 00 01 08 00 20 ff ba 45 00	"G.'.SIT.YUL.... ..E."
   Dst NSAP: 47 00 27 c1 53 55 49 00 xx xx xx 01 01 55 4c 38 30 58 31 00	"G.'.SUI.K....UL80X1."
   Lifetime: 20.0 sec
   Flags: SP E/R
   Segmentation:
    PDU Id: 0x47fc
    Segment offset: 0
    PDU total length: 140
    CLNP reasm status: skipped
   Options:
    LRef: 0x40
    QoS maintenance: 0xd6
    Security:
     Reg ID: 06 04 2b 1b 00 00
     Info:
      Traffic type:
       Type: ATN system management
       Category: none
       Route policy: 0x00
    Priority: 0x0e
   IDRP Open: seq: 76 ack: 1 credit_offered: 4 credit_avail: 0
    Hold Time: 900 seconds
    Max. PDU size: 3000 octets
    Source RDI: 47 00 27 01 53 49 54 00 59 55 4c	"G.'.SIT.YUL"
    RIB Attribute Set:
     RibAtt #0:
      Security:
       Reg ID: 06 04 2b 1b 00 00
    Auth mechanism: simple checksum

[2025-08-25 20:57:04.308 CEST] [136.975] [-7.4/-49.2 dBFS] [41.7 dB] [1.0 ppm]
GROUND_Y (Ground station, On ground) -> AIRCRAFT (Aircraft): Command
AVLC type: I sseq: 1 rseq: 2 poll: 0
 X.25 Call Accepted: grp: 11 chan: 255 src: 22677777 dst: 1116900402899
  Facilities:
   Max. packet size:
    From calling DTE: 256 bytes
    From called  DTE: 256 bytes
   Window size:
    From calling DTE: 4 packets
    From called  DTE: 4 packets
   Called line address modified: 0f
  Compression support: LREF, LREF-CAN
  M/I: 0
  ES-IS IS Hello: Hold Time: 65534 sec
   NET: 47 00 27 01 53 49 54 00 59 55 4c 00 01 08 00 20 ff ba 45 00	"G.'.SIT.YUL.... ..E."
   Options:
    ATN Data Link Capabilities: 01
    Mobile Subnetwork Capabilities:
     Permitted traffic: all
     Supported ATSC classes: A

[2025-08-25 20:57:04.308 CEST] [136.975] [-7.4/-49.2 dBFS] [41.7 dB] [1.0 ppm]
GROUND_Y (Ground station, On ground) -> AIRCRAFT (Aircraft): Command
AVLC type: I sseq: 2 rseq: 2 poll: 0
 X.25 Data: grp: 11 chan: 255 sseq: 0 rseq: 0 more: 0
  X.25 reasm status: skipped
  X.233 CLNP Data:
   Src NSAP: 47 00 27 01 53 49 54 00 59 55 4c 00 01 08 00 20 ff ba 45 00	"G.'.SIT.YUL.... ..E."
   Dst NSAP: 47 00 27 c1 53 55 49 00 xx xx xx 01 01 55 4c 38 30 58 31 00	"G.'.SUI.K....UL80X1."
   Lifetime: 20.0 sec
   Flags: SP E/R
   Segmentation:
    PDU Id: 0x47fc
    Segment offset: 0
    PDU total length: 140
    CLNP reasm status: skipped
   Options:
    LRef: 0x40
    QoS maintenance: 0xd6
    Security:
     Reg ID: 06 04 2b 1b 00 00
     Info:
      Traffic type:
       Type: ATN system management
       Category: none
       Route policy: 0x00
    Priority: 0x0e
   IDRP Open: seq: 76 ack: 1 credit_offered: 4 credit_avail: 0
    Hold Time: 900 seconds
    Max. PDU size: 3000 octets
    Source RDI: 47 00 27 01 53 49 54 00 59 55 4c	"G.'.SIT.YUL"
    RIB Attribute Set:
     RibAtt #0:
      Security:
       Reg ID: 06 04 2b 1b 00 00
    Auth mechanism: simple checksum

[2025-08-25 20:57:07.964 CEST] [136.975] [-7.4/-49.0 dBFS] [41.6 dB] [1.0 ppm]
GROUND_Y (Ground station, On ground) -> AIRCRAFT (Aircraft): Command
AVLC type: I sseq: 3 rseq: 2 poll: 0
 X.25 Data: grp: 11 chan: 255 sseq: 1 rseq: 0 more: 0
  X.25 reasm status: skipped
  X.233 CLNP Data (compressed header):
   LRef: 0x40 Prio: 14 Flags: 0xf6
   Lifetime: 20.0 sec
   PDU Id: 0x487b
   IDRP Open: seq: 76 ack: 1 credit_offered: 4 credit_avail: 0
    Hold Time: 900 seconds
    Max. PDU size: 3000 octets
    Source RDI: 47 00 27 01 53 49 54 00 59 55 4c	"G.'.SIT.YUL"
    RIB Attribute Set:
     RibAtt #0:
      Security:
       Reg ID: 06 04 2b 1b 00 00
    Auth mechanism: simple checksum

[2025-08-25 20:57:08.575 CEST] [136.975] [-7.4/-48.9 dBFS] [41.4 dB] [0.9 ppm]
GROUND_Y (Ground station, On ground) -> AIRCRAFT (Aircraft): Command
AVLC type: I sseq: 1 rseq: 2 poll: 0
 X.25 Call Accepted: grp: 11 chan: 255 src: 22677777 dst: 1116900402899
  Facilities:
   Max. packet size:
    From calling DTE: 256 bytes
    From called  DTE: 256 bytes
   Window size:
    From calling DTE: 4 packets
    From called  DTE: 4 packets
   Called line address modified: 0f
  Compression support: LREF, LREF-CAN
  M/I: 0
  ES-IS IS Hello: Hold Time: 65534 sec
   NET: 47 00 27 01 53 49 54 00 59 55 4c 00 01 08 00 20 ff ba 45 00	"G.'.SIT.YUL.... ..E."
   Options:
    ATN Data Link Capabilities: 01
    Mobile Subnetwork Capabilities:
     Permitted traffic: all
     Supported ATSC classes: A

[2025-08-25 20:57:08.575 CEST] [136.975] [-7.4/-48.9 dBFS] [41.4 dB] [0.9 ppm]
GROUND_Y (Ground station, On ground) -> AIRCRAFT (Aircraft): Command
AVLC type: I sseq: 2 rseq: 2 poll: 0
 X.25 Data: grp: 11 chan: 255 sseq: 0 rseq: 0 more: 0
  X.25 reasm status: skipped
  X.233 CLNP Data:
   Src NSAP: 47 00 27 01 53 49 54 00 59 55 4c 00 01 08 00 20 ff ba 45 00	"G.'.SIT.YUL.... ..E."
   Dst NSAP: 47 00 27 c1 53 55 49 00 xx xx xx 01 01 55 4c 38 30 58 31 00	"G.'.SUI.K....UL80X1."
   Lifetime: 20.0 sec
   Flags: SP E/R
   Segmentation:
    PDU Id: 0x47fc
    Segment offset: 0
    PDU total length: 140
    CLNP reasm status: skipped
   Options:
    LRef: 0x40
    QoS maintenance: 0xd6
    Security:
     Reg ID: 06 04 2b 1b 00 00
     Info:
      Traffic type:
       Type: ATN system management
       Category: none
       Route policy: 0x00
    Priority: 0x0e
   IDRP Open: seq: 76 ack: 1 credit_offered: 4 credit_avail: 0
    Hold Time: 900 seconds
    Max. PDU size: 3000 octets
    Source RDI: 47 00 27 01 53 49 54 00 59 55 4c	"G.'.SIT.YUL"
    RIB Attribute Set:
     RibAtt #0:
      Security:
       Reg ID: 06 04 2b 1b 00 00
    Auth mechanism: simple checksum

[2025-08-25 20:57:08.575 CEST] [136.975] [-7.4/-48.9 dBFS] [41.4 dB] [0.9 ppm]
GROUND_Y (Ground station, On ground) -> AIRCRAFT (Aircraft): Command
AVLC type: I sseq: 3 rseq: 2 poll: 0
 X.25 Data: grp: 11 chan: 255 sseq: 1 rseq: 0 more: 0
  X.25 reasm status: skipped
  X.233 CLNP Data (compressed header):
   LRef: 0x40 Prio: 14 Flags: 0xf6
   Lifetime: 20.0 sec
   PDU Id: 0x487b
   IDRP Open: seq: 76 ack: 1 credit_offered: 4 credit_avail: 0
    Hold Time: 900 seconds
    Max. PDU size: 3000 octets
    Source RDI: 47 00 27 01 53 49 54 00 59 55 4c	"G.'.SIT.YUL"
    RIB Attribute Set:
     RibAtt #0:
      Security:
       Reg ID: 06 04 2b 1b 00 00
    Auth mechanism: simple checksum

[2025-08-25 20:57:16.193 CEST] [136.975] [-7.5/-49.2 dBFS] [41.7 dB] [1.1 ppm]
GROUND_Y (Ground station, On ground) -> AIRCRAFT (Aircraft): Command
AVLC type: I sseq: 1 rseq: 2 poll: 0
 X.25 Call Accepted: grp: 11 chan: 255 src: 22677777 dst: 1116900402899
  Facilities:
   Max. packet size:
    From calling DTE: 256 bytes
    From called  DTE: 256 bytes
   Window size:
    From calling DTE: 4 packets
    From called  DTE: 4 packets
   Called line address modified: 0f
  Compression support: LREF, LREF-CAN
  M/I: 0
  ES-IS IS Hello: Hold Time: 65534 sec
   NET: 47 00 27 01 53 49 54 00 59 55 4c 00 01 08 00 20 ff ba 45 00	"G.'.SIT.YUL.... ..E."
   Options:
    ATN Data Link Capabilities: 01
    Mobile Subnetwork Capabilities:
     Permitted traffic: all
     Supported ATSC classes: A

[2025-08-25 20:57:16.193 CEST] [136.975] [-7.5/-49.2 dBFS] [41.7 dB] [1.1 ppm]
GROUND_Y (Ground station, On ground) -> AIRCRAFT (Aircraft): Command
AVLC type: I sseq: 2 rseq: 2 poll: 0
 X.25 Data: grp: 11 chan: 255 sseq: 0 rseq: 0 more: 0
  X.25 reasm status: skipped
  X.233 CLNP Data:
   Src NSAP: 47 00 27 01 53 49 54 00 59 55 4c 00 01 08 00 20 ff ba 45 00	"G.'.SIT.YUL.... ..E."
   Dst NSAP: 47 00 27 c1 53 55 49 00 xx xx xx 01 01 55 4c 38 30 58 31 00	"G.'.SUI.K....UL80X1."
   Lifetime: 20.0 sec
   Flags: SP E/R
   Segmentation:
    PDU Id: 0x47fc
    Segment offset: 0
    PDU total length: 140
    CLNP reasm status: skipped
   Options:
    LRef: 0x40
    QoS maintenance: 0xd6
    Security:
     Reg ID: 06 04 2b 1b 00 00
     Info:
      Traffic type:
       Type: ATN system management
       Category: none
       Route policy: 0x00
    Priority: 0x0e
   IDRP Open: seq: 76 ack: 1 credit_offered: 4 credit_avail: 0
    Hold Time: 900 seconds
    Max. PDU size: 3000 octets
    Source RDI: 47 00 27 01 53 49 54 00 59 55 4c	"G.'.SIT.YUL"
    RIB Attribute Set:
     RibAtt #0:
      Security:
       Reg ID: 06 04 2b 1b 00 00
    Auth mechanism: simple checksum

[2025-08-25 20:57:16.193 CEST] [136.975] [-7.5/-49.2 dBFS] [41.7 dB] [1.1 ppm]
GROUND_Y (Ground station, On ground) -> AIRCRAFT (Aircraft): Command
AVLC type: I sseq: 3 rseq: 2 poll: 0
 X.25 Data: grp: 11 chan: 255 sseq: 1 rseq: 0 more: 0
  X.25 reasm status: skipped
  X.233 CLNP Data (compressed header):
   LRef: 0x40 Prio: 14 Flags: 0xf6
   Lifetime: 20.0 sec
   PDU Id: 0x487b
   IDRP Open: seq: 76 ack: 1 credit_offered: 4 credit_avail: 0
    Hold Time: 900 seconds
    Max. PDU size: 3000 octets
    Source RDI: 47 00 27 01 53 49 54 00 59 55 4c	"G.'.SIT.YUL"
    RIB Attribute Set:
     RibAtt #0:
      Security:
       Reg ID: 06 04 2b 1b 00 00
    Auth mechanism: simple checksum

[2025-08-25 20:57:22.900 CEST] [136.975] [-7.4/-49.1 dBFS] [41.7 dB] [1.0 ppm]
GROUND_Y (Ground station, On ground) -> AIRCRAFT (Aircraft): Command
AVLC type: I sseq: 4 rseq: 2 poll: 1
 X.25 Data: grp: 11 chan: 255 sseq: 2 rseq: 0 more: 0
  X.25 reasm status: skipped
  X.233 CLNP Data (compressed header):
   LRef: 0x40 Prio: 14 Flags: 0xf6
   Lifetime: 20.0 sec
   PDU Id: 0x4900
   IDRP Open: seq: 76 ack: 1 credit_offered: 4 credit_avail: 0
    Hold Time: 900 seconds
    Max. PDU size: 3000 octets
    Source RDI: 47 00 27 01 53 49 54 00 59 55 4c	"G.'.SIT.YUL"
    RIB Attribute Set:
     RibAtt #0:
      Security:
       Reg ID: 06 04 2b 1b 00 00
    Auth mechanism: simple checksum




[2025-08-25 20:58:17.149 CEST] [136.975] [-9.9/-48.2 dBFS] [38.3 dB] [1.0 ppm]
GROUND_X (Ground station, On ground) -> FFFFFF (Aircraft): Command
AVLC type: U (XID) P/F: 0
 XID: Ground Station Information Frame
  Public params:
   Parameter set ID: 8885:1993
   Procedure classes: 00 01
   HDLC options: 20 a4 88
  VDL params:
   Parameter set ID: V
   AVLC specific options: 64
   Frequency support list:
    Ground station: xxxxxx
     Frequency: 136.875 MHz (VDL-M2, D8PSK, 31500 bps)
    Ground station: xxxxxx
     Frequency: 136.875 MHz (VDL-M2, D8PSK, 31500 bps)
   Timer T4: 00 02
   Airport coverage: xxxx
   ATN router NETs: 53 49 54 00 00 01	"SIT..."
   System mask: 200000
   Ground station location: xN yE

[2025-08-25 20:58:17.299 CEST] [136.975] [1.8/-48.3 dBFS] [50.1 dB] [0.2 ppm]
AIRCRAFT (Aircraft, On ground) -> GROUND_X (Ground station): Command
AVLC type: U (XID) P/F: 1
 XID: Link Establishment
  Public params:
   Parameter set ID: 8885:1993
   HDLC options: 20 84 80
   Procedure classes: 00 01
  VDL params:
   Parameter set ID: V
   Connection management: 00
   XID sequencing: seq: 5 retry: 0
   AVLC specific options: 64
   Modulation support: VDL-M2, D8PSK, 31500 bps
   Aircraft location: xN yE 0 ft

[2025-08-25 20:58:17.301 CEST] [136.975] [-9.9/-48.5 dBFS] [38.6 dB] [1.0 ppm]
GROUND_X (Ground station, On ground) -> AIRCRAFT (Aircraft): Response
AVLC type: U (XID) P/F: 1
 XID: Link Establishment Response
  Public params:
   Parameter set ID: 8885:1993
   Procedure classes: 00 01
   HDLC options: 20 a4 88
  VDL params:
   Parameter set ID: V
   Connection management: 00
   XID sequencing: seq: 5 retry: 0
   AVLC specific options: 64
   Airport coverage: xxxx
   ATN router NETs: 53 49 54 00 00 01	"SIT..."
   System mask: 200000
   Ground station location: xN yE

[2025-08-25 20:58:17.451 CEST] [136.975] [1.6/-48.3 dBFS] [50.0 dB] [0.1 ppm]
AIRCRAFT (Aircraft, On ground) -> GROUND_X (Ground station): Command
AVLC type: I sseq: 0 rseq: 0 poll: 0
 ACARS:
  Reassembly: skipped
  Reg: ..CPDLC Flight: HB0000
  Mode: 2 Label: Q0 Blk id: 9 More: 0 Ack: ! Msg num: M28A

[2025-08-25 20:58:17.909 CEST] [136.975] [-13.7/-49.2 dBFS] [35.5 dB] [1.0 ppm]
GROUND_X (Ground station, On ground) -> AIRCRAFT (Aircraft): Command
AVLC type: I sseq: 0 rseq: 1 poll: 0
 ACARS:
  Reassembly: skipped
  Reg: ..CPDLC
  Mode: 2 Label: _d Blk id: A More: 0 Ack: 9

[2025-08-25 20:58:18.061 CEST] [136.975] [1.8/-49.4 dBFS] [51.1 dB] [0.4 ppm]
AIRCRAFT (Aircraft, On ground) -> GROUND_X (Ground station): Command
AVLC type: I sseq: 1 rseq: 1 poll: 0
 X.25 Call Request: grp: 11 chan: 255 src: 22677777 dst: none
  Facilities:
   Fast Select: requested
   Called address extension: 8c 53 49 54 00 00 01	".SIT..."
  Compression support: LREF, LREF-CAN
  M/I: 0
  ES-IS IS Hello: Hold Time: 30 sec
   NET: 47 00 27 c1 53 55 49 00 xx xx xx 01 01 55 4c 38 30 58 31 00	"G.'.SUI.K....UL80X1."

[2025-08-25 20:58:18.366 CEST] [136.975] [-13.7/-49.5 dBFS] [35.8 dB] [1.2 ppm]
GROUND_X (Ground station, On ground) -> AIRCRAFT (Aircraft): Command
AVLC type: I sseq: 1 rseq: 2 poll: 0
 X.25 Call Accepted: grp: 11 chan: 255 src: 22677777 dst: 1116900402899
  Facilities:
   Max. packet size:
    From calling DTE: 256 bytes
    From called  DTE: 256 bytes
   Window size:
    From calling DTE: 4 packets
    From called  DTE: 4 packets
   Called line address modified: 0f
  Compression support: LREF, LREF-CAN
  M/I: 0
  ES-IS IS Hello: Hold Time: 65534 sec
   NET: 47 00 27 01 53 49 54 00 59 55 4c 00 01 08 00 20 ff ba 45 00	"G.'.SIT.YUL.... ..E."
   Options:
    ATN Data Link Capabilities: 01
    Mobile Subnetwork Capabilities:
     Permitted traffic: all
     Supported ATSC classes: A

[2025-08-25 20:58:18.367 CEST] [136.975] [-13.8/-49.3 dBFS] [35.5 dB] [1.0 ppm]
GROUND_X (Ground station, On ground) -> AIRCRAFT (Aircraft): Command
AVLC type: I sseq: 2 rseq: 2 poll: 0
 X.25 Data: grp: 11 chan: 255 sseq: 0 rseq: 0 more: 0
  X.25 reasm status: skipped
  X.233 CLNP Data:
   Src NSAP: 47 00 27 01 53 49 54 00 59 55 4c 00 01 08 00 20 ff ba 45 00	"G.'.SIT.YUL.... ..E."
   Dst NSAP: 47 00 27 c1 53 55 49 00 xx xx xx 01 01 55 4c 38 30 58 31 00	"G.'.SUI.K....UL80X1."
   Lifetime: 20.0 sec
   Flags: SP E/R
   Segmentation:
    PDU Id: 0x4a82
    Segment offset: 0
    PDU total length: 140
    CLNP reasm status: skipped
   Options:
    LRef: 0x40
    QoS maintenance: 0xd6
    Security:
     Reg ID: 06 04 2b 1b 00 00
     Info:
      Traffic type:
       Type: ATN system management
       Category: none
       Route policy: 0x00
    Priority: 0x0e
   IDRP Open: seq: 78 ack: 1 credit_offered: 4 credit_avail: 0
    Hold Time: 900 seconds
    Max. PDU size: 3000 octets
    Source RDI: 47 00 27 01 53 49 54 00 59 55 4c	"G.'.SIT.YUL"
    RIB Attribute Set:
     RibAtt #0:
      Security:
       Reg ID: 06 04 2b 1b 00 00
    Auth mechanism: simple checksum

[2025-08-25 20:58:18.977 CEST] [136.975] [1.7/-48.9 dBFS] [50.6 dB] [0.3 ppm]
AIRCRAFT (Aircraft, On ground) -> GROUND_X (Ground station): Command
AVLC type: I sseq: 2 rseq: 3 poll: 0
 X.25 Data: grp: 11 chan: 255 sseq: 0 rseq: 1 more: 0
  X.25 reasm status: skipped
  X.233 CLNP Data (compressed header):
   LRef: 0x40 Prio: 14 Flags: 0xf6
   Lifetime: 32.0 sec
   PDU Id: 0x44
   IDRP Open: seq: 1 ack: 78 credit_offered: 3 credit_avail: 4
    Hold Time: 900 seconds
    Max. PDU size: 1024 octets
    Source RDI: 47 00 27 c1 53 55 49 00 xx xx xx	"G.'.SUI.K.."
    RIB Attribute Set:
     RibAtt #0:
      Security:
       Reg ID: 06 04 2b 1b 00 00
    Auth mechanism: simple checksum

[2025-08-25 20:58:19.130 CEST] [136.975] [-13.7/-49.3 dBFS] [35.6 dB] [1.2 ppm]
GROUND_X (Ground station, On ground) -> AIRCRAFT (Aircraft): Command
AVLC type: I sseq: 3 rseq: 3 poll: 0
 X.25 Data: grp: 11 chan: 255 sseq: 1 rseq: 1 more: 0
  X.25 reasm status: skipped
  X.233 CLNP Data (compressed header):
   LRef: 0x40 Prio: 14 Flags: 0xf6
   Lifetime: 20.0 sec
   PDU Id: 0x4a86
   IDRP Keepalive: seq: 79 ack: 1 credit_offered: 4 credit_avail: 3

[2025-08-25 20:58:19.281 CEST] [136.975] [-13.7/-49.0 dBFS] [35.3 dB] [0.9 ppm]
GROUND_X (Ground station, On ground) -> AIRCRAFT (Aircraft): Command
AVLC type: I sseq: 4 rseq: 3 poll: 0
 X.25 Data: grp: 11 chan: 255 sseq: 2 rseq: 1 more: 0
  X.25 reasm status: skipped
  X.233 CLNP Data (compressed header):
   LRef: 0x40 Prio: 14 Flags: 0xf6
   Lifetime: 20.0 sec
   PDU Id: 0x4a87
   IDRP Update: seq: 79 ack: 1 credit_offered: 4 credit_avail: 2
    Route:
     ID: 5224
     Local preference: 0
    Security:
     Reg ID: 06 04 2b 1b 00 00
     Info:
      Supported ATSC classes: A
      Subnetwork type:
       Subnet: VDL
       Permitted traffic: all
    RD path:
     RD_SEQ:
      47 00 27 01 53 49 54 00 00 00 01 0b 47 00 27 01 53 49 54 00 59 55 4c	"G.'.SIT.....G.'.SIT.YUL"
      47 00 27 01 53 49 54 00 59 55 4c	"G.'.SIT.YUL"
    RD hop count: 2
    Capacity: 12
    Reachability info:
     Protocol: CLNP
     Prefix length: 32
     Dest. address prefix: 47 00 27 01 20 47 00 27 81	"G.'. G.'."

[2025-08-25 20:58:19.433 CEST] [136.975] [-17.0/-49.1 dBFS] [32.1 dB] [2.8 ppm]
GROUND_X (Ground station, On ground) -> FFFFFF (Aircraft): Command
AVLC type: U (DISC) P/F: 0

[2025-08-25 20:58:22.785 CEST] [136.975] [-9.9/-49.0 dBFS] [39.2 dB] [1.1 ppm]
GROUND_X (Ground station, On ground) -> AIRCRAFT (Aircraft): Command
AVLC type: I sseq: 3 rseq: 3 poll: 0
 X.25 Data: grp: 11 chan: 255 sseq: 1 rseq: 1 more: 0
  X.25 reasm status: skipped
  X.233 CLNP Data (compressed header):
   LRef: 0x40 Prio: 14 Flags: 0xf6
   Lifetime: 20.0 sec
   PDU Id: 0x4a86
   IDRP Keepalive: seq: 79 ack: 1 credit_offered: 4 credit_avail: 3

[2025-08-25 20:58:22.785 CEST] [136.975] [-9.9/-49.0 dBFS] [39.2 dB] [1.1 ppm]
GROUND_X (Ground station, On ground) -> AIRCRAFT (Aircraft): Command
AVLC type: I sseq: 4 rseq: 3 poll: 0
 X.25 Data: grp: 11 chan: 255 sseq: 2 rseq: 1 more: 0
  X.25 reasm status: skipped
  X.233 CLNP Data (compressed header):
   LRef: 0x40 Prio: 14 Flags: 0xf6
   Lifetime: 20.0 sec
   PDU Id: 0x4a87
   IDRP Update: seq: 79 ack: 1 credit_offered: 4 credit_avail: 2
    Route:
     ID: 5224
     Local preference: 0
    Security:
     Reg ID: 06 04 2b 1b 00 00
     Info:
      Supported ATSC classes: A
      Subnetwork type:
       Subnet: VDL
       Permitted traffic: all
    RD path:
     RD_SEQ:
      47 00 27 01 53 49 54 00 00 00 01 0b 47 00 27 01 53 49 54 00 59 55 4c	"G.'.SIT.....G.'.SIT.YUL"
      47 00 27 01 53 49 54 00 59 55 4c	"G.'.SIT.YUL"
    RD hop count: 2
    Capacity: 12
    Reachability info:
     Protocol: CLNP
     Prefix length: 32
     Dest. address prefix: 47 00 27 01 20 47 00 27 81	"G.'. G.'."

[2025-08-25 20:58:26.746 CEST] [136.975] [-9.9/-49.2 dBFS] [39.4 dB] [1.0 ppm]
GROUND_X (Ground station, On ground) -> AIRCRAFT (Aircraft): Command
AVLC type: I sseq: 3 rseq: 3 poll: 0
 X.25 Data: grp: 11 chan: 255 sseq: 1 rseq: 1 more: 0
  X.25 reasm status: skipped
  X.233 CLNP Data (compressed header):
   LRef: 0x40 Prio: 14 Flags: 0xf6
   Lifetime: 20.0 sec
   PDU Id: 0x4a86
   IDRP Keepalive: seq: 79 ack: 1 credit_offered: 4 credit_avail: 3

[2025-08-25 20:58:26.746 CEST] [136.975] [-9.9/-49.2 dBFS] [39.4 dB] [1.0 ppm]
GROUND_X (Ground station, On ground) -> AIRCRAFT (Aircraft): Command
AVLC type: I sseq: 4 rseq: 3 poll: 0
 X.25 Data: grp: 11 chan: 255 sseq: 2 rseq: 1 more: 0
  X.25 reasm status: skipped
  X.233 CLNP Data (compressed header):
   LRef: 0x40 Prio: 14 Flags: 0xf6
   Lifetime: 20.0 sec
   PDU Id: 0x4a87
   IDRP Update: seq: 79 ack: 1 credit_offered: 4 credit_avail: 2
    Route:
     ID: 5224
     Local preference: 0
    Security:
     Reg ID: 06 04 2b 1b 00 00
     Info:
      Supported ATSC classes: A
      Subnetwork type:
       Subnet: VDL
       Permitted traffic: all
    RD path:
     RD_SEQ:
      47 00 27 01 53 49 54 00 00 00 01 0b 47 00 27 01 53 49 54 00 59 55 4c	"G.'.SIT.....G.'.SIT.YUL"
      47 00 27 01 53 49 54 00 59 55 4c	"G.'.SIT.YUL"
    RD hop count: 2
    Capacity: 12
    Reachability info:
     Protocol: CLNP
     Prefix length: 32
     Dest. address prefix: 47 00 27 01 20 47 00 27 81	"G.'. G.'."

[2025-08-25 20:58:30.862 CEST] [136.975] [-9.9/-49.6 dBFS] [39.7 dB] [1.0 ppm]
GROUND_X (Ground station, On ground) -> AIRCRAFT (Aircraft): Command
AVLC type: I sseq: 3 rseq: 3 poll: 0
 X.25 Data: grp: 11 chan: 255 sseq: 1 rseq: 1 more: 0
  X.25 reasm status: skipped
  X.233 CLNP Data (compressed header):
   LRef: 0x40 Prio: 14 Flags: 0xf6
   Lifetime: 20.0 sec
   PDU Id: 0x4a86
   IDRP Keepalive: seq: 79 ack: 1 credit_offered: 4 credit_avail: 3

[2025-08-25 20:58:30.862 CEST] [136.975] [-9.9/-49.6 dBFS] [39.7 dB] [1.0 ppm]
GROUND_X (Ground station, On ground) -> AIRCRAFT (Aircraft): Command
AVLC type: I sseq: 4 rseq: 3 poll: 0
 X.25 Data: grp: 11 chan: 255 sseq: 2 rseq: 1 more: 0
  X.25 reasm status: skipped
  X.233 CLNP Data (compressed header):
   LRef: 0x40 Prio: 14 Flags: 0xf6
   Lifetime: 20.0 sec
   PDU Id: 0x4a87
   IDRP Update: seq: 79 ack: 1 credit_offered: 4 credit_avail: 2
    Route:
     ID: 5224
     Local preference: 0
    Security:
     Reg ID: 06 04 2b 1b 00 00
     Info:
      Supported ATSC classes: A
      Subnetwork type:
       Subnet: VDL
       Permitted traffic: all
    RD path:
     RD_SEQ:
      47 00 27 01 53 49 54 00 00 00 01 0b 47 00 27 01 53 49 54 00 59 55 4c	"G.'.SIT.....G.'.SIT.YUL"
      47 00 27 01 53 49 54 00 59 55 4c	"G.'.SIT.YUL"
    RD hop count: 2
    Capacity: 12
    Reachability info:
     Protocol: CLNP
     Prefix length: 32
     Dest. address prefix: 47 00 27 01 20 47 00 27 81	"G.'. G.'."

[2025-08-25 20:58:34.216 CEST] [136.975] [-10.0/-49.1 dBFS] [39.1 dB] [1.1 ppm]
GROUND_X (Ground station, On ground) -> AIRCRAFT (Aircraft): Command
AVLC type: I sseq: 5 rseq: 3 poll: 0
 X.25 Data: grp: 11 chan: 255 sseq: 3 rseq: 1 more: 0
  X.25 reasm status: skipped
  X.233 CLNP Data (compressed header):
   LRef: 0x40 Prio: 14 Flags: 0xf6
   Lifetime: 20.0 sec
   PDU Id: 0x4afd
   IDRP Update: seq: 79 ack: 1 credit_offered: 4 credit_avail: 2
    Route:
     ID: 5224
     Local preference: 0
    Security:
     Reg ID: 06 04 2b 1b 00 00
     Info:
      Supported ATSC classes: A
      Subnetwork type:
       Subnet: VDL
       Permitted traffic: all
    RD path:
     RD_SEQ:
      47 00 27 01 53 49 54 00 00 00 01 0b 47 00 27 01 53 49 54 00 59 55 4c	"G.'.SIT.....G.'.SIT.YUL"
      47 00 27 01 53 49 54 00 59 55 4c	"G.'.SIT.YUL"
    RD hop count: 2
    Capacity: 12
    Reachability info:
     Protocol: CLNP
     Prefix length: 32
     Dest. address prefix: 47 00 27 01 20 47 00 27 81	"G.'. G.'."

[2025-08-25 20:58:37.414 CEST] [136.975] [-10.0/-49.2 dBFS] [39.2 dB] [1.2 ppm]
GROUND_X (Ground station, On ground) -> AIRCRAFT (Aircraft): Command
AVLC type: I sseq: 3 rseq: 3 poll: 0
 X.25 Data: grp: 11 chan: 255 sseq: 1 rseq: 1 more: 0
  X.25 reasm status: skipped
  X.233 CLNP Data (compressed header):
   LRef: 0x40 Prio: 14 Flags: 0xf6
   Lifetime: 20.0 sec
   PDU Id: 0x4a86
   IDRP Keepalive: seq: 79 ack: 1 credit_offered: 4 credit_avail: 3

[2025-08-25 20:58:37.414 CEST] [136.975] [-10.0/-49.2 dBFS] [39.2 dB] [1.2 ppm]
GROUND_X (Ground station, On ground) -> AIRCRAFT (Aircraft): Command
AVLC type: I sseq: 4 rseq: 3 poll: 0
 X.25 Data: grp: 11 chan: 255 sseq: 2 rseq: 1 more: 0
  X.25 reasm status: skipped
  X.233 CLNP Data (compressed header):
   LRef: 0x40 Prio: 14 Flags: 0xf6
   Lifetime: 20.0 sec
   PDU Id: 0x4a87
   IDRP Update: seq: 79 ack: 1 credit_offered: 4 credit_avail: 2
    Route:
     ID: 5224
     Local preference: 0
    Security:
     Reg ID: 06 04 2b 1b 00 00
     Info:
      Supported ATSC classes: A
      Subnetwork type:
       Subnet: VDL
       Permitted traffic: all
    RD path:
     RD_SEQ:
      47 00 27 01 53 49 54 00 00 00 01 0b 47 00 27 01 53 49 54 00 59 55 4c	"G.'.SIT.....G.'.SIT.YUL"
      47 00 27 01 53 49 54 00 59 55 4c	"G.'.SIT.YUL"
    RD hop count: 2
    Capacity: 12
    Reachability info:
     Protocol: CLNP
     Prefix length: 32
     Dest. address prefix: 47 00 27 01 20 47 00 27 81	"G.'. G.'."

[2025-08-25 20:58:37.414 CEST] [136.975] [-10.0/-49.2 dBFS] [39.2 dB] [1.2 ppm]
GROUND_X (Ground station, On ground) -> AIRCRAFT (Aircraft): Command
AVLC type: I sseq: 5 rseq: 3 poll: 0
 X.25 Data: grp: 11 chan: 255 sseq: 3 rseq: 1 more: 0
  X.25 reasm status: skipped
  X.233 CLNP Data (compressed header):
   LRef: 0x40 Prio: 14 Flags: 0xf6
   Lifetime: 20.0 sec
   PDU Id: 0x4afd
   IDRP Update: seq: 79 ack: 1 credit_offered: 4 credit_avail: 2
    Route:
     ID: 5224
     Local preference: 0
    Security:
     Reg ID: 06 04 2b 1b 00 00
     Info:
      Supported ATSC classes: A
      Subnetwork type:
       Subnet: VDL
       Permitted traffic: all
    RD path:
     RD_SEQ:
      47 00 27 01 53 49 54 00 00 00 01 0b 47 00 27 01 53 49 54 00 59 55 4c	"G.'.SIT.....G.'.SIT.YUL"
      47 00 27 01 53 49 54 00 59 55 4c	"G.'.SIT.YUL"
    RD hop count: 2
    Capacity: 12
    Reachability info:
     Protocol: CLNP
     Prefix length: 32
     Dest. address prefix: 47 00 27 01 20 47 00 27 81	"G.'. G.'."

[2025-08-25 20:58:45.643 CEST] [136.975] [-10.0/-49.6 dBFS] [39.7 dB] [0.9 ppm]
GROUND_X (Ground station, On ground) -> AIRCRAFT (Aircraft): Command
AVLC type: I sseq: 3 rseq: 3 poll: 0
 X.25 Data: grp: 11 chan: 255 sseq: 1 rseq: 1 more: 0
  X.25 reasm status: skipped
  X.233 CLNP Data (compressed header):
   LRef: 0x40 Prio: 14 Flags: 0xf6
   Lifetime: 20.0 sec
   PDU Id: 0x4a86
   IDRP Keepalive: seq: 79 ack: 1 credit_offered: 4 credit_avail: 3

[2025-08-25 20:58:45.643 CEST] [136.975] [-10.0/-49.6 dBFS] [39.7 dB] [0.9 ppm]
GROUND_X (Ground station, On ground) -> AIRCRAFT (Aircraft): Command
AVLC type: I sseq: 4 rseq: 3 poll: 0
 X.25 Data: grp: 11 chan: 255 sseq: 2 rseq: 1 more: 0
  X.25 reasm status: skipped
  X.233 CLNP Data (compressed header):
   LRef: 0x40 Prio: 14 Flags: 0xf6
   Lifetime: 20.0 sec
   PDU Id: 0x4a87
   IDRP Update: seq: 79 ack: 1 credit_offered: 4 credit_avail: 2
    Route:
     ID: 5224
     Local preference: 0
    Security:
     Reg ID: 06 04 2b 1b 00 00
     Info:
      Supported ATSC classes: A
      Subnetwork type:
       Subnet: VDL
       Permitted traffic: all
    RD path:
     RD_SEQ:
      47 00 27 01 53 49 54 00 00 00 01 0b 47 00 27 01 53 49 54 00 59 55 4c	"G.'.SIT.....G.'.SIT.YUL"
      47 00 27 01 53 49 54 00 59 55 4c	"G.'.SIT.YUL"
    RD hop count: 2
    Capacity: 12
    Reachability info:
     Protocol: CLNP
     Prefix length: 32
     Dest. address prefix: 47 00 27 01 20 47 00 27 81	"G.'. G.'."

[2025-08-25 20:58:45.643 CEST] [136.975] [-10.0/-49.6 dBFS] [39.7 dB] [0.9 ppm]
GROUND_X (Ground station, On ground) -> AIRCRAFT (Aircraft): Command
AVLC type: I sseq: 5 rseq: 3 poll: 0
 X.25 Data: grp: 11 chan: 255 sseq: 3 rseq: 1 more: 0
  X.25 reasm status: skipped
  X.233 CLNP Data (compressed header):
   LRef: 0x40 Prio: 14 Flags: 0xf6
   Lifetime: 20.0 sec
   PDU Id: 0x4afd
   IDRP Update: seq: 79 ack: 1 credit_offered: 4 credit_avail: 2
    Route:
     ID: 5224
     Local preference: 0
    Security:
     Reg ID: 06 04 2b 1b 00 00
     Info:
      Supported ATSC classes: A
      Subnetwork type:
       Subnet: VDL
       Permitted traffic: all
    RD path:
     RD_SEQ:
      47 00 27 01 53 49 54 00 00 00 01 0b 47 00 27 01 53 49 54 00 59 55 4c	"G.'.SIT.....G.'.SIT.YUL"
      47 00 27 01 53 49 54 00 59 55 4c	"G.'.SIT.YUL"
    RD hop count: 2
    Capacity: 12
    Reachability info:
     Protocol: CLNP
     Prefix length: 32
     Dest. address prefix: 47 00 27 01 20 47 00 27 81	"G.'. G.'."

[2025-08-25 20:58:49.299 CEST] [136.975] [-9.9/-49.0 dBFS] [39.1 dB] [0.9 ppm]
GROUND_X (Ground station, On ground) -> AIRCRAFT (Aircraft): Command
AVLC type: I sseq: 6 rseq: 3 poll: 1
 X.25 Data: grp: 11 chan: 255 sseq: 4 rseq: 1 more: 0
  X.25 reasm status: skipped
  X.233 CLNP Data (compressed header):
   LRef: 0x40 Prio: 14 Flags: 0xf6
   Lifetime: 20.0 sec
   PDU Id: 0x4b7b
   IDRP Update: seq: 79 ack: 1 credit_offered: 4 credit_avail: 2
    Route:
     ID: 5224
     Local preference: 0
    Security:
     Reg ID: 06 04 2b 1b 00 00
     Info:
      Supported ATSC classes: A
      Subnetwork type:
       Subnet: VDL
       Permitted traffic: all
    RD path:
     RD_SEQ:
      47 00 27 01 53 49 54 00 00 00 01 0b 47 00 27 01 53 49 54 00 59 55 4c	"G.'.SIT.....G.'.SIT.YUL"
      47 00 27 01 53 49 54 00 59 55 4c	"G.'.SIT.YUL"
    RD hop count: 2
    Capacity: 12
    Reachability info:
     Protocol: CLNP
     Prefix length: 32
     Dest. address prefix: 47 00 27 01 20 47 00 27 81	"G.'. G.'."

[2025-08-25 20:59:08.651 CEST] [136.975] [-7.5/-49.1 dBFS] [41.6 dB] [0.9 ppm]
GROUND_Y (Ground station, On ground) -> FFFFFF (Aircraft): Command
AVLC type: U (XID) P/F: 0
 XID: Ground Station Information Frame
  Public params:
   Parameter set ID: 8885:1993
   Procedure classes: 00 01
   HDLC options: 20 a4 88
  VDL params:
   Parameter set ID: V
   AVLC specific options: 64
   Frequency support list:
    Ground station: xxxxxx
     Frequency: 136.875 MHz (VDL-M2, D8PSK, 31500 bps)
    Ground station: xxxxxx
     Frequency: 136.875 MHz (VDL-M2, D8PSK, 31500 bps)
   Timer T4: 00 02
   Airport coverage: xxxx
   ATN router NETs: 53 49 54 00 00 01	"SIT..."
   System mask: 200000
   Ground station location: xN yE

[2025-08-25 20:59:08.804 CEST] [136.975] [-7.4/-49.2 dBFS] [41.7 dB] [1.0 ppm]
GROUND_Y (Ground station, On ground) -> AIRCRAFT (Aircraft): Response
AVLC type: U (XID) P/F: 1
 XID: Link Establishment Response
  Public params:
   Parameter set ID: 8885:1993
   Procedure classes: 00 01
   HDLC options: 20 a4 88
  VDL params:
   Parameter set ID: V
   Connection management: 00
   XID sequencing: seq: 6 retry: 0
   AVLC specific options: 64
   Airport coverage: xxxx
   ATN router NETs: 53 49 54 00 00 01	"SIT..."
   System mask: 200000
   Ground station location: xN yE

[2025-08-25 20:59:08.806 CEST] [136.975] [1.8/-49.3 dBFS] [51.0 dB] [0.2 ppm]
AIRCRAFT (Aircraft, On ground) -> GROUND_Y (Ground station): Command
AVLC type: I sseq: 0 rseq: 0 poll: 0
 ACARS:
  Reassembly: skipped
  Reg: ..CPDLC Flight: HB0000
  Mode: 2 Label: Q0 Blk id: 0 More: 0 Ack: ! Msg num: M29A

[2025-08-25 20:59:09.111 CEST] [136.975] [-11.3/-49.3 dBFS] [38.0 dB] [0.9 ppm]
GROUND_Y (Ground station, On ground) -> AIRCRAFT (Aircraft): Command
AVLC type: I sseq: 0 rseq: 1 poll: 0
 ACARS:
  Reassembly: skipped
  Reg: ..CPDLC
  Mode: 2 Label: _d Blk id: A More: 0 Ack: 0

[2025-08-25 20:59:09.566 CEST] [136.975] [1.8/-49.0 dBFS] [50.8 dB] [0.4 ppm]
AIRCRAFT (Aircraft, On ground) -> GROUND_Y (Ground station): Command
AVLC type: I sseq: 1 rseq: 1 poll: 0
 X.25 Call Request: grp: 11 chan: 255 src: 22677777 dst: none
  Facilities:
   Fast Select: requested
   Called address extension: 8c 53 49 54 00 00 01	".SIT..."
  Compression support: LREF, LREF-CAN
  M/I: 0
  ES-IS IS Hello: Hold Time: 30 sec
   NET: 47 00 27 c1 53 55 49 00 xx xx xx 01 01 55 4c 38 30 58 31 00	"G.'.SUI.K....UL80X1."

[2025-08-25 20:59:09.872 CEST] [136.975] [-11.2/-49.4 dBFS] [38.2 dB] [1.1 ppm]
GROUND_Y (Ground station, On ground) -> AIRCRAFT (Aircraft): Command
AVLC type: I sseq: 1 rseq: 2 poll: 0
 X.25 Call Accepted: grp: 11 chan: 255 src: 22677777 dst: 1116900402899
  Facilities:
   Max. packet size:
    From calling DTE: 256 bytes
    From called  DTE: 256 bytes
   Window size:
    From calling DTE: 4 packets
    From called  DTE: 4 packets
   Called line address modified: 0f
  Compression support: LREF, LREF-CAN
  M/I: 0
  ES-IS IS Hello: Hold Time: 65534 sec
   NET: 47 00 27 01 53 49 54 00 59 55 4c 00 01 08 00 20 ff ba 45 00	"G.'.SIT.YUL.... ..E."
   Options:
    ATN Data Link Capabilities: 01
    Mobile Subnetwork Capabilities:
     Permitted traffic: all
     Supported ATSC classes: A

[2025-08-25 20:59:09.873 CEST] [136.975] [-11.2/-49.2 dBFS] [38.0 dB] [0.9 ppm]
GROUND_Y (Ground station, On ground) -> AIRCRAFT (Aircraft): Command
AVLC type: I sseq: 2 rseq: 2 poll: 0
 X.25 Data: grp: 11 chan: 255 sseq: 0 rseq: 0 more: 0
  X.25 reasm status: skipped
  X.233 CLNP Data:
   Src NSAP: 47 00 27 01 53 49 54 00 59 55 4c 00 01 08 00 20 ff ba 45 00	"G.'.SIT.YUL.... ..E."
   Dst NSAP: 47 00 27 c1 53 55 49 00 xx xx xx 01 01 55 4c 38 30 58 31 00	"G.'.SUI.K....UL80X1."
   Lifetime: 20.0 sec
   Flags: SP E/R
   Segmentation:
    PDU Id: 0x4bf0
    Segment offset: 0
    PDU total length: 140
    CLNP reasm status: skipped
   Options:
    LRef: 0x40
    QoS maintenance: 0xd6
    Security:
     Reg ID: 06 04 2b 1b 00 00
     Info:
      Traffic type:
       Type: ATN system management
       Category: none
       Route policy: 0x00
    Priority: 0x0e
   IDRP Open: seq: 81 ack: 1 credit_offered: 4 credit_avail: 0
    Hold Time: 900 seconds
    Max. PDU size: 3000 octets
    Source RDI: 47 00 27 01 53 49 54 00 59 55 4c	"G.'.SIT.YUL"
    RIB Attribute Set:
     RibAtt #0:
      Security:
       Reg ID: 06 04 2b 1b 00 00
    Auth mechanism: simple checksum

[2025-08-25 20:59:10.329 CEST] [136.975] [1.8/-49.7 dBFS] [51.4 dB] [0.1 ppm]
AIRCRAFT (Aircraft, On ground) -> GROUND_Y (Ground station): Command
AVLC type: I sseq: 2 rseq: 3 poll: 0
 X.25 Data: grp: 11 chan: 255 sseq: 0 rseq: 1 more: 0
  X.25 reasm status: skipped
  X.233 CLNP Data (compressed header):
   LRef: 0x40 Prio: 14 Flags: 0xf6
   Lifetime: 32.0 sec
   PDU Id: 0x46
   IDRP Open: seq: 1 ack: 81 credit_offered: 3 credit_avail: 4
    Hold Time: 900 seconds
    Max. PDU size: 1024 octets
    Source RDI: 47 00 27 c1 53 55 49 00 xx xx xx	"G.'.SUI.K.."
    RIB Attribute Set:
     RibAtt #0:
      Security:
       Reg ID: 06 04 2b 1b 00 00
    Auth mechanism: simple checksum

[2025-08-25 20:59:10.482 CEST] [136.975] [-11.2/-49.6 dBFS] [38.4 dB] [1.1 ppm]
GROUND_Y (Ground station, On ground) -> AIRCRAFT (Aircraft): Command
AVLC type: I sseq: 3 rseq: 3 poll: 0
 X.25 Data: grp: 11 chan: 255 sseq: 1 rseq: 1 more: 0
  X.25 reasm status: skipped
  X.233 CLNP Data (compressed header):
   LRef: 0x40 Prio: 14 Flags: 0xf6
   Lifetime: 20.0 sec
   PDU Id: 0x4bf3
   IDRP Keepalive: seq: 82 ack: 1 credit_offered: 4 credit_avail: 3

[2025-08-25 20:59:10.633 CEST] [136.975] [-11.2/-49.2 dBFS] [38.0 dB] [1.0 ppm]
GROUND_Y (Ground station, On ground) -> AIRCRAFT (Aircraft): Command
AVLC type: I sseq: 4 rseq: 3 poll: 0
 X.25 Data: grp: 11 chan: 255 sseq: 2 rseq: 1 more: 0
  X.25 reasm status: skipped
  X.233 CLNP Data (compressed header):
   LRef: 0x40 Prio: 14 Flags: 0xf6
   Lifetime: 20.0 sec
   PDU Id: 0x4bf4
   IDRP Update: seq: 82 ack: 1 credit_offered: 4 credit_avail: 2
    Route:
     ID: 5225
     Local preference: 0
    Security:
     Reg ID: 06 04 2b 1b 00 00
     Info:
      Supported ATSC classes: A
      Subnetwork type:
       Subnet: VDL
       Permitted traffic: all
    RD path:
     RD_SEQ:
      47 00 27 01 53 49 54 00 00 00 01 0b 47 00 27 01 53 49 54 00 59 55 4c	"G.'.SIT.....G.'.SIT.YUL"
      47 00 27 01 53 49 54 00 59 55 4c	"G.'.SIT.YUL"
    RD hop count: 2
    Capacity: 12
    Reachability info:
     Protocol: CLNP
     Prefix length: 32
     Dest. address prefix: 47 00 27 01 20 47 00 27 81	"G.'. G.'."

[2025-08-25 20:59:11.091 CEST] [136.975] [1.9/-49.5 dBFS] [51.4 dB] [0.1 ppm]
AIRCRAFT (Aircraft, On ground) -> GROUND_Y (Ground station): Command
AVLC type: I sseq: 3 rseq: 5 poll: 0
 X.25 Data: grp: 11 chan: 255 sseq: 1 rseq: 2 more: 0
  X.25 reasm status: skipped
  X.233 CLNP Data (compressed header):
   LRef: 0x40 Prio: 14 Flags: 0xf6
   Lifetime: 32.0 sec
   PDU Id: 0x47
   IDRP Update: seq: 2 ack: 81 credit_offered: 3 credit_avail: 3
    Route:
     ID: 21
     Local preference: 0
    Security:
     Reg ID: 06 04 2b 1b 00 00
     Info:
      Supported ATSC classes: all
      Subnetwork type:
       Subnet: VDL
       Permitted traffic: all
    RD path:
     RD_SEQ:
      47 00 27 c1 53 55 49 00 xx xx xx	"G.'.SUI.K.."
    RD hop count: 1
    Capacity: 13
    Reachability info:
     Protocol: CLNP
     Prefix length: 88
     Dest. address prefix: 47 00 27 c1 53 55 49 00 xx xx xx	"G.'.SUI.K.."

[2025-08-25 20:59:12.004 CEST] [136.975] [-7.4/-49.4 dBFS] [42.0 dB] [0.8 ppm]
GROUND_Y (Ground station, On ground) -> AIRCRAFT (Aircraft): Response
AVLC type: S (Receive Ready) P/F: 0 rseq: 4

[2025-08-25 20:59:12.160 CEST] [136.975] [1.8/-49.6 dBFS] [51.3 dB] [0.3 ppm]
AIRCRAFT (Aircraft, On ground) -> GROUND_Y (Ground station): Command
AVLC type: I sseq: 4 rseq: 5 poll: 0
 X.25 Data: grp: 11 chan: 255 sseq: 2 rseq: 3 more: 0
  X.25 reasm status: skipped
  X.233 CLNP Data (compressed header):
   LRef: 0x40 Prio: 14 Flags: 0xf6
   Lifetime: 32.0 sec
   PDU Id: 0x48
   IDRP Keepalive: seq: 3 ack: 82 credit_offered: 3 credit_avail: 3

[2025-08-25 20:59:12.310 CEST] [136.975] [-7.4/-49.4 dBFS] [42.0 dB] [0.9 ppm]
GROUND_Y (Ground station, On ground) -> AIRCRAFT (Aircraft): Command
AVLC type: I sseq: 5 rseq: 5 poll: 0
 X.25 Receive Ready: grp: 11 chan: 255 rseq: 3

[2025-08-25 20:59:12.311 CEST] [136.975] [-7.3/-49.4 dBFS] [42.1 dB] [1.0 ppm]
GROUND_Y (Ground station, On ground) -> AIRCRAFT (Aircraft): Command
AVLC type: I sseq: 6 rseq: 5 poll: 0
 X.25 Data: grp: 11 chan: 255 sseq: 3 rseq: 3 more: 0
  X.25 reasm status: skipped
  X.233 CLNP Data (compressed header):
   LRef: 0x40 Prio: 14 Flags: 0xf6
   Lifetime: 20.0 sec
   PDU Id: 0x4c04
   IDRP Keepalive: seq: 83 ack: 2 credit_offered: 4 credit_avail: 2

[2025-08-25 20:59:13.224 CEST] [136.975] [1.8/-48.8 dBFS] [50.7 dB] [0.2 ppm]
AIRCRAFT (Aircraft, On ground) -> GROUND_Y (Ground station): Response
AVLC type: S (Receive Ready) P/F: 0 rseq: 7

[2025-08-25 20:59:13.225 CEST] [136.975] [1.8/-48.9 dBFS] [50.7 dB] [0.3 ppm]
AIRCRAFT (Aircraft, On ground) -> GROUND_Y (Ground station): Command
AVLC type: I sseq: 5 rseq: 7 poll: 0
 X.25 Data: grp: 11 chan: 255 sseq: 3 rseq: 4 more: 0
  X.25 reasm status: skipped
  X.233 CLNP Data:
   Src NSAP: 47 00 27 c1 53 55 49 00 xx xx xx 01 01 55 4c 38 30 58 31 01	"G.'.SUI.K....UL80X1."
   Dst NSAP: 47 00 27 81 83 65 75 00 11 50 59 00 01 00 00 47 47 31 31 01	"G.'..eu..PY....GG11."
   Lifetime: 32.0 sec
   Flags: SP
   Segmentation:
    PDU Id: 0x49
    Segment offset: 0
    PDU total length: 123
    CLNP reasm status: skipped
   Options:
    LRef: 0x00
    QoS maintenance: 0xd6
    Security:
     Reg ID: 06 04 2b 1b 00 00
     Info:
      Traffic type:
       Type: ATN operational
       Category: ATSC
       Route policy: 0x01
    Priority: 0x08
   X.224 COTP Connect Request:
    src_ref: 0x0036 dst_ref: 0x0000
    Initial Credit: 1
    Protocol class: 4
    Options: 00 (use normal PDU formats)
    TPDU size (bytes): 1024
    Called/responding transport selector: 01 01
    Calling transport selector: 63 6d
    Priority: 6
    Additional options: 0x00
    Ack time (ms): 1000
    Inactivity timer (ms): 360000
    Checksum: cf d7
    ATN checksum: 97 8e ac 82

[2025-08-25 20:59:13.987 CEST] [136.975] [-7.3/-49.2 dBFS] [41.8 dB] [1.0 ppm]
GROUND_Y (Ground station, On ground) -> AIRCRAFT (Aircraft): Response
AVLC type: S (Receive Ready) P/F: 0 rseq: 6



[2025-08-25 20:59:20.082 CEST] [136.975] [1.7/-49.1 dBFS] [50.8 dB] [0.3 ppm]
AIRCRAFT (Aircraft, On ground) -> GROUND_Y (Ground station): Command
AVLC type: I sseq: 6 rseq: 7 poll: 0
 X.25 Data: grp: 11 chan: 255 sseq: 4 rseq: 4 more: 0
  X.25 reasm status: skipped
  ES-IS IS Hello: Hold Time: 65535 sec
   NET: 47 00 27 c1 53 55 49 00 xx xx xx 01 01 55 4c 38 30 58 31 00	"G.'.SUI.K....UL80X1."

[2025-08-25 20:59:20.233 CEST] [136.975] [-7.4/-49.3 dBFS] [41.9 dB] [0.8 ppm]
GROUND_Y (Ground station, On ground) -> AIRCRAFT (Aircraft): Command
AVLC type: I sseq: 7 rseq: 7 poll: 0
 X.25 Receive Ready: grp: 11 chan: 255 rseq: 5

[2025-08-25 20:59:20.692 CEST] [136.975] [1.9/-49.2 dBFS] [51.1 dB] [0.0 ppm]
AIRCRAFT (Aircraft, On ground) -> GROUND_Y (Ground station): Response
AVLC type: S (Receive Ready) P/F: 0 rseq: 0

[2025-08-25 20:59:26.633 CEST] [136.975] [-7.5/-49.3 dBFS] [41.9 dB] [0.9 ppm]
GROUND_Y (Ground station, On ground) -> AIRCRAFT (Aircraft): Command
AVLC type: I sseq: 0 rseq: 7 poll: 0
 X.25 Data: grp: 11 chan: 255 sseq: 4 rseq: 5 more: 0
  X.25 reasm status: skipped
  X.233 CLNP Data (compressed header):
   LRef: 0x0 Prio: 8 Flags: 0xd6
   Lifetime: 18.5 sec
   PDU Id: 0x11bb
   X.224 COTP Connect Confirm:
    src_ref: 0x01f3 dst_ref: 0x0036
    Initial Credit: 1
    Protocol class: 4
    Options: 00 (use normal PDU formats)
    TPDU size (bytes): 1024
    Called/responding transport selector: 01 01
    Calling transport selector: 63 6d
    Priority: 6
    Ack time (ms): 1000
    Inactivity timer (ms): 360000
    Additional options: 0x00
    ATN checksum: 21 4c b9 13

[2025-08-25 20:59:26.940 CEST] [136.975] [1.9/-49.3 dBFS] [51.1 dB] [0.0 ppm]
AIRCRAFT (Aircraft, On ground) -> GROUND_Y (Ground station): Command
AVLC type: I sseq: 7 rseq: 1 poll: 0
 X.25 Data: grp: 11 chan: 255 sseq: 5 rseq: 5 more: 0
  X.25 reasm status: skipped
  X.233 CLNP Data (compressed header):
   LRef: 0x0 Prio: 8 Flags: 0xf6
   Lifetime: 32.0 sec
   PDU Id: 0x4a
   X.224 COTP Data Ack:
    dst_ref: 0x01f3
    rseq: 0 credit: 1
    ATN checksum: ac 68 bd 19

[2025-08-25 20:59:27.701 CEST] [136.975] [-7.5/-48.9 dBFS] [41.5 dB] [1.1 ppm]
GROUND_Y (Ground station, On ground) -> AIRCRAFT (Aircraft): Response
AVLC type: S (Receive Ready) P/F: 0 rseq: 0

[2025-08-25 20:59:28.007 CEST] [136.975] [1.8/-49.2 dBFS] [51.0 dB] [0.1 ppm]
AIRCRAFT (Aircraft, On ground) -> GROUND_Y (Ground station): Command
AVLC type: I sseq: 0 rseq: 1 poll: 0
 X.25 Data: grp: 11 chan: 255 sseq: 6 rseq: 5 more: 0
  X.25 reasm status: skipped
  X.233 CLNP Data (compressed header):
   LRef: 0x0 Prio: 8 Flags: 0xf6
   Lifetime: 32.0 sec
   PDU Id: 0x4b
   X.224 COTP Data:
    dst_ref: 0x01f3
    sseq: 0 req_of_ack: 0 EoT: 1
    COTP reasm status: skipped
    ATN checksum: f0 01 b6 9c
    X.225 Session SPDU: Short Connect
     X.227 ACSE Associate Request:
      Application context name: { 1.3.27.3.1 }
      AP title: { 1.3.27.1.4947967.0 }
      AE qualifier: 1
      ATN Context Management - Logon Request:
       Flight ID: xxxxxxx
       Long TSAP: c1 53 55 49 00 xx xx xx 01 01 55 4c 38 30 58 31 01 63 6d	".SUI.K....UL80X1.cm"
       Ground-initiated applications:
        Application Entity Qualifier: 22
        Version number: 1
        AP Address:
         Long TSAP: c1 53 55 49 00 xx xx xx 01 01 55 4c 38 30 58 31 01 63 70	".SUI.K....UL80X1.cp"
       Departure airport: xxxx
       Destination airport: xxxx

[2025-08-25 20:59:28.158 CEST] [136.975] [-7.4/-49.2 dBFS] [41.7 dB] [1.1 ppm]
GROUND_Y (Ground station, On ground) -> AIRCRAFT (Aircraft): Command
AVLC type: I sseq: 1 rseq: 1 poll: 0
 X.25 Receive Ready: grp: 11 chan: 255 rseq: 7

[2025-08-25 20:59:28.312 CEST] [136.975] [-11.3/-49.3 dBFS] [38.0 dB] [0.9 ppm]
GROUND_Y (Ground station, On ground) -> AIRCRAFT (Aircraft): Command
AVLC type: I sseq: 2 rseq: 1 poll: 0
 X.25 Data: grp: 11 chan: 255 sseq: 5 rseq: 7 more: 0
  X.25 reasm status: skipped
  X.233 CLNP Data (compressed header):
   LRef: 0x0 Prio: 8 Flags: 0xd6
   Lifetime: 18.5 sec
   PDU Id: 0x11bc
   X.224 COTP Data Ack:
    dst_ref: 0x0036
    rseq: 1 credit: 2
    ATN checksum: 83 a7 af cd

[2025-08-25 20:59:28.462 CEST] [136.975] [-11.3/-49.6 dBFS] [38.3 dB] [1.1 ppm]
GROUND_Y (Ground station, On ground) -> AIRCRAFT (Aircraft): Command
AVLC type: I sseq: 3 rseq: 1 poll: 0
 X.25 Data: grp: 11 chan: 255 sseq: 6 rseq: 7 more: 0
  X.25 reasm status: skipped
  X.233 CLNP Data (compressed header):
   LRef: 0x0 Prio: 8 Flags: 0xd6
   Lifetime: 18.5 sec
   PDU Id: 0x11bd
   X.224 COTP Data:
    dst_ref: 0x0036
    sseq: 0 req_of_ack: 0 EoT: 1
    COTP reasm status: skipped
    ATN checksum: c0 b8 e2 e0
    X.225 Session SPDU: Short Refuse
     Refusal: persistent
     Transport connection: release
     X.227 ACSE Associate Response:
      Application context name: { 1.3.27.3.0 }
      Associate result: reject (permanent)
      ATN Context Management - Logon Response:
       Ground-only-initiated applications:
        Application Entity Qualifier: 22
        Version number: 1

[2025-08-25 20:59:28.766 CEST] [136.975] [1.8/-49.4 dBFS] [51.2 dB] [0.1 ppm]
AIRCRAFT (Aircraft, On ground) -> GROUND_Y (Ground station): Command
AVLC type: I sseq: 1 rseq: 4 poll: 0
 X.25 Receive Ready: grp: 11 chan: 255 rseq: 7

[2025-08-25 20:59:29.226 CEST] [136.975] [-11.6/-49.4 dBFS] [37.9 dB] [2.5 ppm]
GROUND_Y (Ground station, On ground) -> FFFFFF (Aircraft): Command
AVLC type: U (DISC) P/F: 0

[2025-08-25 20:59:29.379 CEST] [136.975] [-7.4/-49.1 dBFS] [41.7 dB] [0.8 ppm]
GROUND_Y (Ground station, On ground) -> AIRCRAFT (Aircraft): Response
AVLC type: S (Receive Ready) P/F: 0 rseq: 2

[2025-08-25 20:59:33.489 CEST] [136.975] [-7.3/-49.4 dBFS] [42.1 dB] [0.9 ppm]
GROUND_Y (Ground station, On ground) -> AIRCRAFT (Aircraft): Command
AVLC type: I sseq: 4 rseq: 2 poll: 0
 X.25 Data: grp: 11 chan: 255 sseq: 7 rseq: 7 more: 0
  X.25 reasm status: skipped
  X.233 CLNP Data (compressed header):
   LRef: 0x0 Prio: 11 Flags: 0xd6
   Lifetime: 18.5 sec
   PDU Id: 0x11be
   X.224 COTP Connect Request:
    src_ref: 0x01f4 dst_ref: 0x0000
    Initial Credit: 1
    Protocol class: 4
    Options: 00 (use normal PDU formats)
    TPDU size (bytes): 1024
    Called/responding transport selector: 63 70
    Calling transport selector: 04 01
    Priority: 3
    Additional options: 0x00
    Ack time (ms): 1000
    Inactivity timer (ms): 360000
    Checksum: ec ba
    ATN checksum: c7 9e 00 2c

[2025-08-25 20:59:37.454 CEST] [136.975] [-7.4/-49.0 dBFS] [41.7 dB] [0.9 ppm]
GROUND_Y (Ground station, On ground) -> AIRCRAFT (Aircraft): Command
AVLC type: I sseq: 4 rseq: 2 poll: 0
 X.25 Data: grp: 11 chan: 255 sseq: 7 rseq: 7 more: 0
  X.25 reasm status: skipped
  X.233 CLNP Data (compressed header):
   LRef: 0x0 Prio: 11 Flags: 0xd6
   Lifetime: 18.5 sec
   PDU Id: 0x11be
   X.224 COTP Connect Request:
    src_ref: 0x01f4 dst_ref: 0x0000
    Initial Credit: 1
    Protocol class: 4
    Options: 00 (use normal PDU formats)
    TPDU size (bytes): 1024
    Called/responding transport selector: 63 70
    Calling transport selector: 04 01
    Priority: 3
    Additional options: 0x00
    Ack time (ms): 1000
    Inactivity timer (ms): 360000
    Checksum: ec ba
    ATN checksum: c7 9e 00 2c


[2025-08-25 20:59:41.567 CEST] [136.975] [-7.4/-49.3 dBFS] [41.8 dB] [1.0 ppm]
GROUND_Y (Ground station, On ground) -> AIRCRAFT (Aircraft): Command
AVLC type: I sseq: 4 rseq: 2 poll: 0
 X.25 Data: grp: 11 chan: 255 sseq: 7 rseq: 7 more: 0
  X.25 reasm status: skipped
  X.233 CLNP Data (compressed header):
   LRef: 0x0 Prio: 11 Flags: 0xd6
   Lifetime: 18.5 sec
   PDU Id: 0x11be
   X.224 COTP Connect Request:
    src_ref: 0x01f4 dst_ref: 0x0000
    Initial Credit: 1
    Protocol class: 4
    Options: 00 (use normal PDU formats)
    TPDU size (bytes): 1024
    Called/responding transport selector: 63 70
    Calling transport selector: 04 01
    Priority: 3
    Additional options: 0x00
    Ack time (ms): 1000
    Inactivity timer (ms): 360000
    Checksum: ec ba
    ATN checksum: c7 9e 00 2c

[2025-08-25 20:59:45.378 CEST] [136.975] [-7.4/-49.3 dBFS] [41.9 dB] [1.0 ppm]
GROUND_Y (Ground station, On ground) -> AIRCRAFT (Aircraft): Command
AVLC type: I sseq: 5 rseq: 2 poll: 0
 X.25 Data: grp: 11 chan: 255 sseq: 0 rseq: 7 more: 0
  X.25 reasm status: skipped
  X.233 CLNP Data (compressed header):
   LRef: 0x0 Prio: 11 Flags: 0xd6
   Lifetime: 18.5 sec
   PDU Id: 0x11c0
   X.224 COTP Connect Request:
    src_ref: 0x01f4 dst_ref: 0x0000
    Initial Credit: 1
    Protocol class: 4
    Options: 00 (use normal PDU formats)
    TPDU size (bytes): 1024
    Called/responding transport selector: 63 70
    Calling transport selector: 04 01
    Priority: 3
    Additional options: 0x00
    Ack time (ms): 1000
    Inactivity timer (ms): 360000
    Checksum: ec ba
    ATN checksum: c7 9e 00 2c

[2025-08-25 20:59:45.988 CEST] [136.975] [-7.5/-49.2 dBFS] [41.7 dB] [1.0 ppm]
GROUND_Y (Ground station, On ground) -> AIRCRAFT (Aircraft): Command
AVLC type: I sseq: 4 rseq: 2 poll: 0
 X.25 Data: grp: 11 chan: 255 sseq: 7 rseq: 7 more: 0
  X.25 reasm status: skipped
  X.233 CLNP Data (compressed header):
   LRef: 0x0 Prio: 11 Flags: 0xd6
   Lifetime: 18.5 sec
   PDU Id: 0x11be
   X.224 COTP Connect Request:
    src_ref: 0x01f4 dst_ref: 0x0000
    Initial Credit: 1
    Protocol class: 4
    Options: 00 (use normal PDU formats)
    TPDU size (bytes): 1024
    Called/responding transport selector: 63 70
    Calling transport selector: 04 01
    Priority: 3
    Additional options: 0x00
    Ack time (ms): 1000
    Inactivity timer (ms): 360000
    Checksum: ec ba
    ATN checksum: c7 9e 00 2c

[2025-08-25 20:59:45.988 CEST] [136.975] [-7.5/-49.2 dBFS] [41.7 dB] [1.0 ppm]
GROUND_Y (Ground station, On ground) -> AIRCRAFT (Aircraft): Command
AVLC type: I sseq: 5 rseq: 2 poll: 0
 X.25 Data: grp: 11 chan: 255 sseq: 0 rseq: 7 more: 0
  X.25 reasm status: skipped
  X.233 CLNP Data (compressed header):
   LRef: 0x0 Prio: 11 Flags: 0xd6
   Lifetime: 18.5 sec
   PDU Id: 0x11c0
   X.224 COTP Connect Request:
    src_ref: 0x01f4 dst_ref: 0x0000
    Initial Credit: 1
    Protocol class: 4
    Options: 00 (use normal PDU formats)
    TPDU size (bytes): 1024
    Called/responding transport selector: 63 70
    Calling transport selector: 04 01
    Priority: 3
    Additional options: 0x00
    Ack time (ms): 1000
    Inactivity timer (ms): 360000
    Checksum: ec ba
    ATN checksum: c7 9e 00 2c

[2025-08-25 20:59:49.492 CEST] [136.975] [-7.5/-49.2 dBFS] [41.7 dB] [0.9 ppm]
GROUND_Y (Ground station, On ground) -> AIRCRAFT (Aircraft): Command
AVLC type: I sseq: 4 rseq: 2 poll: 0
 X.25 Data: grp: 11 chan: 255 sseq: 7 rseq: 7 more: 0
  X.25 reasm status: skipped
  X.233 CLNP Data (compressed header):
   LRef: 0x0 Prio: 11 Flags: 0xd6
   Lifetime: 18.5 sec
   PDU Id: 0x11be
   X.224 COTP Connect Request:
    src_ref: 0x01f4 dst_ref: 0x0000
    Initial Credit: 1
    Protocol class: 4
    Options: 00 (use normal PDU formats)
    TPDU size (bytes): 1024
    Called/responding transport selector: 63 70
    Calling transport selector: 04 01
    Priority: 3
    Additional options: 0x00
    Ack time (ms): 1000
    Inactivity timer (ms): 360000
    Checksum: ec ba
    ATN checksum: c7 9e 00 2c

[2025-08-25 20:59:49.492 CEST] [136.975] [-7.5/-49.2 dBFS] [41.7 dB] [0.9 ppm]
GROUND_Y (Ground station, On ground) -> AIRCRAFT (Aircraft): Command
AVLC type: I sseq: 5 rseq: 2 poll: 0
 X.25 Data: grp: 11 chan: 255 sseq: 0 rseq: 7 more: 0
  X.25 reasm status: skipped
  X.233 CLNP Data (compressed header):
   LRef: 0x0 Prio: 11 Flags: 0xd6
   Lifetime: 18.5 sec
   PDU Id: 0x11c0
   X.224 COTP Connect Request:
    src_ref: 0x01f4 dst_ref: 0x0000
    Initial Credit: 1
    Protocol class: 4
    Options: 00 (use normal PDU formats)
    TPDU size (bytes): 1024
    Called/responding transport selector: 63 70
    Calling transport selector: 04 01
    Priority: 3
    Additional options: 0x00
    Ack time (ms): 1000
    Inactivity timer (ms): 360000
    Checksum: ec ba
    ATN checksum: c7 9e 00 2c

[2025-08-25 20:59:54.368 CEST] [136.975] [-7.4/-49.2 dBFS] [41.8 dB] [1.0 ppm]
GROUND_Y (Ground station, On ground) -> AIRCRAFT (Aircraft): Command
AVLC type: I sseq: 6 rseq: 2 poll: 0
 X.25 Data: grp: 11 chan: 255 sseq: 1 rseq: 7 more: 0
  X.25 reasm status: skipped
  X.233 CLNP Data (compressed header):
   LRef: 0x0 Prio: 8 Flags: 0xd6
   Lifetime: 18.5 sec
   PDU Id: 0x11c1
   X.224 COTP Data:
    dst_ref: 0x0036
    sseq: 0 req_of_ack: 0 EoT: 1
    COTP reasm status: skipped
    ATN checksum: c0 b8 e2 e0
    X.225 Session SPDU: Short Refuse
     Refusal: persistent
     Transport connection: release
     X.227 ACSE Associate Response:
      Application context name: { 1.3.27.3.0 }
      Associate result: reject (permanent)
      ATN Context Management - Logon Response:
       Ground-only-initiated applications:
        Application Entity Qualifier: 22
        Version number: 1

[2025-08-25 20:59:57.722 CEST] [136.975] [-7.3/-49.3 dBFS] [42.0 dB] [1.0 ppm]
GROUND_Y (Ground station, On ground) -> AIRCRAFT (Aircraft): Command
AVLC type: I sseq: 4 rseq: 2 poll: 0
 X.25 Data: grp: 11 chan: 255 sseq: 7 rseq: 7 more: 0
  X.25 reasm status: skipped
  X.233 CLNP Data (compressed header):
   LRef: 0x0 Prio: 11 Flags: 0xd6
   Lifetime: 18.5 sec
   PDU Id: 0x11be
   X.224 COTP Connect Request:
    src_ref: 0x01f4 dst_ref: 0x0000
    Initial Credit: 1
    Protocol class: 4
    Options: 00 (use normal PDU formats)
    TPDU size (bytes): 1024
    Called/responding transport selector: 63 70
    Calling transport selector: 04 01
    Priority: 3
    Additional options: 0x00
    Ack time (ms): 1000
    Inactivity timer (ms): 360000
    Checksum: ec ba
    ATN checksum: c7 9e 00 2c

[2025-08-25 20:59:57.722 CEST] [136.975] [-7.3/-49.3 dBFS] [42.0 dB] [1.0 ppm]
GROUND_Y (Ground station, On ground) -> AIRCRAFT (Aircraft): Command
AVLC type: I sseq: 5 rseq: 2 poll: 0
 X.25 Data: grp: 11 chan: 255 sseq: 0 rseq: 7 more: 0
  X.25 reasm status: skipped
  X.233 CLNP Data (compressed header):
   LRef: 0x0 Prio: 11 Flags: 0xd6
   Lifetime: 18.5 sec
   PDU Id: 0x11c0
   X.224 COTP Connect Request:
    src_ref: 0x01f4 dst_ref: 0x0000
    Initial Credit: 1
    Protocol class: 4
    Options: 00 (use normal PDU formats)
    TPDU size (bytes): 1024
    Called/responding transport selector: 63 70
    Calling transport selector: 04 01
    Priority: 3
    Additional options: 0x00
    Ack time (ms): 1000
    Inactivity timer (ms): 360000
    Checksum: ec ba
    ATN checksum: c7 9e 00 2c

[2025-08-25 20:59:57.722 CEST] [136.975] [-7.3/-49.3 dBFS] [42.0 dB] [1.0 ppm]
GROUND_Y (Ground station, On ground) -> AIRCRAFT (Aircraft): Command
AVLC type: I sseq: 6 rseq: 2 poll: 0
 X.25 Data: grp: 11 chan: 255 sseq: 1 rseq: 7 more: 0
  X.25 reasm status: skipped
  X.233 CLNP Data (compressed header):
   LRef: 0x0 Prio: 8 Flags: 0xd6
   Lifetime: 18.5 sec
   PDU Id: 0x11c1
   X.224 COTP Data:
    dst_ref: 0x0036
    sseq: 0 req_of_ack: 0 EoT: 1
    COTP reasm status: skipped
    ATN checksum: c0 b8 e2 e0
    X.225 Session SPDU: Short Refuse
     Refusal: persistent
     Transport connection: release
     X.227 ACSE Associate Response:
      Application context name: { 1.3.27.3.0 }
      Associate result: reject (permanent)
      ATN Context Management - Logon Response:
       Ground-only-initiated applications:
        Application Entity Qualifier: 22
        Version number: 1

[2025-08-25 21:00:02.750 CEST] [136.975] [-7.5/-49.2 dBFS] [41.7 dB] [0.9 ppm]
GROUND_Y (Ground station, On ground) -> AIRCRAFT (Aircraft): Command
AVLC type: I sseq: 7 rseq: 2 poll: 1
 X.25 Data: grp: 11 chan: 255 sseq: 2 rseq: 7 more: 0
  X.25 reasm status: skipped
  X.233 CLNP Data (compressed header):
   LRef: 0x0 Prio: 8 Flags: 0xd6
   Lifetime: 18.5 sec
   PDU Id: 0x11c2
   X.224 COTP Disconnect Request:
    src_ref: 0x01f2 dst_ref: 0x0035
    Reason: 133 (Protocol error)
    ATN checksum: a7 d0 4c 4c

[2025-08-25 21:00:18.290 CEST] [136.975] [-9.9/-48.8 dBFS] [38.9 dB] [1.0 ppm]
GROUND_X (Ground station, On ground) -> FFFFFF (Aircraft): Command
AVLC type: U (XID) P/F: 0
 XID: Ground Station Information Frame
  Public params:
   Parameter set ID: 8885:1993
   Procedure classes: 00 01
   HDLC options: 20 a4 88
  VDL params:
   Parameter set ID: V
   AVLC specific options: 64
   Frequency support list:
    Ground station: xxxxxx
     Frequency: 136.875 MHz (VDL-M2, D8PSK, 31500 bps)
    Ground station: xxxxxx
     Frequency: 136.875 MHz (VDL-M2, D8PSK, 31500 bps)
   Timer T4: 00 02
   Airport coverage: xxxx
   ATN router NETs: 53 49 54 00 00 01	"SIT..."
   System mask: 200000
   Ground station location: xN yE

[2025-08-25 21:00:18.293 CEST] [136.975] [1.8/-49.1 dBFS] [50.9 dB] [0.3 ppm]
AIRCRAFT (Aircraft, On ground) -> GROUND_X (Ground station): Command
AVLC type: U (XID) P/F: 1
 XID: Link Establishment
  Public params:
   Parameter set ID: 8885:1993
   HDLC options: 20 84 80
   Procedure classes: 00 01
  VDL params:
   Parameter set ID: V
   Connection management: 00
   XID sequencing: seq: 7 retry: 0
   AVLC specific options: 24
   Modulation support: VDL-M2, D8PSK, 31500 bps
   Aircraft location: xN yE 0 ft

[2025-08-25 21:00:18.444 CEST] [136.975] [-9.8/-49.1 dBFS] [39.2 dB] [1.0 ppm]
GROUND_X (Ground station, On ground) -> AIRCRAFT (Aircraft): Response
AVLC type: U (XID) P/F: 1
 XID: Link Establishment Response
  Public params:
   Parameter set ID: 8885:1993
   Procedure classes: 00 01
   HDLC options: 20 a4 88
  VDL params:
   Parameter set ID: V
   Connection management: 00
   XID sequencing: seq: 7 retry: 0
   AVLC specific options: 64
   Airport coverage: xxxx
   ATN router NETs: 53 49 54 00 00 01	"SIT..."
   System mask: 200000
   Ground station location: xN yE

[2025-08-25 21:00:18.446 CEST] [136.975] [1.7/-49.1 dBFS] [50.9 dB] [0.1 ppm]
AIRCRAFT (Aircraft, On ground) -> GROUND_X (Ground station): Command
AVLC type: I sseq: 0 rseq: 0 poll: 0
 ACARS:
  Reassembly: skipped
  Reg: ..CPDLC Flight: HB0000
  Mode: 2 Label: Q0 Blk id: 1 More: 0 Ack: ! Msg num: M30A

[2025-08-25 21:00:18.903 CEST] [136.975] [-13.7/-49.6 dBFS] [35.9 dB] [1.1 ppm]
GROUND_X (Ground station, On ground) -> AIRCRAFT (Aircraft): Command
AVLC type: I sseq: 0 rseq: 1 poll: 0
 ACARS:
  Reassembly: skipped
  Reg: ..CPDLC
  Mode: 2 Label: _d Blk id: A More: 0 Ack: 1

[2025-08-25 21:00:19.054 CEST] [136.975] [1.8/-49.2 dBFS] [50.9 dB] [0.3 ppm]
AIRCRAFT (Aircraft, On ground) -> GROUND_X (Ground station): Command
AVLC type: I sseq: 1 rseq: 1 poll: 0
 X.25 Call Request: grp: 11 chan: 255 src: 22677777 dst: none
  Facilities:
   Fast Select: requested
   Called address extension: 8c 53 49 54 00 00 01	".SIT..."
  Compression support: LREF, LREF-CAN
  M/I: 0
  ES-IS IS Hello: Hold Time: 30 sec
   NET: 47 00 27 c1 53 55 49 00 xx xx xx 01 01 55 4c 38 30 58 31 00	"G.'.SUI.K....UL80X1."

[2025-08-25 21:00:22.252 CEST] [136.975] [-10.0/-49.4 dBFS] [39.4 dB] [1.1 ppm]
GROUND_X (Ground station, On ground) -> AIRCRAFT (Aircraft): Command
AVLC type: I sseq: 0 rseq: 1 poll: 0
 ACARS:
  Reassembly: skipped
  Reg: ..CPDLC
  Mode: 2 Label: _d Blk id: A More: 0 Ack: 1

[2025-08-25 21:00:26.826 CEST] [136.975] [-10.0/-49.4 dBFS] [39.4 dB] [1.1 ppm]
GROUND_X (Ground station, On ground) -> AIRCRAFT (Aircraft): Command
AVLC type: I sseq: 0 rseq: 1 poll: 0
 ACARS:
  Reassembly: skipped
  Reg: ..CPDLC
  Mode: 2 Label: _d Blk id: A More: 0 Ack: 1

[2025-08-25 21:00:30.787 CEST] [136.975] [-10.1/-49.4 dBFS] [39.3 dB] [1.0 ppm]
GROUND_X (Ground station, On ground) -> AIRCRAFT (Aircraft): Command
AVLC type: I sseq: 0 rseq: 1 poll: 0
 ACARS:
  Reassembly: skipped
  Reg: ..CPDLC
  Mode: 2 Label: _d Blk id: A More: 0 Ack: 1

[2025-08-25 21:00:36.732 CEST] [136.975] [-10.0/-49.4 dBFS] [39.5 dB] [1.1 ppm]
GROUND_X (Ground station, On ground) -> AIRCRAFT (Aircraft): Command
AVLC type: I sseq: 0 rseq: 1 poll: 0
 ACARS:
  Reassembly: skipped
  Reg: ..CPDLC
  Mode: 2 Label: _d Blk id: A More: 0 Ack: 1

[2025-08-25 21:00:45.110 CEST] [136.975] [-7.7/-49.0 dBFS] [41.3 dB] [1.1 ppm]
GROUND_X (Ground station, On ground) -> AIRCRAFT (Aircraft): Command
AVLC type: I sseq: 0 rseq: 1 poll: 0
 ACARS:
  Reassembly: skipped
  Reg: ..CPDLC
  Mode: 2 Label: _d Blk id: A More: 0 Ack: 1

